tlg_author_id,tlg_work_id,relationship,journal_status,source_urn,source_url,source_local_path,source_sha256,source_license,evidence_file
0007,001,VERIFIED_ALTERNATE_EDITION,OPEN_TEXT_DIFFERENT_EDITION,urn:cts:greekLit:tlg0007.tlg001.perseus-grc2,https://scaife.perseus.org/reader/urn:cts:greekLit:tlg0007.tlg001.perseus-grc2,sources/upstream/perseus-canonical-greekLit/data/tlg0007/tlg001/tlg0007.tlg001.perseus-grc2.xml,003e5fa25ad144fda1985859365093027ed8baf0d260777b8d63e57d33d8e5de,https://creativecommons.org/licenses/by-sa/4.0/ Available under a Creative Commons Attribution-ShareAlike 4.0 International License,data/research_batches/detailed_verified_3001_batch_556.csv
0007,002,VERIFIED_ALTERNATE_EDITION,OPEN_TEXT_DIFFERENT_EDITION,urn:cts:greekLit:tlg0007.tlg002.perseus-grc2,https://scaife.perseus.org/reader/urn:cts:greekLit:tlg0007.tlg002.perseus-grc2,sources/upstream/perseus-canonical-greekLit/data/tlg0007/tlg002/tlg0007.tlg002.perseus-grc2.xml,a3ca10805b3ebee524c1bd4225975a672dff9eb8981dc8c80f2586bcced127a3,https://creativecommons.org/licenses/by-sa/4.0/ Available under a Creative Commons Attribution-ShareAlike 4.0 International License,data/research_batches/detailed_verified_3001_batch_556.csv
0007,003,VERIFIED_ALTERNATE_EDITION,OPEN_TEXT_DIFFERENT_EDITION,urn:cts:greekLit:tlg0007.tlg003.perseus-grc2,https://scaife.perseus.org/reader/urn:cts:greekLit:tlg0007.tlg003.perseus-grc2,sources/upstream/perseus-canonical-greekLit/data/tlg0007/tlg003/tlg0007.tlg003.perseus-grc2.xml,b6bc9ab4371a9197fed3e139e7495a615a6bcd8c77c5f211b5e8f89c459c0c80,https://creativecommons.org/licenses/by-sa/4.0/ Available under a Creative Commons Attribution-ShareAlike 4.0 International License,data/research_batches/detailed_verified_3001_batch_556.csv
0007,004,VERIFIED_ALTERNATE_EDITION,OPEN_TEXT_DIFFERENT_EDITION,urn:cts:greekLit:tlg0007.tlg004.perseus-grc2,https://scaife.perseus.org/reader/urn:cts:greekLit:tlg0007.tlg004.perseus-grc2,sources/upstream/perseus-canonical-greekLit/data/tlg0007/tlg004/tlg0007.tlg004.perseus-grc2.xml,c1d2599fcd5d60c388b495c1c3fde53f1d7be1e7722991a71c4de9c5a45545f0,https://creativecommons.org/licenses/by-sa/4.0/ Available under a Creative Commons Attribution-ShareAlike 4.0 International License,data/research_batches/detailed_verified_3001_batch_556.csv
0007,007,VERIFIED_ALTERNATE_EDITION,OPEN_TEXT_DIFFERENT_EDITION,urn:cts:greekLit:tlg0007.tlg007.perseus-grc2,https://scaife.perseus.org/reader/urn:cts:greekLit:tlg0007.tlg007.perseus-grc2,sources/upstream/perseus-canonical-greekLit/data/tlg0007/tlg007/tlg0007.tlg007.perseus-grc2.xml,91c21b15d6ed5347ac592172b23600fc03c1c68925dd6dc4fbcb507454dd95a8,https://creativecommons.org/licenses/by-sa/4.0/ Available under a Creative Commons Attribution-ShareAlike 4.0 International License,data/research_batches/detailed_verified_3001_batch_557.csv
0007,008,VERIFIED_ALTERNATE_EDITION,OPEN_TEXT_DIFFERENT_EDITION,urn:cts:greekLit:tlg0007.tlg008.perseus-grc2,https://scaife.perseus.org/reader/urn:cts:greekLit:tlg0007.tlg008.perseus-grc2,sources/upstream/perseus-canonical-greekLit/data/tlg0007/tlg008/tlg0007.tlg008.perseus-grc2.xml,6170a1a91b30416d3e30f7297ede3d203f00c85deeb0d8e032c79ea8e28ca026,https://creativecommons.org/licenses/by-sa/4.0/ Available under a Creative Commons Attribution-ShareAlike 4.0 International License,data/research_batches/detailed_verified_3001_batch_557.csv
0007,009,VERIFIED_ALTERNATE_EDITION,OPEN_TEXT_DIFFERENT_EDITION,urn:cts:greekLit:tlg0007.tlg009.perseus-grc2,https://scaife.perseus.org/reader/urn:cts:greekLit:tlg0007.tlg009.perseus-grc2,sources/upstream/perseus-canonical-greekLit/data/tlg0007/tlg009/tlg0007.tlg009.perseus-grc2.xml,208eae83cc694b061af6ca6f4895c3372b2f3d49f42eba60513b6d140ff830a1,https://creativecommons.org/licenses/by-sa/4.0/ Available under a Creative Commons Attribution-ShareAlike 4.0 International License,data/research_batches/detailed_verified_3001_batch_557.csv
0007,010,VERIFIED_ALTERNATE_EDITION,OPEN_TEXT_DIFFERENT_EDITION,urn:cts:greekLit:tlg0007.tlg010.perseus-grc2,https://scaife.perseus.org/reader/urn:cts:greekLit:tlg0007.tlg010.perseus-grc2,sources/upstream/perseus-canonical-greekLit/data/tlg0007/tlg010/tlg0007.tlg010.perseus-grc2.xml,d7c26d0f08285eaae6c3b66c4bba7c37a20ebc845a5ca1df2975bfc6c82ef47d,https://creativecommons.org/licenses/by-sa/4.0/ Available under a Creative Commons Attribution-ShareAlike 4.0 International License,data/research_batches/detailed_verified_3001_batch_557.csv
0007,011,VERIFIED_ALTERNATE_EDITION,OPEN_TEXT_DIFFERENT_EDITION,urn:cts:greekLit:tlg0007.tlg011.perseus-grc2,https://scaife.perseus.org/reader/urn:cts:greekLit:tlg0007.tlg011.perseus-grc2,sources/upstream/perseus-canonical-greekLit/data/tlg0007/tlg011/tlg0007.tlg011.perseus-grc2.xml,2f9eb157dac1c430f1c50e1daf10d66da154eb9d78bfa7dfa6b022374202432d,https://creativecommons.org/licenses/by-sa/4.0/ Available under a Creative Commons Attribution-ShareAlike 4.0 International License,data/research_batches/detailed_verified_3001_batch_558.csv
0007,012,VERIFIED_ALTERNATE_EDITION,OPEN_TEXT_DIFFERENT_EDITION,urn:cts:greekLit:tlg0007.tlg012.perseus-grc2,https://scaife.perseus.org/reader/urn:cts:greekLit:tlg0007.tlg012.perseus-grc2,sources/upstream/perseus-canonical-greekLit/data/tlg0007/tlg012/tlg0007.tlg012.perseus-grc2.xml,b11903e9b9e0a814278e07a4f1bc5e748203defc911b3a612f82a9261c4e7600,https://creativecommons.org/licenses/by-sa/4.0/ Available under a Creative Commons Attribution-ShareAlike 4.0 International License,data/research_batches/detailed_verified_3001_batch_558.csv
0007,013,VERIFIED_ALTERNATE_EDITION,OPEN_TEXT_DIFFERENT_EDITION,urn:cts:greekLit:tlg0007.tlg013.perseus-grc2,https://scaife.perseus.org/reader/urn:cts:greekLit:tlg0007.tlg013.perseus-grc2,sources/upstream/perseus-canonical-greekLit/data/tlg0007/tlg013/tlg0007.tlg013.perseus-grc2.xml,06dbc8e365eedd79e707ad8057b25656da1497e2c2928552401e947f3d6d9aaf,https://creativecommons.org/licenses/by-sa/4.0/ Available under a Creative Commons Attribution-ShareAlike 4.0 International License,data/research_batches/detailed_verified_3001_batch_558.csv
0007,014,VERIFIED_ALTERNATE_EDITION,OPEN_TEXT_DIFFERENT_EDITION,urn:cts:greekLit:tlg0007.tlg014.perseus-grc2,https://scaife.perseus.org/reader/urn:cts:greekLit:tlg0007.tlg014.perseus-grc2,sources/upstream/perseus-canonical-greekLit/data/tlg0007/tlg014/tlg0007.tlg014.perseus-grc2.xml,07fbdea93be3f20ac7354c4862eef021db596a811ebd1f8ed5311764c53ffd70,https://creativecommons.org/licenses/by-sa/4.0/ Available under a Creative Commons Attribution-ShareAlike 4.0 International License,data/research_batches/detailed_verified_3001_batch_558.csv
0007,015,VERIFIED_ALTERNATE_EDITION,OPEN_TEXT_DIFFERENT_EDITION,urn:cts:greekLit:tlg0007.tlg015.perseus-grc2,https://scaife.perseus.org/reader/urn:cts:greekLit:tlg0007.tlg015.perseus-grc2,sources/upstream/perseus-canonical-greekLit/data/tlg0007/tlg015/tlg0007.tlg015.perseus-grc2.xml,0b7775e400c5c4ec6b6ea67a515ff474a08ad203cf5b0dcba2b696d831ed7117,https://creativecommons.org/licenses/by-sa/4.0/ Available under a Creative Commons Attribution-ShareAlike 4.0 International License,data/research_batches/detailed_verified_3001_batch_558.csv
0007,016,VERIFIED_ALTERNATE_EDITION,OPEN_TEXT_DIFFERENT_EDITION,urn:cts:greekLit:tlg0007.tlg016.perseus-grc2,https://scaife.perseus.org/reader/urn:cts:greekLit:tlg0007.tlg016.perseus-grc2,sources/upstream/perseus-canonical-greekLit/data/tlg0007/tlg016/tlg0007.tlg016.perseus-grc2.xml,e7336d33063416538606c9d33aa2387e7d732721b0d6b1ab690c0273c92be8bc,https://creativecommons.org/licenses/by-sa/4.0/ Available under a Creative Commons Attribution-ShareAlike 4.0 International License,data/research_batches/detailed_verified_3001_batch_559.csv
0007,017,VERIFIED_ALTERNATE_EDITION,OPEN_TEXT_DIFFERENT_EDITION,urn:cts:greekLit:tlg0007.tlg017.perseus-grc2,https://scaife.perseus.org/reader/urn:cts:greekLit:tlg0007.tlg017.perseus-grc2,sources/upstream/perseus-canonical-greekLit/data/tlg0007/tlg017/tlg0007.tlg017.perseus-grc2.xml,a7ca431e10239507592f9d0bb0a988d5f3da82e00f746dda4460caf2758f989c,https://creativecommons.org/licenses/by-sa/4.0/ Available under a Creative Commons Attribution-ShareAlike 4.0 International License,data/research_batches/detailed_verified_3001_batch_559.csv
0007,018,VERIFIED_ALTERNATE_EDITION,OPEN_TEXT_DIFFERENT_EDITION,urn:cts:greekLit:tlg0007.tlg018.perseus-grc2,https://scaife.perseus.org/reader/urn:cts:greekLit:tlg0007.tlg018.perseus-grc2,sources/upstream/perseus-canonical-greekLit/data/tlg0007/tlg018/tlg0007.tlg018.perseus-grc2.xml,71d2700c7bc8ff8e12484fcd904ed6201823b59580fe9d430165b140acbea65d,https://creativecommons.org/licenses/by-sa/4.0/ Available under a Creative Commons Attribution-ShareAlike 4.0 International License,data/research_batches/detailed_verified_3001_batch_559.csv
0007,019,VERIFIED_ALTERNATE_EDITION,OPEN_TEXT_DIFFERENT_EDITION,urn:cts:greekLit:tlg0007.tlg019.perseus-grc2,https://scaife.perseus.org/reader/urn:cts:greekLit:tlg0007.tlg019.perseus-grc2,sources/upstream/perseus-canonical-greekLit/data/tlg0007/tlg019/tlg0007.tlg019.perseus-grc2.xml,20f4e21914a524c1eb95b94cc0b46f468954a11716b6ad3e48a2b25555a077ad,https://creativecommons.org/licenses/by-sa/4.0/ Available under a Creative Commons Attribution-ShareAlike 4.0 International License,data/research_batches/detailed_verified_3001_batch_559.csv
0007,020,VERIFIED_ALTERNATE_EDITION,OPEN_TEXT_DIFFERENT_EDITION,urn:cts:greekLit:tlg0007.tlg020.perseus-grc2,https://scaife.perseus.org/reader/urn:cts:greekLit:tlg0007.tlg020.perseus-grc2,sources/upstream/perseus-canonical-greekLit/data/tlg0007/tlg020/tlg0007.tlg020.perseus-grc2.xml,7106cd17c54be93d769543cc357e6db22330030c92cb36eab0041bea3dda18a4,https://creativecommons.org/licenses/by-sa/4.0/ Available under a Creative Commons Attribution-ShareAlike 4.0 International License,data/research_batches/detailed_verified_3001_batch_559.csv
0007,021,VERIFIED_ALTERNATE_EDITION,OPEN_TEXT_DIFFERENT_EDITION,urn:cts:greekLit:tlg0007.tlg021.perseus-grc2,https://scaife.perseus.org/reader/urn:cts:greekLit:tlg0007.tlg021.perseus-grc2,sources/upstream/perseus-canonical-greekLit/data/tlg0007/tlg021/tlg0007.tlg021.perseus-grc2.xml,07fac67152be8b2af9acc4cb46ae265d7b1027b055dfdcfa518156955c5d7218,https://creativecommons.org/licenses/by-sa/4.0/ Available under a Creative Commons Attribution-ShareAlike 4.0 International License,data/research_batches/detailed_verified_3001_batch_560.csv
0007,022,VERIFIED_ALTERNATE_EDITION,OPEN_TEXT_DIFFERENT_EDITION,urn:cts:greekLit:tlg0007.tlg022.perseus-grc2,https://scaife.perseus.org/reader/urn:cts:greekLit:tlg0007.tlg022.perseus-grc2,sources/upstream/perseus-canonical-greekLit/data/tlg0007/tlg022/tlg0007.tlg022.perseus-grc2.xml,a3c4baad3e80e34d2294b8ab776a7ee24f42c60a4d17135129622b4bc2de8e3e,https://creativecommons.org/licenses/by-sa/4.0/ Available under a Creative Commons Attribution-ShareAlike 4.0 International License,data/research_batches/detailed_verified_3001_batch_560.csv
0007,023,VERIFIED_ALTERNATE_EDITION,OPEN_TEXT_DIFFERENT_EDITION,urn:cts:greekLit:tlg0007.tlg023.perseus-grc2,https://scaife.perseus.org/reader/urn:cts:greekLit:tlg0007.tlg023.perseus-grc2,sources/upstream/perseus-canonical-greekLit/data/tlg0007/tlg023/tlg0007.tlg023.perseus-grc2.xml,d73aaaf39f880fc398aa5af178981b739d7a80fbda1cea0a88059c349e64200d,https://creativecommons.org/licenses/by-sa/4.0/ Available under a Creative Commons Attribution-ShareAlike 4.0 International License,data/research_batches/detailed_verified_3001_batch_560.csv
0007,024,VERIFIED_ALTERNATE_EDITION,OPEN_TEXT_DIFFERENT_EDITION,urn:cts:greekLit:tlg0007.tlg024.perseus-grc2,https://scaife.perseus.org/reader/urn:cts:greekLit:tlg0007.tlg024.perseus-grc2,sources/upstream/perseus-canonical-greekLit/data/tlg0007/tlg024/tlg0007.tlg024.perseus-grc2.xml,28024da667b213344cd091d27f605a0ed3c0b1b18df69774245e6df4fa28b09c,https://creativecommons.org/licenses/by-sa/4.0/ Available under a Creative Commons Attribution-ShareAlike 4.0 International License,data/research_batches/detailed_verified_3001_batch_560.csv
0007,025,VERIFIED_ALTERNATE_EDITION,OPEN_TEXT_DIFFERENT_EDITION,urn:cts:greekLit:tlg0007.tlg025.perseus-grc2,https://scaife.perseus.org/reader/urn:cts:greekLit:tlg0007.tlg025.perseus-grc2,sources/upstream/perseus-canonical-greekLit/data/tlg0007/tlg025/tlg0007.tlg025.perseus-grc2.xml,82749640f7c6164e82dbde75b8e44acc517100b5d288752c2fc251bfa5374807,https://creativecommons.org/licenses/by-sa/4.0/ Available under a Creative Commons Attribution-ShareAlike 4.0 International License,data/research_batches/detailed_verified_3001_batch_560.csv
0007,026,VERIFIED_ALTERNATE_EDITION,OPEN_TEXT_DIFFERENT_EDITION,urn:cts:greekLit:tlg0007.tlg026.perseus-grc2,https://scaife.perseus.org/reader/urn:cts:greekLit:tlg0007.tlg026.perseus-grc2,sources/upstream/perseus-canonical-greekLit/data/tlg0007/tlg026/tlg0007.tlg026.perseus-grc2.xml,e25e3c704d4aa19cd8a4762f235b55fcea40a9c32901eba02906af2f4a0a76f4,https://creativecommons.org/licenses/by-sa/4.0/ Available under a Creative Commons Attribution-ShareAlike 4.0 International License,data/research_batches/detailed_verified_3001_batch_561.csv
0007,027,VERIFIED_ALTERNATE_EDITION,OPEN_TEXT_DIFFERENT_EDITION,urn:cts:greekLit:tlg0007.tlg027.perseus-grc2,https://scaife.perseus.org/reader/urn:cts:greekLit:tlg0007.tlg027.perseus-grc2,sources/upstream/perseus-canonical-greekLit/data/tlg0007/tlg027/tlg0007.tlg027.perseus-grc2.xml,8c2bad1690eac57647416ca83f6ba1b659b981ac0dc1943047c145c24aa0342b,https://creativecommons.org/licenses/by-sa/4.0/ Available under a Creative Commons Attribution-ShareAlike 4.0 International License,data/research_batches/detailed_verified_3001_batch_561.csv
0007,028,VERIFIED_ALTERNATE_EDITION,OPEN_TEXT_DIFFERENT_EDITION,urn:cts:greekLit:tlg0007.tlg028.perseus-grc2,https://scaife.perseus.org/reader/urn:cts:greekLit:tlg0007.tlg028.perseus-grc2,sources/upstream/perseus-canonical-greekLit/data/tlg0007/tlg028/tlg0007.tlg028.perseus-grc2.xml,5e05b6487955ec5244ca0bfde2e1cb03e2ee9f6b1b4bdb4ac4e20d32f2e0d504,https://creativecommons.org/licenses/by-sa/4.0/ Available under a Creative Commons Attribution-ShareAlike 4.0 International License,data/research_batches/detailed_verified_3001_batch_561.csv
0007,029,VERIFIED_ALTERNATE_EDITION,OPEN_TEXT_DIFFERENT_EDITION,urn:cts:greekLit:tlg0007.tlg029.perseus-grc2,https://scaife.perseus.org/reader/urn:cts:greekLit:tlg0007.tlg029.perseus-grc2,sources/upstream/perseus-canonical-greekLit/data/tlg0007/tlg029/tlg0007.tlg029.perseus-grc2.xml,5f37cff922bb74d7960a02a4bd37b32b34da2a07a30730e197e2b1071cfb080d,https://creativecommons.org/licenses/by-sa/4.0/ Available under a Creative Commons Attribution-ShareAlike 4.0 International License,data/research_batches/detailed_verified_3001_batch_561.csv
0007,030,VERIFIED_ALTERNATE_EDITION,OPEN_TEXT_DIFFERENT_EDITION,urn:cts:greekLit:tlg0007.tlg030.perseus-grc2,https://scaife.perseus.org/reader/urn:cts:greekLit:tlg0007.tlg030.perseus-grc2,sources/upstream/perseus-canonical-greekLit/data/tlg0007/tlg030/tlg0007.tlg030.perseus-grc2.xml,a4b3853ac6597099703dc492381120ab7fd849fbae3ef943c1599e79cc9efe1e,https://creativecommons.org/licenses/by-sa/4.0/ Available under a Creative Commons Attribution-ShareAlike 4.0 International License,data/research_batches/detailed_verified_3001_batch_561.csv
0007,031,VERIFIED_ALTERNATE_EDITION,OPEN_TEXT_DIFFERENT_EDITION,urn:cts:greekLit:tlg0007.tlg031.perseus-grc2,https://scaife.perseus.org/reader/urn:cts:greekLit:tlg0007.tlg031.perseus-grc2,sources/upstream/perseus-canonical-greekLit/data/tlg0007/tlg031/tlg0007.tlg031.perseus-grc2.xml,22f958a1d9b65436d0a87a02b26c44d72274cd1fd695fd5c401b8d5a662c6b03,https://creativecommons.org/licenses/by-sa/4.0/ Available under a Creative Commons Attribution-ShareAlike 4.0 International License,data/research_batches/detailed_verified_3001_batch_562.csv
0007,035,VERIFIED_ALTERNATE_EDITION,OPEN_TEXT_DIFFERENT_EDITION,urn:cts:greekLit:tlg0007.tlg035.perseus-grc2,https://scaife.perseus.org/reader/urn:cts:greekLit:tlg0007.tlg035.perseus-grc2,sources/upstream/perseus-canonical-greekLit/data/tlg0007/tlg035/tlg0007.tlg035.perseus-grc2.xml,3ee928df8d96ad0bba2634ed3c72910de044f24615b401b3dda06f4bd4a20fc8,https://creativecommons.org/licenses/by-sa/4.0/ Available under a Creative Commons Attribution-ShareAlike 4.0 International License,data/research_batches/detailed_verified_3001_batch_562.csv
0007,036,VERIFIED_ALTERNATE_EDITION,OPEN_TEXT_DIFFERENT_EDITION,urn:cts:greekLit:tlg0007.tlg036.perseus-grc2,https://scaife.perseus.org/reader/urn:cts:greekLit:tlg0007.tlg036.perseus-grc2,sources/upstream/perseus-canonical-greekLit/data/tlg0007/tlg036/tlg0007.tlg036.perseus-grc2.xml,3c73240bb466fe4838b825c1225567a40ef76c9eeb8388931d2566f0613a0cc1,https://creativecommons.org/licenses/by-sa/4.0/ Available under a Creative Commons Attribution-ShareAlike 4.0 International License,data/research_batches/detailed_verified_3001_batch_563.csv
0007,037,VERIFIED_ALTERNATE_EDITION,OPEN_TEXT_DIFFERENT_EDITION,urn:cts:greekLit:tlg0007.tlg037.perseus-grc2,https://scaife.perseus.org/reader/urn:cts:greekLit:tlg0007.tlg037.perseus-grc2,sources/upstream/perseus-canonical-greekLit/data/tlg0007/tlg037/tlg0007.tlg037.perseus-grc2.xml,b142bbf50346b2a08b0dc9648cd0f1c51e1ab0ee2090750bab65dde006907700,https://creativecommons.org/licenses/by-sa/4.0/ Available under a Creative Commons Attribution-ShareAlike 4.0 International License,data/research_batches/detailed_verified_3001_batch_563.csv
0007,038,VERIFIED_ALTERNATE_EDITION,OPEN_TEXT_DIFFERENT_EDITION,urn:cts:greekLit:tlg0007.tlg038.perseus-grc2,https://scaife.perseus.org/reader/urn:cts:greekLit:tlg0007.tlg038.perseus-grc2,sources/upstream/perseus-canonical-greekLit/data/tlg0007/tlg038/tlg0007.tlg038.perseus-grc2.xml,8282a8189d870acfcb872b9f063ac78d509a76cf48375568893eeaaa21185fda,https://creativecommons.org/licenses/by-sa/4.0/ Available under a Creative Commons Attribution-ShareAlike 4.0 International License,data/research_batches/detailed_verified_3001_batch_563.csv
0007,039,VERIFIED_ALTERNATE_EDITION,OPEN_TEXT_DIFFERENT_EDITION,urn:cts:greekLit:tlg0007.tlg039.perseus-grc2,https://scaife.perseus.org/reader/urn:cts:greekLit:tlg0007.tlg039.perseus-grc2,sources/upstream/perseus-canonical-greekLit/data/tlg0007/tlg039/tlg0007.tlg039.perseus-grc2.xml,bb68b4eac9db2dbb1e9acd6ef4bc7adb3c0eaae711d10b88843a92cdbc4e6985,https://creativecommons.org/licenses/by-sa/4.0/ Available under a Creative Commons Attribution-ShareAlike 4.0 International License,data/research_batches/detailed_verified_3001_batch_563.csv
0007,040,VERIFIED_ALTERNATE_EDITION,OPEN_TEXT_DIFFERENT_EDITION,urn:cts:greekLit:tlg0007.tlg040.perseus-grc2,https://scaife.perseus.org/reader/urn:cts:greekLit:tlg0007.tlg040.perseus-grc2,sources/upstream/perseus-canonical-greekLit/data/tlg0007/tlg040/tlg0007.tlg040.perseus-grc2.xml,63f0bb98170e43531117a2ab66c187ac387dcc645861f442bd0e47af9b2eb36d,https://creativecommons.org/licenses/by-sa/4.0/ Available under a Creative Commons Attribution-ShareAlike 4.0 International License,data/research_batches/detailed_verified_3001_batch_563.csv
0007,041,VERIFIED_ALTERNATE_EDITION,OPEN_TEXT_DIFFERENT_EDITION,urn:cts:greekLit:tlg0007.tlg041.perseus-grc2,https://scaife.perseus.org/reader/urn:cts:greekLit:tlg0007.tlg041.perseus-grc2,sources/upstream/perseus-canonical-greekLit/data/tlg0007/tlg041/tlg0007.tlg041.perseus-grc2.xml,922a39fee3621a42d29d45dd2e06d935de06d7193d6e780fd4233a0b4f725486,https://creativecommons.org/licenses/by-sa/4.0/ Available under a Creative Commons Attribution-ShareAlike 4.0 International License,data/research_batches/detailed_verified_3001_batch_564.csv
0007,042,VERIFIED_ALTERNATE_EDITION,OPEN_TEXT_DIFFERENT_EDITION,urn:cts:greekLit:tlg0007.tlg042.perseus-grc2,https://scaife.perseus.org/reader/urn:cts:greekLit:tlg0007.tlg042.perseus-grc2,sources/upstream/perseus-canonical-greekLit/data/tlg0007/tlg042/tlg0007.tlg042.perseus-grc2.xml,bd8d1a2dfdfdb245731f320f2dd543d42d14bbafbf86dc0ba9d016763740c94d,https://creativecommons.org/licenses/by-sa/4.0/ Available under a Creative Commons Attribution-ShareAlike 4.0 International License,data/research_batches/detailed_verified_3001_batch_564.csv
0007,043,VERIFIED_ALTERNATE_EDITION,OPEN_TEXT_DIFFERENT_EDITION,urn:cts:greekLit:tlg0007.tlg043.perseus-grc2,https://scaife.perseus.org/reader/urn:cts:greekLit:tlg0007.tlg043.perseus-grc2,sources/upstream/perseus-canonical-greekLit/data/tlg0007/tlg043/tlg0007.tlg043.perseus-grc2.xml,d619a5ede05db62fcbc818688a5674e88918360ff8df12c0a7ce6beb22046d8b,https://creativecommons.org/licenses/by-sa/4.0/ Available under a Creative Commons Attribution-ShareAlike 4.0 International License,data/research_batches/detailed_verified_3001_batch_564.csv
0007,047,VERIFIED_ALTERNATE_EDITION,OPEN_TEXT_DIFFERENT_EDITION,urn:cts:greekLit:tlg0007.tlg047.perseus-grc2,https://scaife.perseus.org/reader/urn:cts:greekLit:tlg0007.tlg047.perseus-grc2,sources/upstream/perseus-canonical-greekLit/data/tlg0007/tlg047/tlg0007.tlg047.perseus-grc2.xml,85866d5c33620e66f1f8c5a6dd4cf500e61308037b7514c10f1ddb326b4229b0,https://creativecommons.org/licenses/by-sa/4.0/ Available under a Creative Commons Attribution-ShareAlike 4.0 International License,data/research_batches/detailed_verified_3001_batch_565.csv
0007,048,VERIFIED_ALTERNATE_EDITION,OPEN_TEXT_DIFFERENT_EDITION,urn:cts:greekLit:tlg0007.tlg048.perseus-grc2,https://scaife.perseus.org/reader/urn:cts:greekLit:tlg0007.tlg048.perseus-grc2,sources/upstream/perseus-canonical-greekLit/data/tlg0007/tlg048/tlg0007.tlg048.perseus-grc2.xml,90a5662394a8e562f0e3480e4dff7090e4e030605c9f60ee5c7ad39ada219769,https://creativecommons.org/licenses/by-sa/4.0/ Available under a Creative Commons Attribution-ShareAlike 4.0 International License,data/research_batches/detailed_verified_3001_batch_565.csv
0007,049,VERIFIED_ALTERNATE_EDITION,OPEN_TEXT_DIFFERENT_EDITION,urn:cts:greekLit:tlg0007.tlg049.perseus-grc2,https://scaife.perseus.org/reader/urn:cts:greekLit:tlg0007.tlg049.perseus-grc2,sources/upstream/perseus-canonical-greekLit/data/tlg0007/tlg049/tlg0007.tlg049.perseus-grc2.xml,ac3b11ec5296372ba38d85ea585c4a11ae39022d14c5aec2b0439661d8c71124,https://creativecommons.org/licenses/by-sa/4.0/ Available under a Creative Commons Attribution-ShareAlike 4.0 International License,data/research_batches/detailed_verified_3001_batch_565.csv
0007,050,VERIFIED_ALTERNATE_EDITION,OPEN_TEXT_DIFFERENT_EDITION,urn:cts:greekLit:tlg0007.tlg050.perseus-grc2,https://scaife.perseus.org/reader/urn:cts:greekLit:tlg0007.tlg050.perseus-grc2,sources/upstream/perseus-canonical-greekLit/data/tlg0007/tlg050/tlg0007.tlg050.perseus-grc2.xml,a279427136629b4853061c4e63231a4223cebde1bc816aa198a2057f7ed93349,https://creativecommons.org/licenses/by-sa/4.0/ Available under a Creative Commons Attribution-ShareAlike 4.0 International License,data/research_batches/detailed_verified_3001_batch_565.csv
0007,051,VERIFIED_ALTERNATE_EDITION,OPEN_TEXT_DIFFERENT_EDITION,urn:cts:greekLit:tlg0007.tlg051.perseus-grc1,https://scaife.perseus.org/reader/urn:cts:greekLit:tlg0007.tlg051.perseus-grc1,sources/upstream/perseus-canonical-greekLit/data/tlg0007/tlg051/tlg0007.tlg051.perseus-grc1.xml,e4aeae671c918338133ebe35ad26962e28eb0b4cea739787b8747eb9d21c0247,https://creativecommons.org/licenses/by-sa/4.0/ Available under a Creative Commons Attribution-ShareAlike 4.0 International License,data/research_batches/detailed_verified_3001_batch_566.csv
0007,052,VERIFIED_ALTERNATE_EDITION,OPEN_TEXT_DIFFERENT_EDITION,urn:cts:greekLit:tlg0007.tlg052.perseus-grc1,https://scaife.perseus.org/reader/urn:cts:greekLit:tlg0007.tlg052.perseus-grc1,sources/upstream/perseus-canonical-greekLit/data/tlg0007/tlg052/tlg0007.tlg052.perseus-grc1.xml,df8ebd7cc8f2ebfe7eee89676006d007b9757bd4f938ed246c9c39df9df981bc,https://creativecommons.org/licenses/by-sa/4.0/ Available under a Creative Commons Attribution-ShareAlike 4.0 International License,data/research_batches/detailed_verified_3001_batch_566.csv
0007,053,VERIFIED_ALTERNATE_EDITION,OPEN_TEXT_DIFFERENT_EDITION,urn:cts:greekLit:tlg0007.tlg053.perseus-grc2,https://scaife.perseus.org/reader/urn:cts:greekLit:tlg0007.tlg053.perseus-grc2,sources/upstream/perseus-canonical-greekLit/data/tlg0007/tlg053/tlg0007.tlg053.perseus-grc2.xml,a6aaed5b7818b0857d961782b5b25374400a6e978fcb98e8c9f893a27ef2f56e,https://creativecommons.org/licenses/by-sa/4.0/ Available under a Creative Commons Attribution-ShareAlike 4.0 International License,data/research_batches/detailed_verified_3001_batch_566.csv
0007,054,VERIFIED_ALTERNATE_EDITION,OPEN_TEXT_DIFFERENT_EDITION,urn:cts:greekLit:tlg0007.tlg054.perseus-grc2,https://scaife.perseus.org/reader/urn:cts:greekLit:tlg0007.tlg054.perseus-grc2,sources/upstream/perseus-canonical-greekLit/data/tlg0007/tlg054/tlg0007.tlg054.perseus-grc2.xml,4faaafa30dbfbd01c50fb51d4d4bc1d252a48a2f7c597007209e9cfaf78099a7,https://creativecommons.org/licenses/by-sa/4.0/ Available under a Creative Commons Attribution-ShareAlike 4.0 International License,data/research_batches/detailed_verified_3001_batch_566.csv
0007,055,VERIFIED_ALTERNATE_EDITION,OPEN_TEXT_DIFFERENT_EDITION,urn:cts:greekLit:tlg0007.tlg055.perseus-grc2,https://scaife.perseus.org/reader/urn:cts:greekLit:tlg0007.tlg055.perseus-grc2,sources/upstream/perseus-canonical-greekLit/data/tlg0007/tlg055/tlg0007.tlg055.perseus-grc2.xml,ca681583d3872b15cf9b2f8d9ea260e5ffb7162d651ae34c1c60dd4d36ca3e7f,https://creativecommons.org/licenses/by-sa/4.0/ Available under a Creative Commons Attribution-ShareAlike 4.0 International License,data/research_batches/detailed_verified_3001_batch_566.csv
0007,056,VERIFIED_ALTERNATE_EDITION,OPEN_TEXT_DIFFERENT_EDITION,urn:cts:greekLit:tlg0007.tlg056.perseus-grc2,https://scaife.perseus.org/reader/urn:cts:greekLit:tlg0007.tlg056.perseus-grc2,sources/upstream/perseus-canonical-greekLit/data/tlg0007/tlg056/tlg0007.tlg056.perseus-grc2.xml,6a71fa3578549acfbc3e4daa1acfe3bf5be25fd9da808ef3103629e0ba996eaf,https://creativecommons.org/licenses/by-sa/4.0/ Available under a Creative Commons Attribution-ShareAlike 4.0 International License,data/research_batches/detailed_verified_3001_batch_567.csv
0007,057,VERIFIED_ALTERNATE_EDITION,OPEN_TEXT_DIFFERENT_EDITION,urn:cts:greekLit:tlg0007.tlg057.perseus-grc2,https://scaife.perseus.org/reader/urn:cts:greekLit:tlg0007.tlg057.perseus-grc2,sources/upstream/perseus-canonical-greekLit/data/tlg0007/tlg057/tlg0007.tlg057.perseus-grc2.xml,5031fd128da050c100e508886999d788f4f700ecba9fdd50613866c11fff4353,https://creativecommons.org/licenses/by-sa/4.0/ Available under a Creative Commons Attribution-ShareAlike 4.0 International License,data/research_batches/detailed_verified_3001_batch_567.csv
0007,058,VERIFIED_ALTERNATE_EDITION,OPEN_TEXT_DIFFERENT_EDITION,urn:cts:greekLit:tlg0007.tlg058.perseus-grc2,https://scaife.perseus.org/reader/urn:cts:greekLit:tlg0007.tlg058.perseus-grc2,sources/upstream/perseus-canonical-greekLit/data/tlg0007/tlg058/tlg0007.tlg058.perseus-grc2.xml,b2dd03f5d133e7748b41341b6203d4453a18b3d307de41bf501e6c3abde8b8c0,https://creativecommons.org/licenses/by-sa/4.0/ Available under a Creative Commons Attribution-ShareAlike 4.0 International License,data/research_batches/detailed_verified_3001_batch_567.csv
0007,059,VERIFIED_ALTERNATE_EDITION,OPEN_TEXT_DIFFERENT_EDITION,urn:cts:greekLit:tlg0007.tlg059.perseus-grc2,https://scaife.perseus.org/reader/urn:cts:greekLit:tlg0007.tlg059.perseus-grc2,sources/upstream/perseus-canonical-greekLit/data/tlg0007/tlg059/tlg0007.tlg059.perseus-grc2.xml,9908d9e116453936e4c127beb12b7f80810e064de9cc070124823d021a475d43,https://creativecommons.org/licenses/by-sa/4.0/ Available under a Creative Commons Attribution-ShareAlike 4.0 International License,data/research_batches/detailed_verified_3001_batch_567.csv
0007,060,VERIFIED_ALTERNATE_EDITION,OPEN_TEXT_DIFFERENT_EDITION,urn:cts:greekLit:tlg0007.tlg060.perseus-grc2,https://scaife.perseus.org/reader/urn:cts:greekLit:tlg0007.tlg060.perseus-grc2,sources/upstream/perseus-canonical-greekLit/data/tlg0007/tlg060/tlg0007.tlg060.perseus-grc2.xml,34afeb122f0ebb32b10590f003ca5f70b35945e37b48d65381d90a946e216368,https://creativecommons.org/licenses/by-sa/4.0/ Available under a Creative Commons Attribution-ShareAlike 4.0 International License,data/research_batches/detailed_verified_3001_batch_567.csv
0007,061,VERIFIED_ALTERNATE_EDITION,OPEN_TEXT_DIFFERENT_EDITION,urn:cts:greekLit:tlg0007.tlg061.perseus-grc2,https://scaife.perseus.org/reader/urn:cts:greekLit:tlg0007.tlg061.perseus-grc2,sources/upstream/perseus-canonical-greekLit/data/tlg0007/tlg061/tlg0007.tlg061.perseus-grc2.xml,644d89be3b5cac7efa321d14a0e8dae679400829034278bb43d5bd8deb16780e,https://creativecommons.org/licenses/by-sa/4.0/ Available under a Creative Commons Attribution-ShareAlike 4.0 International License,data/research_batches/detailed_verified_3001_batch_568.csv
0007,062,VERIFIED_ALTERNATE_EDITION,OPEN_TEXT_DIFFERENT_EDITION,urn:cts:greekLit:tlg0007.tlg062.perseus-grc2,https://scaife.perseus.org/reader/urn:cts:greekLit:tlg0007.tlg062.perseus-grc2,sources/upstream/perseus-canonical-greekLit/data/tlg0007/tlg062/tlg0007.tlg062.perseus-grc2.xml,34a2ab5a1b406a323981aa472032c5e8ddd6b6ea9e988aa3b1cafc37206accc2,https://creativecommons.org/licenses/by-sa/4.0/ Available under a Creative Commons Attribution-ShareAlike 4.0 International License,data/research_batches/detailed_verified_3001_batch_568.csv
0007,063,VERIFIED_ALTERNATE_EDITION,OPEN_TEXT_DIFFERENT_EDITION,urn:cts:greekLit:tlg0007.tlg063.perseus-grc2,https://scaife.perseus.org/reader/urn:cts:greekLit:tlg0007.tlg063.perseus-grc2,sources/upstream/perseus-canonical-greekLit/data/tlg0007/tlg063/tlg0007.tlg063.perseus-grc2.xml,73bd45631f5cfc3f5283113d254dfa9b3b60a522122ecb5d8a71788011459a83,https://creativecommons.org/licenses/by-sa/4.0/ Available under a Creative Commons Attribution-ShareAlike 4.0 International License,data/research_batches/detailed_verified_3001_batch_568.csv
0007,064,VERIFIED_ALTERNATE_EDITION,OPEN_TEXT_DIFFERENT_EDITION,urn:cts:greekLit:tlg0007.tlg064.perseus-grc2,https://scaife.perseus.org/reader/urn:cts:greekLit:tlg0007.tlg064.perseus-grc2,sources/upstream/perseus-canonical-greekLit/data/tlg0007/tlg064/tlg0007.tlg064.perseus-grc2.xml,2e894b437a3e99031ad6619368649b71298d858cb229958a9c42ca98ab706c2c,https://creativecommons.org/licenses/by-sa/4.0/ Available under a Creative Commons Attribution-ShareAlike 4.0 International License,data/research_batches/detailed_verified_3001_batch_568.csv
0007,067,VERIFIED_ALTERNATE_EDITION,OPEN_TEXT_DIFFERENT_EDITION,urn:cts:greekLit:tlg0007.tlg067.perseus-grc2,https://scaife.perseus.org/reader/urn:cts:greekLit:tlg0007.tlg067.perseus-grc2,sources/upstream/perseus-canonical-greekLit/data/tlg0007/tlg067/tlg0007.tlg067.perseus-grc2.xml,a23349cfa1c3cf5a98af5395e3fa343f1d97c4be97f698e87f75a5f546e4d338,https://creativecommons.org/licenses/by-sa/4.0/ Available under a Creative Commons Attribution-ShareAlike 4.0 International License,data/research_batches/detailed_verified_3001_batch_569.csv
0007,068,VERIFIED_ALTERNATE_EDITION,OPEN_TEXT_DIFFERENT_EDITION,urn:cts:greekLit:tlg0007.tlg068.perseus-grc2,https://scaife.perseus.org/reader/urn:cts:greekLit:tlg0007.tlg068.perseus-grc2,sources/upstream/perseus-canonical-greekLit/data/tlg0007/tlg068/tlg0007.tlg068.perseus-grc2.xml,74fc23adb9e47d89a0499b2b35d42883f59033eb27a54c002e8ec17451331530,https://creativecommons.org/licenses/by-sa/4.0/ Available under a Creative Commons Attribution-ShareAlike 4.0 International License,data/research_batches/detailed_verified_3001_batch_569.csv
0007,069,VERIFIED_ALTERNATE_EDITION,OPEN_TEXT_DIFFERENT_EDITION,urn:cts:greekLit:tlg0007.tlg069.perseus-grc2,https://scaife.perseus.org/reader/urn:cts:greekLit:tlg0007.tlg069.perseus-grc2,sources/upstream/perseus-canonical-greekLit/data/tlg0007/tlg069/tlg0007.tlg069.perseus-grc2.xml,355679e7124e9799530eb5cff0f7ec2badbf1ead5c4d57652d9781e78495e6aa,https://creativecommons.org/licenses/by-sa/4.0/ Available under a Creative Commons Attribution-ShareAlike 4.0 International License,data/research_batches/detailed_verified_3001_batch_569.csv
0007,070,VERIFIED_ALTERNATE_EDITION,OPEN_TEXT_DIFFERENT_EDITION,urn:cts:greekLit:tlg0007.tlg070.perseus-grc2,https://scaife.perseus.org/reader/urn:cts:greekLit:tlg0007.tlg070.perseus-grc2,sources/upstream/perseus-canonical-greekLit/data/tlg0007/tlg070/tlg0007.tlg070.perseus-grc2.xml,6553e6ec05e13cb8353c4e931a3fa5e5e2530f7d221f530f79ba4d31cdf36a0e,https://creativecommons.org/licenses/by-sa/4.0/ Available under a Creative Commons Attribution-ShareAlike 4.0 International License,data/research_batches/detailed_verified_3001_batch_569.csv
0007,071,VERIFIED_ALTERNATE_EDITION,OPEN_TEXT_DIFFERENT_EDITION,urn:cts:greekLit:tlg0007.tlg071.perseus-grc2,https://scaife.perseus.org/reader/urn:cts:greekLit:tlg0007.tlg071.perseus-grc2,sources/upstream/perseus-canonical-greekLit/data/tlg0007/tlg071/tlg0007.tlg071.perseus-grc2.xml,628fa01fa30b083b94e205f0307ac6a9247ebb30fef1a60818826d541af670b1,https://creativecommons.org/licenses/by-sa/4.0/ Available under a Creative Commons Attribution-ShareAlike 4.0 International License,data/research_batches/detailed_verified_3001_batch_570.csv
0007,072,VERIFIED_ALTERNATE_EDITION,OPEN_TEXT_DIFFERENT_EDITION,urn:cts:greekLit:tlg0007.tlg072.perseus-grc2,https://scaife.perseus.org/reader/urn:cts:greekLit:tlg0007.tlg072.perseus-grc2,sources/upstream/perseus-canonical-greekLit/data/tlg0007/tlg072/tlg0007.tlg072.perseus-grc2.xml,c51d882955e4c4c8a91d0e20dc657f3aac06dbf633a1e1017965c973ca28ed9a,https://creativecommons.org/licenses/by-sa/4.0/ Available under a Creative Commons Attribution-ShareAlike 4.0 International License,data/research_batches/detailed_verified_3001_batch_570.csv
0007,073,VERIFIED_ALTERNATE_EDITION,OPEN_TEXT_DIFFERENT_EDITION,urn:cts:greekLit:tlg0007.tlg073.perseus-grc2,https://scaife.perseus.org/reader/urn:cts:greekLit:tlg0007.tlg073.perseus-grc2,sources/upstream/perseus-canonical-greekLit/data/tlg0007/tlg073/tlg0007.tlg073.perseus-grc2.xml,d542fd1a74cf89d0cd3bcb4a3c7f5656538568a870bf3f515e6b73d998e26097,https://creativecommons.org/licenses/by-sa/4.0/ Available under a Creative Commons Attribution-ShareAlike 4.0 International License,data/research_batches/detailed_verified_3001_batch_570.csv
0007,074,VERIFIED_ALTERNATE_EDITION,OPEN_TEXT_DIFFERENT_EDITION,urn:cts:greekLit:tlg0007.tlg074.perseus-grc2,https://scaife.perseus.org/reader/urn:cts:greekLit:tlg0007.tlg074.perseus-grc2,sources/upstream/perseus-canonical-greekLit/data/tlg0007/tlg074/tlg0007.tlg074.perseus-grc2.xml,8d5d0682fcce943502a349019fc2bd6847256411b1198a374cb51a7f7db8e1d1,https://creativecommons.org/licenses/by-sa/4.0/ Available under a Creative Commons Attribution-ShareAlike 4.0 International License,data/research_batches/detailed_verified_3001_batch_570.csv
0007,075,VERIFIED_ALTERNATE_EDITION,OPEN_TEXT_DIFFERENT_EDITION,urn:cts:greekLit:tlg0007.tlg075.perseus-grc2,https://scaife.perseus.org/reader/urn:cts:greekLit:tlg0007.tlg075.perseus-grc2,sources/upstream/perseus-canonical-greekLit/data/tlg0007/tlg075/tlg0007.tlg075.perseus-grc2.xml,f6f67480d6e393176a2651a44f3edfc5bf54c066a224ca243b1a06290b6bcb5a,https://creativecommons.org/licenses/by-sa/4.0/ Available under a Creative Commons Attribution-ShareAlike 4.0 International License,data/research_batches/detailed_verified_3001_batch_570.csv
0007,076,VERIFIED_ALTERNATE_EDITION,OPEN_TEXT_DIFFERENT_EDITION,urn:cts:greekLit:tlg0007.tlg076.perseus-grc2,https://scaife.perseus.org/reader/urn:cts:greekLit:tlg0007.tlg076.perseus-grc2,sources/upstream/perseus-canonical-greekLit/data/tlg0007/tlg076/tlg0007.tlg076.perseus-grc2.xml,c950af5679ef71fad8f804f77ca54ffb3b1cba2c5c21ce8fcaa064dba936a7ff,https://creativecommons.org/licenses/by-sa/4.0/ Available under a Creative Commons Attribution-ShareAlike 4.0 International License,data/research_batches/detailed_verified_3001_batch_571.csv
0007,077,VERIFIED_ALTERNATE_EDITION,OPEN_TEXT_DIFFERENT_EDITION,urn:cts:greekLit:tlg0007.tlg077.perseus-grc2,https://scaife.perseus.org/reader/urn:cts:greekLit:tlg0007.tlg077.perseus-grc2,sources/upstream/perseus-canonical-greekLit/data/tlg0007/tlg077/tlg0007.tlg077.perseus-grc2.xml,65ac4e2a3711835ccd4edffbd4bb8a13ad6f29c97abfe227fb68932224028ac0,https://creativecommons.org/licenses/by-sa/4.0/ Available under a Creative Commons Attribution-ShareAlike 4.0 International License,data/research_batches/detailed_verified_3001_batch_571.csv
0007,078,VERIFIED_ALTERNATE_EDITION,OPEN_TEXT_DIFFERENT_EDITION,urn:cts:greekLit:tlg0007.tlg078.perseus-grc2,https://scaife.perseus.org/reader/urn:cts:greekLit:tlg0007.tlg078.perseus-grc2,sources/upstream/perseus-canonical-greekLit/data/tlg0007/tlg078/tlg0007.tlg078.perseus-grc2.xml,584ff53606152f533a4a77f9dd40e697ff905ce6ae94a8428fd0eb3d4a2f5649,https://creativecommons.org/licenses/by-sa/4.0/ Available under a Creative Commons Attribution-ShareAlike 4.0 International License,data/research_batches/detailed_verified_3001_batch_571.csv
0007,079,VERIFIED_ALTERNATE_EDITION,OPEN_TEXT_DIFFERENT_EDITION,urn:cts:greekLit:tlg0007.tlg079.perseus-grc2,https://scaife.perseus.org/reader/urn:cts:greekLit:tlg0007.tlg079.perseus-grc2,sources/upstream/perseus-canonical-greekLit/data/tlg0007/tlg079/tlg0007.tlg079.perseus-grc2.xml,911951a0c5981f7fc9bc80cff8341e90a504bb01a8eb564c9caf242bddafc559,https://creativecommons.org/licenses/by-sa/4.0/ Available under a Creative Commons Attribution-ShareAlike 4.0 International License,data/research_batches/detailed_verified_3001_batch_571.csv
0007,080,VERIFIED_ALTERNATE_EDITION,OPEN_TEXT_DIFFERENT_EDITION,urn:cts:greekLit:tlg0007.tlg080.perseus-grc2,https://scaife.perseus.org/reader/urn:cts:greekLit:tlg0007.tlg080.perseus-grc2,sources/upstream/perseus-canonical-greekLit/data/tlg0007/tlg080/tlg0007.tlg080.perseus-grc2.xml,82102fb2e1e3d6700e8a789ea1c47220faeaafc339a02bc0e91c93d47ba9730b,https://creativecommons.org/licenses/by-sa/4.0/ Available under a Creative Commons Attribution-ShareAlike 4.0 International License,data/research_batches/detailed_verified_3001_batch_571.csv
0007,081,VERIFIED_ALTERNATE_EDITION,OPEN_TEXT_DIFFERENT_EDITION,urn:cts:greekLit:tlg0007.tlg081.perseus-grc4,https://scaife.perseus.org/reader/urn:cts:greekLit:tlg0007.tlg081.perseus-grc4,sources/upstream/perseus-canonical-greekLit/data/tlg0007/tlg081/tlg0007.tlg081.perseus-grc4.xml,b1910fd89a056c2d3153cecdd0a0c08ee855856b89d00dd589dabd09f0e2b907,https://creativecommons.org/licenses/by-sa/4.0/ Available under a Creative Commons Attribution-ShareAlike 4.0 International License,data/research_batches/detailed_verified_3001_batch_572.csv
0007,082,VERIFIED_ALTERNATE_EDITION,OPEN_TEXT_DIFFERENT_EDITION,urn:cts:greekLit:tlg0007.tlg082.perseus-grc4,https://scaife.perseus.org/reader/urn:cts:greekLit:tlg0007.tlg082.perseus-grc4,sources/upstream/perseus-canonical-greekLit/data/tlg0007/tlg082/tlg0007.tlg082.perseus-grc4.xml,36223b18262e08c2c6aa8d06deb2815ebf167157f9b6e773914b591909b56b4c,https://creativecommons.org/licenses/by-sa/4.0/ Available under a Creative Commons Attribution-ShareAlike 4.0 International License,data/research_batches/detailed_verified_3001_batch_572.csv
0007,083,VERIFIED_ALTERNATE_EDITION,OPEN_TEXT_DIFFERENT_EDITION,urn:cts:greekLit:tlg0007.tlg083.perseus-grc4,https://scaife.perseus.org/reader/urn:cts:greekLit:tlg0007.tlg083.perseus-grc4,sources/upstream/perseus-canonical-greekLit/data/tlg0007/tlg083/tlg0007.tlg083.perseus-grc4.xml,7956a0f099989563f2f43fe11d97e6330ca7d1a7714a91fdb69442f2558b743e,https://creativecommons.org/licenses/by-sa/4.0/ Available under a Creative Commons Attribution-ShareAlike 4.0 International License,data/research_batches/detailed_verified_3001_batch_572.csv
0007,084,VERIFIED_ALTERNATE_EDITION,OPEN_TEXT_DIFFERENT_EDITION,urn:cts:greekLit:tlg0007.tlg084a.perseus-grc4,https://scaife.perseus.org/reader/urn:cts:greekLit:tlg0007.tlg084a.perseus-grc4,sources/upstream/perseus-canonical-greekLit/data/tlg0007/tlg084a/tlg0007.tlg084a.perseus-grc4.xml,6943c0758f6a554a3c3225390b7067fb8bd052ba536842f51b926f97b2954b37,https://creativecommons.org/licenses/by-sa/4.0/ Available under a Creative Commons Attribution-ShareAlike 4.0 International License,data/research_batches/detailed_verified_3001_batch_572.csv
0007,084,VERIFIED_ALTERNATE_EDITION,OPEN_TEXT_DIFFERENT_EDITION,urn:cts:greekLit:tlg0007.tlg084b.perseus-grc4,https://scaife.perseus.org/reader/urn:cts:greekLit:tlg0007.tlg084b.perseus-grc4,sources/upstream/perseus-canonical-greekLit/data/tlg0007/tlg084b/tlg0007.tlg084b.perseus-grc4.xml,3841c879acc0215b8666e3d11c3851023166eb3ae28a0cd0a59ef3adfd6a8eba,https://creativecommons.org/licenses/by-sa/4.0/ Available under a Creative Commons Attribution-ShareAlike 4.0 International License,data/research_batches/detailed_verified_3001_batch_572.csv
0007,085,VERIFIED_ALTERNATE_EDITION,OPEN_TEXT_DIFFERENT_EDITION,urn:cts:greekLit:tlg0007.tlg085.perseus-grc4,https://scaife.perseus.org/reader/urn:cts:greekLit:tlg0007.tlg085.perseus-grc4,sources/upstream/perseus-canonical-greekLit/data/tlg0007/tlg085/tlg0007.tlg085.perseus-grc4.xml,6fa9eab281a5759f76ef18e900e147f8b0ffce80e71eff06824fbab5705d19e4,https://creativecommons.org/licenses/by-sa/4.0/ Available under a Creative Commons Attribution-ShareAlike 4.0 International License,data/research_batches/detailed_verified_3001_batch_572.csv
0007,086,VERIFIED_ALTERNATE_EDITION,OPEN_TEXT_DIFFERENT_EDITION,urn:cts:greekLit:tlg0007.tlg086.perseus-grc4,https://scaife.perseus.org/reader/urn:cts:greekLit:tlg0007.tlg086.perseus-grc4,sources/upstream/perseus-canonical-greekLit/data/tlg0007/tlg086/tlg0007.tlg086.perseus-grc4.xml,0d34b149e9adb6bfa84c102e9762742f44018055027be90659df42480f82fa17,https://creativecommons.org/licenses/by-sa/4.0/ Available under a Creative Commons Attribution-ShareAlike 4.0 International License,data/research_batches/detailed_verified_3001_batch_573.csv
0007,087,VERIFIED_ALTERNATE_EDITION,OPEN_TEXT_DIFFERENT_EDITION,urn:cts:greekLit:tlg0007.tlg087.perseus-grc4,https://scaife.perseus.org/reader/urn:cts:greekLit:tlg0007.tlg087.perseus-grc4,sources/upstream/perseus-canonical-greekLit/data/tlg0007/tlg087/tlg0007.tlg087.perseus-grc4.xml,8d7dbbb1a3fb10b1900fc15b063a1d587bd36de998f19c7044b5f191cca4b542,https://creativecommons.org/licenses/by-sa/4.0/ Available under a Creative Commons Attribution-ShareAlike 4.0 International License,data/research_batches/detailed_verified_3001_batch_573.csv
0007,088,VERIFIED_ALTERNATE_EDITION,OPEN_TEXT_DIFFERENT_EDITION,urn:cts:greekLit:tlg0007.tlg088.perseus-grc4,https://scaife.perseus.org/reader/urn:cts:greekLit:tlg0007.tlg088.perseus-grc4,sources/upstream/perseus-canonical-greekLit/data/tlg0007/tlg088/tlg0007.tlg088.perseus-grc4.xml,c8b9405123fcd3a352c4b6b2534afdfc0c2809a29ee5f3cfa2cb4ac18b9b0c9e,https://creativecommons.org/licenses/by-sa/4.0/ Available under a Creative Commons Attribution-ShareAlike 4.0 International License,data/research_batches/detailed_verified_3001_batch_573.csv
0007,089,VERIFIED_ALTERNATE_EDITION,OPEN_TEXT_DIFFERENT_EDITION,urn:cts:greekLit:tlg0007.tlg089.perseus-grc2,https://scaife.perseus.org/reader/urn:cts:greekLit:tlg0007.tlg089.perseus-grc2,sources/upstream/perseus-canonical-greekLit/data/tlg0007/tlg089/tlg0007.tlg089.perseus-grc2.xml,23496ae63fe3c3eefd3cfa2ed53a583a0eba88ec5023c080ae1c72c92d30dac3,https://creativecommons.org/licenses/by-sa/4.0/ Available under a Creative Commons Attribution-ShareAlike 4.0 International License,data/research_batches/detailed_verified_3001_batch_573.csv
0007,090,VERIFIED_ALTERNATE_EDITION,OPEN_TEXT_DIFFERENT_EDITION,urn:cts:greekLit:tlg0007.tlg090.perseus-grc2,https://scaife.perseus.org/reader/urn:cts:greekLit:tlg0007.tlg090.perseus-grc2,sources/upstream/perseus-canonical-greekLit/data/tlg0007/tlg090/tlg0007.tlg090.perseus-grc2.xml,56f03fdb32c6d9a84bb0dadd45ebd76593416d3c7d6b8623bcc2953c2aaebf3a,https://creativecommons.org/licenses/by-sa/4.0/ Available under a Creative Commons Attribution-ShareAlike 4.0 International License,data/research_batches/detailed_verified_3001_batch_573.csv
0007,091,VERIFIED_ALTERNATE_EDITION,OPEN_TEXT_DIFFERENT_EDITION,urn:cts:greekLit:tlg0007.tlg091.perseus-grc2,https://scaife.perseus.org/reader/urn:cts:greekLit:tlg0007.tlg091.perseus-grc2,sources/upstream/perseus-canonical-greekLit/data/tlg0007/tlg091/tlg0007.tlg091.perseus-grc2.xml,2d93265a84baf14a8dcd8872c79d11837e14c08e549715b0bed823a923675f7a,https://creativecommons.org/licenses/by-sa/4.0/ Available under a Creative Commons Attribution-ShareAlike 4.0 International License,data/research_batches/detailed_verified_3001_batch_574.csv
0007,092,VERIFIED_ALTERNATE_EDITION,OPEN_TEXT_DIFFERENT_EDITION,urn:cts:greekLit:tlg0007.tlg092.perseus-grc2,https://scaife.perseus.org/reader/urn:cts:greekLit:tlg0007.tlg092.perseus-grc2,sources/upstream/perseus-canonical-greekLit/data/tlg0007/tlg092/tlg0007.tlg092.perseus-grc2.xml,2d432488011fae8740bfa65fc2f738cb1e7d358ef3c8754a930c516580ee690e,https://creativecommons.org/licenses/by-sa/4.0/ Available under a Creative Commons Attribution-ShareAlike 4.0 International License,data/research_batches/detailed_verified_3001_batch_574.csv
0007,093,VERIFIED_ALTERNATE_EDITION,OPEN_TEXT_DIFFERENT_EDITION,urn:cts:greekLit:tlg0007.tlg093.perseus-grc2,https://scaife.perseus.org/reader/urn:cts:greekLit:tlg0007.tlg093.perseus-grc2,sources/upstream/perseus-canonical-greekLit/data/tlg0007/tlg093/tlg0007.tlg093.perseus-grc2.xml,5bb78450ed330d9ae9a8ad11e4a9fe59f482a09cde195a24297f668e950727b2,https://creativecommons.org/licenses/by-sa/4.0/ Available under a Creative Commons Attribution-ShareAlike 4.0 International License,data/research_batches/detailed_verified_3001_batch_574.csv
0007,094,VERIFIED_ALTERNATE_EDITION,OPEN_TEXT_DIFFERENT_EDITION,urn:cts:greekLit:tlg0007.tlg094.perseus-grc2,https://scaife.perseus.org/reader/urn:cts:greekLit:tlg0007.tlg094.perseus-grc2,sources/upstream/perseus-canonical-greekLit/data/tlg0007/tlg094/tlg0007.tlg094.perseus-grc2.xml,882c85968620f71112c68c91814b0b1846f5e8f57762e5019a5824161fd0de3c,https://creativecommons.org/licenses/by-sa/4.0/ Available under a Creative Commons Attribution-ShareAlike 4.0 International License,data/research_batches/detailed_verified_3001_batch_574.csv
0007,095,VERIFIED_ALTERNATE_EDITION,OPEN_TEXT_DIFFERENT_EDITION,urn:cts:greekLit:tlg0007.tlg095.perseus-grc2,https://scaife.perseus.org/reader/urn:cts:greekLit:tlg0007.tlg095.perseus-grc2,sources/upstream/perseus-canonical-greekLit/data/tlg0007/tlg095/tlg0007.tlg095.perseus-grc2.xml,d36c079b2d30614c4a64ead715813a1e74111edf8eaff639769f821ce546b999,https://creativecommons.org/licenses/by-sa/4.0/ Available under a Creative Commons Attribution-ShareAlike 4.0 International License,data/research_batches/detailed_verified_3001_batch_574.csv
0007,096,VERIFIED_ALTERNATE_EDITION,OPEN_TEXT_DIFFERENT_EDITION,urn:cts:greekLit:tlg0007.tlg096.perseus-grc2,https://scaife.perseus.org/reader/urn:cts:greekLit:tlg0007.tlg096.perseus-grc2,sources/upstream/perseus-canonical-greekLit/data/tlg0007/tlg096/tlg0007.tlg096.perseus-grc2.xml,cee4be89cf7972e8d4ab75c64d03752e851f8316e0b85c28a974585b5c0527db,https://creativecommons.org/licenses/by-sa/4.0/ Available under a Creative Commons Attribution-ShareAlike 4.0 International License,data/research_batches/detailed_verified_3001_batch_575.csv
0007,097,VERIFIED_ALTERNATE_EDITION,OPEN_TEXT_DIFFERENT_EDITION,urn:cts:greekLit:tlg0007.tlg097.perseus-grc2,https://scaife.perseus.org/reader/urn:cts:greekLit:tlg0007.tlg097.perseus-grc2,sources/upstream/perseus-canonical-greekLit/data/tlg0007/tlg097/tlg0007.tlg097.perseus-grc2.xml,671475686d12168a61f7f34ed9fb114dfc15a314c5ea966052f020e0d62656b3,https://creativecommons.org/licenses/by-sa/4.0/ Available under a Creative Commons Attribution-ShareAlike 4.0 International License,data/research_batches/detailed_verified_3001_batch_575.csv
0007,098,VERIFIED_ALTERNATE_EDITION,OPEN_TEXT_DIFFERENT_EDITION,urn:cts:greekLit:tlg0007.tlg098.perseus-grc2,https://scaife.perseus.org/reader/urn:cts:greekLit:tlg0007.tlg098.perseus-grc2,sources/upstream/perseus-canonical-greekLit/data/tlg0007/tlg098/tlg0007.tlg098.perseus-grc2.xml,92ec0740b7725f8a550762ef6ae3039ad69f0d7105665a5372b246723d3c7199,https://creativecommons.org/licenses/by-sa/4.0/ Available under a Creative Commons Attribution-ShareAlike 4.0 International License,data/research_batches/detailed_verified_3001_batch_575.csv
0007,099,VERIFIED_ALTERNATE_EDITION,OPEN_TEXT_DIFFERENT_EDITION,urn:cts:greekLit:tlg0007.tlg099.perseus-grc2,https://scaife.perseus.org/reader/urn:cts:greekLit:tlg0007.tlg099.perseus-grc2,sources/upstream/perseus-canonical-greekLit/data/tlg0007/tlg099/tlg0007.tlg099.perseus-grc2.xml,bca0708ec9f97e8bdde0cbe63f1ec5fae1b1d1e9d7b9fd0e5c1cbc80c9dda4c3,https://creativecommons.org/licenses/by-sa/4.0/ Available under a Creative Commons Attribution-ShareAlike 4.0 International License,data/research_batches/detailed_verified_3001_batch_575.csv
0007,100,VERIFIED_ALTERNATE_EDITION,OPEN_TEXT_DIFFERENT_EDITION,urn:cts:greekLit:tlg0007.tlg100.perseus-grc2,https://scaife.perseus.org/reader/urn:cts:greekLit:tlg0007.tlg100.perseus-grc2,sources/upstream/perseus-canonical-greekLit/data/tlg0007/tlg100/tlg0007.tlg100.perseus-grc2.xml,0a0788438c05047354ba27a25085bd787898be8dcb242f8a80e4b3d5965a241d,https://creativecommons.org/licenses/by-sa/4.0/ Available under a Creative Commons Attribution-ShareAlike 4.0 International License,data/research_batches/detailed_verified_3001_batch_575.csv
0007,101,VERIFIED_ALTERNATE_EDITION,OPEN_TEXT_DIFFERENT_EDITION,urn:cts:greekLit:tlg0007.tlg101.perseus-grc2,https://scaife.perseus.org/reader/urn:cts:greekLit:tlg0007.tlg101.perseus-grc2,sources/upstream/perseus-canonical-greekLit/data/tlg0007/tlg101/tlg0007.tlg101.perseus-grc2.xml,f1c39bd3fb2232cc3150d6ac4d1ac83561fc4bb51a3bd4e808aaabdcd8ce3d69,https://creativecommons.org/licenses/by-sa/4.0/ Available under a Creative Commons Attribution-ShareAlike 4.0 International License,data/research_batches/detailed_verified_3001_batch_576.csv
0007,102,VERIFIED_ALTERNATE_EDITION,OPEN_TEXT_DIFFERENT_EDITION,urn:cts:greekLit:tlg0007.tlg102.perseus-grc2,https://scaife.perseus.org/reader/urn:cts:greekLit:tlg0007.tlg102.perseus-grc2,sources/upstream/perseus-canonical-greekLit/data/tlg0007/tlg102/tlg0007.tlg102.perseus-grc2.xml,b080e2a92e6ee45d94aa77b36a0109ba2a40bef1859a97b1ff76455bbb63131f,https://creativecommons.org/licenses/by-sa/4.0/ Available under a Creative Commons Attribution-ShareAlike 4.0 International License,data/research_batches/detailed_verified_3001_batch_576.csv
0007,103,VERIFIED_ALTERNATE_EDITION,OPEN_TEXT_DIFFERENT_EDITION,urn:cts:greekLit:tlg0007.tlg103.perseus-grc2,https://scaife.perseus.org/reader/urn:cts:greekLit:tlg0007.tlg103.perseus-grc2,sources/upstream/perseus-canonical-greekLit/data/tlg0007/tlg103/tlg0007.tlg103.perseus-grc2.xml,34a0433f9bcd35ac72297c72ab9463d540362ac1480587c05314a22ef16f74ac,https://creativecommons.org/licenses/by-sa/4.0/ Available under a Creative Commons Attribution-ShareAlike 4.0 International License,data/research_batches/detailed_verified_3001_batch_576.csv
0007,104,VERIFIED_ALTERNATE_EDITION,OPEN_TEXT_DIFFERENT_EDITION,urn:cts:greekLit:tlg0007.tlg104.perseus-grc2,https://scaife.perseus.org/reader/urn:cts:greekLit:tlg0007.tlg104.perseus-grc2,sources/upstream/perseus-canonical-greekLit/data/tlg0007/tlg104/tlg0007.tlg104.perseus-grc2.xml,876e8a143a9a5b671dbfe98bd9d3301b31f8d6d04425e4e7e57de4917400adc8,https://creativecommons.org/licenses/by-sa/4.0/ Available under a Creative Commons Attribution-ShareAlike 4.0 International License,data/research_batches/detailed_verified_3001_batch_576.csv
0007,105,VERIFIED_ALTERNATE_EDITION,OPEN_TEXT_DIFFERENT_EDITION,urn:cts:greekLit:tlg0007.tlg105.perseus-grc2,https://scaife.perseus.org/reader/urn:cts:greekLit:tlg0007.tlg105.perseus-grc2,sources/upstream/perseus-canonical-greekLit/data/tlg0007/tlg105/tlg0007.tlg105.perseus-grc2.xml,8d7b98efcc0d459611972f55d83a5b4e154e2484d6fa1993ff51fd013f6908b4,https://creativecommons.org/licenses/by-sa/4.0/ Available under a Creative Commons Attribution-ShareAlike 4.0 International License,data/research_batches/detailed_verified_3001_batch_576.csv
0007,106,VERIFIED_ALTERNATE_EDITION,OPEN_TEXT_DIFFERENT_EDITION,urn:cts:greekLit:tlg0007.tlg106.perseus-grc2,https://scaife.perseus.org/reader/urn:cts:greekLit:tlg0007.tlg106.perseus-grc2,sources/upstream/perseus-canonical-greekLit/data/tlg0007/tlg106/tlg0007.tlg106.perseus-grc2.xml,d751d2f50967aabf71b5dbca3dd172d29c68b6433c48960fe1515a417f9ae132,https://creativecommons.org/licenses/by-sa/4.0/ Available under a Creative Commons Attribution-ShareAlike 4.0 International License,data/research_batches/detailed_verified_3001_batch_577.csv
0007,107,VERIFIED_ALTERNATE_EDITION,OPEN_TEXT_DIFFERENT_EDITION,urn:cts:greekLit:tlg0007.tlg107.perseus-grc2,https://scaife.perseus.org/reader/urn:cts:greekLit:tlg0007.tlg107.perseus-grc2,sources/upstream/perseus-canonical-greekLit/data/tlg0007/tlg107/tlg0007.tlg107.perseus-grc2.xml,3b6681babe42a275cb54281e472b707c945c20c2c677b8b9faafef91bf23cf5b,https://creativecommons.org/licenses/by-sa/4.0/ Available under a Creative Commons Attribution-ShareAlike 4.0 International License,data/research_batches/detailed_verified_3001_batch_577.csv
0007,108,VERIFIED_ALTERNATE_EDITION,OPEN_TEXT_DIFFERENT_EDITION,urn:cts:greekLit:tlg0007.tlg108.perseus-grc2,https://scaife.perseus.org/reader/urn:cts:greekLit:tlg0007.tlg108.perseus-grc2,sources/upstream/perseus-canonical-greekLit/data/tlg0007/tlg108/tlg0007.tlg108.perseus-grc2.xml,4ee1c5ec029b0a2d93f426008573f1613842611c25c1c8f0fc311ef867952bd5,https://creativecommons.org/licenses/by-sa/4.0/ Available under a Creative Commons Attribution-ShareAlike 4.0 International License,data/research_batches/detailed_verified_3001_batch_577.csv
0007,109,VERIFIED_ALTERNATE_EDITION,OPEN_TEXT_DIFFERENT_EDITION,urn:cts:greekLit:tlg0007.tlg109.perseus-grc2,https://scaife.perseus.org/reader/urn:cts:greekLit:tlg0007.tlg109.perseus-grc2,sources/upstream/perseus-canonical-greekLit/data/tlg0007/tlg109/tlg0007.tlg109.perseus-grc2.xml,6e42b607f959a6d3fe1202e04ff43032d3d2424f834c34e9438e7050cebd1c29,https://creativecommons.org/licenses/by-sa/4.0/ Available under a Creative Commons Attribution-ShareAlike 4.0 International License,data/research_batches/detailed_verified_3001_batch_577.csv
0007,110,VERIFIED_ALTERNATE_EDITION,OPEN_TEXT_DIFFERENT_EDITION,urn:cts:greekLit:tlg0007.tlg110.perseus-grc2,https://scaife.perseus.org/reader/urn:cts:greekLit:tlg0007.tlg110.perseus-grc2,sources/upstream/perseus-canonical-greekLit/data/tlg0007/tlg110/tlg0007.tlg110.perseus-grc2.xml,de136a32244911b42da06afe87ca72289c2d0991139bc81de4c69c9973729c0e,https://creativecommons.org/licenses/by-sa/4.0/ Available under a Creative Commons Attribution-ShareAlike 4.0 International License,data/research_batches/detailed_verified_3001_batch_577.csv
0007,111,VERIFIED_ALTERNATE_EDITION,OPEN_TEXT_DIFFERENT_EDITION,urn:cts:greekLit:tlg0007.tlg111.perseus-grc2,https://scaife.perseus.org/reader/urn:cts:greekLit:tlg0007.tlg111.perseus-grc2,sources/upstream/perseus-canonical-greekLit/data/tlg0007/tlg111/tlg0007.tlg111.perseus-grc2.xml,dd9be1262df87652c5fccd6045657d67128ae633c470e309280a036bb318acef,https://creativecommons.org/licenses/by-sa/4.0/ Available under a Creative Commons Attribution-ShareAlike 4.0 International License,data/research_batches/detailed_verified_3001_batch_578.csv
0007,112,VERIFIED_ALTERNATE_EDITION,OPEN_TEXT_DIFFERENT_EDITION,urn:cts:greekLit:tlg0007.tlg112.perseus-grc2,https://scaife.perseus.org/reader/urn:cts:greekLit:tlg0007.tlg112.perseus-grc2,sources/upstream/perseus-canonical-greekLit/data/tlg0007/tlg112/tlg0007.tlg112.perseus-grc2.xml,d43e5ebdb5f65d1ab17c26b7cf672ae957b1136b51bd8521d559cf208a1b7406,https://creativecommons.org/licenses/by-sa/4.0/ Available under a Creative Commons Attribution-ShareAlike 4.0 International License,data/research_batches/detailed_verified_3001_batch_578.csv
0007,113,VERIFIED_ALTERNATE_EDITION,OPEN_TEXT_DIFFERENT_EDITION,urn:cts:greekLit:tlg0007.tlg113.perseus-grc2,https://scaife.perseus.org/reader/urn:cts:greekLit:tlg0007.tlg113.perseus-grc2,sources/upstream/perseus-canonical-greekLit/data/tlg0007/tlg113/tlg0007.tlg113.perseus-grc2.xml,65d3262c70e7f139e4fd27ac60e98ab3d69259ce8957f93dd52a1cda0847bebc,https://creativecommons.org/licenses/by-sa/4.0/ Available under a Creative Commons Attribution-ShareAlike 4.0 International License,data/research_batches/detailed_verified_3001_batch_578.csv
0007,114,VERIFIED_ALTERNATE_EDITION,OPEN_TEXT_DIFFERENT_EDITION,urn:cts:greekLit:tlg0007.tlg114.perseus-grc2,https://scaife.perseus.org/reader/urn:cts:greekLit:tlg0007.tlg114.perseus-grc2,sources/upstream/perseus-canonical-greekLit/data/tlg0007/tlg114/tlg0007.tlg114.perseus-grc2.xml,820c64714425ee838102bbedbf605165d51a6d58fe2ea87b548f848149df1b0a,https://creativecommons.org/licenses/by-sa/4.0/ Available under a Creative Commons Attribution-ShareAlike 4.0 International License,data/research_batches/detailed_verified_3001_batch_578.csv
0007,115,VERIFIED_ALTERNATE_EDITION,OPEN_TEXT_DIFFERENT_EDITION,urn:cts:greekLit:tlg0007.tlg115.perseus-grc2,https://scaife.perseus.org/reader/urn:cts:greekLit:tlg0007.tlg115.perseus-grc2,sources/upstream/perseus-canonical-greekLit/data/tlg0007/tlg115/tlg0007.tlg115.perseus-grc2.xml,0507db0b1e2890779b3d4638d99f2e58de29ea62338f7e64c4133ae9d0328a32,https://creativecommons.org/licenses/by-sa/4.0/ Available under a Creative Commons Attribution-ShareAlike 4.0 International License,data/research_batches/detailed_verified_3001_batch_578.csv
0007,116,VERIFIED_ALTERNATE_EDITION,OPEN_TEXT_DIFFERENT_EDITION,urn:cts:greekLit:tlg0007.tlg116.perseus-grc2,https://scaife.perseus.org/reader/urn:cts:greekLit:tlg0007.tlg116.perseus-grc2,sources/upstream/perseus-canonical-greekLit/data/tlg0007/tlg116/tlg0007.tlg116.perseus-grc2.xml,83a995975709b07b8319a02ca51abe35b3e3ba3ad196684622033142b0201ead,https://creativecommons.org/licenses/by-sa/4.0/ Available under a Creative Commons Attribution-ShareAlike 4.0 International License,data/research_batches/detailed_verified_3001_batch_579.csv
0007,117,VERIFIED_ALTERNATE_EDITION,OPEN_TEXT_DIFFERENT_EDITION,urn:cts:greekLit:tlg0007.tlg117.perseus-grc2,https://scaife.perseus.org/reader/urn:cts:greekLit:tlg0007.tlg117.perseus-grc2,sources/upstream/perseus-canonical-greekLit/data/tlg0007/tlg117/tlg0007.tlg117.perseus-grc2.xml,827717029049199a06c08523031d385544ea73eaa314c0f0ff4b0020b981315e,https://creativecommons.org/licenses/by-sa/4.0/ Available under a Creative Commons Attribution-ShareAlike 4.0 International License,data/research_batches/detailed_verified_3001_batch_579.csv
0007,118,VERIFIED_ALTERNATE_EDITION,OPEN_TEXT_DIFFERENT_EDITION,urn:cts:greekLit:tlg0007.tlg118.perseus-grc2,https://scaife.perseus.org/reader/urn:cts:greekLit:tlg0007.tlg118.perseus-grc2,sources/upstream/perseus-canonical-greekLit/data/tlg0007/tlg118/tlg0007.tlg118.perseus-grc2.xml,6d152cc3e7965a81cc216fad6761be66fb0b703bd5e54c73ac9ce5e9f5fa4116,https://creativecommons.org/licenses/by-sa/4.0/ Available under a Creative Commons Attribution-ShareAlike 4.0 International License,data/research_batches/detailed_verified_3001_batch_579.csv
0007,119,VERIFIED_ALTERNATE_EDITION,OPEN_TEXT_DIFFERENT_EDITION,urn:cts:greekLit:tlg0007.tlg119.perseus-grc2,https://scaife.perseus.org/reader/urn:cts:greekLit:tlg0007.tlg119.perseus-grc2,sources/upstream/perseus-canonical-greekLit/data/tlg0007/tlg119/tlg0007.tlg119.perseus-grc2.xml,e2f191b91bc1a8698cd2fa86aaa9eeacf1094fd167bfb025c501a018e7b2a8ca,https://creativecommons.org/licenses/by-sa/4.0/ Available under a Creative Commons Attribution-ShareAlike 4.0 International License,data/research_batches/detailed_verified_3001_batch_579.csv
0007,120,VERIFIED_ALTERNATE_EDITION,OPEN_TEXT_DIFFERENT_EDITION,urn:cts:greekLit:tlg0007.tlg120.perseus-grc2,https://scaife.perseus.org/reader/urn:cts:greekLit:tlg0007.tlg120.perseus-grc2,sources/upstream/perseus-canonical-greekLit/data/tlg0007/tlg120/tlg0007.tlg120.perseus-grc2.xml,5f9dd151b3e78f7daaf67d8282c16697c93506c28365ffe08ac4964c7fc13535,https://creativecommons.org/licenses/by-sa/4.0/ Available under a Creative Commons Attribution-ShareAlike 4.0 International License,data/research_batches/detailed_verified_3001_batch_579.csv
0007,121,VERIFIED_ALTERNATE_EDITION,OPEN_TEXT_DIFFERENT_EDITION,urn:cts:greekLit:tlg0007.tlg121.perseus-grc2,https://scaife.perseus.org/reader/urn:cts:greekLit:tlg0007.tlg121.perseus-grc2,sources/upstream/perseus-canonical-greekLit/data/tlg0007/tlg121/tlg0007.tlg121.perseus-grc2.xml,c834efb7d1b75bc00a2af19f291a175a08f08101e99da628a4768a43860b4ecc,https://creativecommons.org/licenses/by-sa/4.0/ Available under a Creative Commons Attribution-ShareAlike 4.0 International License,data/research_batches/detailed_verified_3001_batch_580.csv
0007,122,VERIFIED_ALTERNATE_EDITION,OPEN_TEXT_DIFFERENT_EDITION,urn:cts:greekLit:tlg0007.tlg122.perseus-grc2,https://scaife.perseus.org/reader/urn:cts:greekLit:tlg0007.tlg122.perseus-grc2,sources/upstream/perseus-canonical-greekLit/data/tlg0007/tlg122/tlg0007.tlg122.perseus-grc2.xml,d8ea7e11a1e5dbd423818ecdd05d89b9c5860c8817f88fce9f27a3efd18b3549,https://creativecommons.org/licenses/by-sa/4.0/ Available under a Creative Commons Attribution-ShareAlike 4.0 International License,data/research_batches/detailed_verified_3001_batch_580.csv
0007,123,VERIFIED_ALTERNATE_EDITION,OPEN_TEXT_DIFFERENT_EDITION,urn:cts:greekLit:tlg0007.tlg123.perseus-grc2,https://scaife.perseus.org/reader/urn:cts:greekLit:tlg0007.tlg123.perseus-grc2,sources/upstream/perseus-canonical-greekLit/data/tlg0007/tlg123/tlg0007.tlg123.perseus-grc2.xml,50999839ffb0ce4f207248d1c1a3b98da760e0a2480cdad93f28ab105b738eed,https://creativecommons.org/licenses/by-sa/4.0/ Available under a Creative Commons Attribution-ShareAlike 4.0 International License,data/research_batches/detailed_verified_3001_batch_580.csv
0007,125,VERIFIED_ALTERNATE_EDITION,OPEN_TEXT_DIFFERENT_EDITION,urn:cts:greekLit:tlg0007.tlg125.perseus-grc2,https://scaife.perseus.org/reader/urn:cts:greekLit:tlg0007.tlg125.perseus-grc2,sources/upstream/perseus-canonical-greekLit/data/tlg0007/tlg125/tlg0007.tlg125.perseus-grc2.xml,86e54a498249d160a575ec3744d9c93041ad4fc20f7c06fdb8142a9ae4a51fd0,https://creativecommons.org/licenses/by-sa/4.0/ Available under a Creative Commons Attribution-ShareAlike 4.0 International License,data/research_batches/detailed_verified_3001_batch_580.csv
0007,126,VERIFIED_ALTERNATE_EDITION,OPEN_TEXT_DIFFERENT_EDITION,urn:cts:greekLit:tlg0007.tlg126.perseus-grc2,https://scaife.perseus.org/reader/urn:cts:greekLit:tlg0007.tlg126.perseus-grc2,sources/upstream/perseus-canonical-greekLit/data/tlg0007/tlg126/tlg0007.tlg126.perseus-grc2.xml,dde018f514ccffa76e2a6926971ea31b42a33e1ac54ca20bf205a0ae6d054a29,https://creativecommons.org/licenses/by-sa/4.0/ Available under a Creative Commons Attribution-ShareAlike 4.0 International License,data/research_batches/detailed_verified_3001_batch_580.csv
0007,127,VERIFIED_ALTERNATE_EDITION,OPEN_TEXT_DIFFERENT_EDITION,urn:cts:greekLit:tlg0007.tlg127.perseus-grc3,https://scaife.perseus.org/reader/urn:cts:greekLit:tlg0007.tlg127.perseus-grc3,sources/upstream/perseus-canonical-greekLit/data/tlg0007/tlg127/tlg0007.tlg127.perseus-grc3.xml,1f6453a5a2bebb14549585526c81781a5243431c36c652466064604a5ee9eb94,https://creativecommons.org/licenses/by-sa/4.0/ Available under a Creative Commons Attribution-ShareAlike 4.0 International License,data/research_batches/detailed_verified_3001_batch_581.csv
0007,128,VERIFIED_ALTERNATE_EDITION,OPEN_TEXT_DIFFERENT_EDITION,urn:cts:greekLit:tlg0007.tlg128.perseus-grc2,https://scaife.perseus.org/reader/urn:cts:greekLit:tlg0007.tlg128.perseus-grc2,sources/upstream/perseus-canonical-greekLit/data/tlg0007/tlg128/tlg0007.tlg128.perseus-grc2.xml,347b8b58bfa08d8b564bc9eccd07c462f589bc7f5353262e40aa6f6a549f2c3a,https://creativecommons.org/licenses/by-sa/4.0/ Available under a Creative Commons Attribution-ShareAlike 4.0 International License,data/research_batches/detailed_verified_3001_batch_581.csv
0007,129,VERIFIED_ALTERNATE_EDITION,OPEN_TEXT_DIFFERENT_EDITION,urn:cts:greekLit:tlg0007.tlg129.perseus-grc2,https://scaife.perseus.org/reader/urn:cts:greekLit:tlg0007.tlg129.perseus-grc2,sources/upstream/perseus-canonical-greekLit/data/tlg0007/tlg129/tlg0007.tlg129.perseus-grc2.xml,30bfead2fc1f3b2cb865914beb27bff76a93e0926e0351798006bfc11129c818,https://creativecommons.org/licenses/by-sa/4.0/ Available under a Creative Commons Attribution-ShareAlike 4.0 International License,data/research_batches/detailed_verified_3001_batch_581.csv
0007,130,VERIFIED_ALTERNATE_EDITION,OPEN_TEXT_DIFFERENT_EDITION,urn:cts:greekLit:tlg0007.tlg130.perseus-grc2,https://scaife.perseus.org/reader/urn:cts:greekLit:tlg0007.tlg130.perseus-grc2,sources/upstream/perseus-canonical-greekLit/data/tlg0007/tlg130/tlg0007.tlg130.perseus-grc2.xml,ccf88d0e92fccab611f76f313172e302766b2697327d84e63787eb5af1087a60,https://creativecommons.org/licenses/by-sa/4.0/ Available under a Creative Commons Attribution-ShareAlike 4.0 International License,data/research_batches/detailed_verified_3001_batch_581.csv
0007,131,VERIFIED_ALTERNATE_EDITION,OPEN_TEXT_DIFFERENT_EDITION,urn:cts:greekLit:tlg0007.tlg131.perseus-grc2,https://scaife.perseus.org/reader/urn:cts:greekLit:tlg0007.tlg131.perseus-grc2,sources/upstream/perseus-canonical-greekLit/data/tlg0007/tlg131/tlg0007.tlg131.perseus-grc2.xml,eebe2efb5c2c7da718aceb0cbe550e2d48a60710d32a30e8c8422afa47c1aaa7,https://creativecommons.org/licenses/by-sa/4.0/ Available under a Creative Commons Attribution-ShareAlike 4.0 International License,data/research_batches/detailed_verified_3001_batch_581.csv
0007,132,VERIFIED_ALTERNATE_EDITION,OPEN_TEXT_DIFFERENT_EDITION,urn:cts:greekLit:tlg0007.tlg132.perseus-grc2,https://scaife.perseus.org/reader/urn:cts:greekLit:tlg0007.tlg132.perseus-grc2,sources/upstream/perseus-canonical-greekLit/data/tlg0007/tlg132/tlg0007.tlg132.perseus-grc2.xml,44150fb789f9dc38bfffb756244dc3519b2f8ecc3f4f23d5de8a7924bcd07c0d,https://creativecommons.org/licenses/by-sa/4.0/ Available under a Creative Commons Attribution-ShareAlike 4.0 International License,data/research_batches/detailed_verified_3001_batch_582.csv
0007,133,VERIFIED_ALTERNATE_EDITION,OPEN_TEXT_DIFFERENT_EDITION,urn:cts:greekLit:tlg0007.tlg133.perseus-grc2,https://scaife.perseus.org/reader/urn:cts:greekLit:tlg0007.tlg133.perseus-grc2,sources/upstream/perseus-canonical-greekLit/data/tlg0007/tlg133/tlg0007.tlg133.perseus-grc2.xml,15928e685b4854301974ef4c653193d51b887907d429e48e95fcefb482ac4a90,https://creativecommons.org/licenses/by-sa/4.0/ Available under a Creative Commons Attribution-ShareAlike 4.0 International License,data/research_batches/detailed_verified_3001_batch_582.csv
0007,134,VERIFIED_ALTERNATE_EDITION,OPEN_TEXT_DIFFERENT_EDITION,urn:cts:greekLit:tlg0007.tlg134.perseus-grc2,https://scaife.perseus.org/reader/urn:cts:greekLit:tlg0007.tlg134.perseus-grc2,sources/upstream/perseus-canonical-greekLit/data/tlg0007/tlg134/tlg0007.tlg134.perseus-grc2.xml,62e8e4e7260264c99560d86ecf923da9327aff7f5d94feb0f22748a9e995be29,https://creativecommons.org/licenses/by-sa/4.0/ Available under a Creative Commons Attribution-ShareAlike 4.0 International License,data/research_batches/detailed_verified_3001_batch_582.csv
0007,135,VERIFIED_ALTERNATE_EDITION,OPEN_TEXT_DIFFERENT_EDITION,urn:cts:greekLit:tlg0007.tlg135.perseus-grc2,https://scaife.perseus.org/reader/urn:cts:greekLit:tlg0007.tlg135.perseus-grc2,sources/upstream/perseus-canonical-greekLit/data/tlg0007/tlg135/tlg0007.tlg135.perseus-grc2.xml,508c470409a7e17c36d664d443f6b9b4ff924c06099a65c6e7ad59de482f3283,https://creativecommons.org/licenses/by-sa/4.0/ Available under a Creative Commons Attribution-ShareAlike 4.0 International License,data/research_batches/detailed_verified_3001_batch_582.csv
0007,136,VERIFIED_ALTERNATE_EDITION,OPEN_TEXT_DIFFERENT_EDITION,urn:cts:greekLit:tlg0007.tlg136.perseus-grc2,https://scaife.perseus.org/reader/urn:cts:greekLit:tlg0007.tlg136.perseus-grc2,sources/upstream/perseus-canonical-greekLit/data/tlg0007/tlg136/tlg0007.tlg136.perseus-grc2.xml,c408b390b52e26fb03d980f683761168b8c04e06161d531f6c09b2f1f94cb293,https://creativecommons.org/licenses/by-sa/4.0/ Available under a Creative Commons Attribution-ShareAlike 4.0 International License,data/research_batches/detailed_verified_3001_batch_582.csv
0007,137,VERIFIED_ALTERNATE_EDITION,OPEN_TEXT_DIFFERENT_EDITION,urn:cts:greekLit:tlg0007.tlg137.perseus-grc2,https://scaife.perseus.org/reader/urn:cts:greekLit:tlg0007.tlg137.perseus-grc2,sources/upstream/perseus-canonical-greekLit/data/tlg0007/tlg137/tlg0007.tlg137.perseus-grc2.xml,6e4714703178d24fc2ef253a21015e95118ae803190a524472209b87e8288b7d,https://creativecommons.org/licenses/by-sa/4.0/ Available under a Creative Commons Attribution-ShareAlike 4.0 International License,data/research_batches/detailed_verified_3001_batch_583.csv
0007,138,VERIFIED_ALTERNATE_EDITION,OPEN_TEXT_DIFFERENT_EDITION,urn:cts:greekLit:tlg0007.tlg138.perseus-grc2,https://scaife.perseus.org/reader/urn:cts:greekLit:tlg0007.tlg138.perseus-grc2,sources/upstream/perseus-canonical-greekLit/data/tlg0007/tlg138/tlg0007.tlg138.perseus-grc2.xml,ad18f6e88956f0c991891fb5fbb27384683ea6ab13202c2a492d7185d6f5e689,https://creativecommons.org/licenses/by-sa/4.0/ Available under a Creative Commons Attribution-ShareAlike 4.0 International License,data/research_batches/detailed_verified_3001_batch_583.csv
0007,139,VERIFIED_ALTERNATE_EDITION,OPEN_TEXT_DIFFERENT_EDITION,urn:cts:greekLit:tlg0007.tlg139.perseus-grc2,https://scaife.perseus.org/reader/urn:cts:greekLit:tlg0007.tlg139.perseus-grc2,sources/upstream/perseus-canonical-greekLit/data/tlg0007/tlg139/tlg0007.tlg139.perseus-grc2.xml,9117f24d2f10c38cd63477073fb4b73785208cebd680c29d554fab9528d35296,https://creativecommons.org/licenses/by-sa/4.0/ Available under a Creative Commons Attribution-ShareAlike 4.0 International License,data/research_batches/detailed_verified_3001_batch_583.csv
0007,140,VERIFIED_ALTERNATE_EDITION,OPEN_TEXT_DIFFERENT_EDITION,urn:cts:greekLit:tlg0007.tlg140.perseus-grc2,https://scaife.perseus.org/reader/urn:cts:greekLit:tlg0007.tlg140.perseus-grc2,sources/upstream/perseus-canonical-greekLit/data/tlg0007/tlg140/tlg0007.tlg140.perseus-grc2.xml,f168eb2fe5704ab31136ac57dc69a415cbebe5b456bce2cd641d22348e62849c,https://creativecommons.org/licenses/by-sa/4.0/ Available under a Creative Commons Attribution-ShareAlike 4.0 International License,data/research_batches/detailed_verified_3001_batch_583.csv
0007,141,VERIFIED_ALTERNATE_EDITION,OPEN_TEXT_DIFFERENT_EDITION,urn:cts:greekLit:tlg0007.tlg141.perseus-grc2,https://scaife.perseus.org/reader/urn:cts:greekLit:tlg0007.tlg141.perseus-grc2,sources/upstream/perseus-canonical-greekLit/data/tlg0007/tlg141/tlg0007.tlg141.perseus-grc2.xml,8d1726b476f724003d76f9963da985901150d1db5eedaf6f47779293474ddd88,https://creativecommons.org/licenses/by-sa/4.0/ Available under a Creative Commons Attribution-ShareAlike 4.0 International License,data/research_batches/detailed_verified_3001_batch_583.csv
0011,001,VERIFIED_ALTERNATE_EDITION,OPEN_TEXT_DIFFERENT_EDITION,urn:cts:greekLit:tlg0011.tlg001.perseus-grc2,https://scaife.perseus.org/reader/urn:cts:greekLit:tlg0011.tlg001.perseus-grc2,sources/upstream/perseus-canonical-greekLit/data/tlg0011/tlg001/tlg0011.tlg001.perseus-grc2.xml,c8dcd29a425cfa50403b396dc4c1b0cdf8effb3da5306ed41b16c21b432fd579,CC BY-SA 4.0 (repository default; verify file),data/research_batches/detailed_verified_3001_batch_586.csv
0011,002,VERIFIED_ALTERNATE_EDITION,OPEN_TEXT_DIFFERENT_EDITION,urn:cts:greekLit:tlg0011.tlg002.perseus-grc2,https://scaife.perseus.org/reader/urn:cts:greekLit:tlg0011.tlg002.perseus-grc2,sources/upstream/perseus-canonical-greekLit/data/tlg0011/tlg002/tlg0011.tlg002.perseus-grc2.xml,18cb825a18eec000e7630d3758462a050185a9323f570a2eb9d0acaedba921d9,CC BY-SA 4.0 (repository default; verify file),data/research_batches/detailed_verified_3001_batch_586.csv
0011,003,VERIFIED_ALTERNATE_EDITION,OPEN_TEXT_DIFFERENT_EDITION,urn:cts:greekLit:tlg0011.tlg003.perseus-grc2,https://scaife.perseus.org/reader/urn:cts:greekLit:tlg0011.tlg003.perseus-grc2,sources/upstream/perseus-canonical-greekLit/data/tlg0011/tlg003/tlg0011.tlg003.perseus-grc2.xml,4178a9416068732baffdfe3ba3a58b313694b52fd2e236ac4de1e5a72c6e2432,CC BY-SA 4.0 (repository default; verify file),data/research_batches/detailed_verified_3001_batch_586.csv
0011,004,VERIFIED_ALTERNATE_EDITION,OPEN_TEXT_DIFFERENT_EDITION,urn:cts:greekLit:tlg0011.tlg004.perseus-grc2,https://scaife.perseus.org/reader/urn:cts:greekLit:tlg0011.tlg004.perseus-grc2,sources/upstream/perseus-canonical-greekLit/data/tlg0011/tlg004/tlg0011.tlg004.perseus-grc2.xml,74e4bd65d67b0a38917dadb57cce36dcc587c6c74c13abb7a7ea7a75172d638a,CC BY-SA 4.0 (repository default; verify file),data/research_batches/detailed_verified_3001_batch_586.csv
0011,005,VERIFIED_ALTERNATE_EDITION,OPEN_TEXT_DIFFERENT_EDITION,urn:cts:greekLit:tlg0011.tlg005.perseus-grc2,https://scaife.perseus.org/reader/urn:cts:greekLit:tlg0011.tlg005.perseus-grc2,sources/upstream/perseus-canonical-greekLit/data/tlg0011/tlg005/tlg0011.tlg005.perseus-grc2.xml,de899cf841268912b17e49db717329dbc9e69a3d4227b53f3cc6ba28a0aa1140,CC BY-SA 4.0 (repository default; verify file),data/research_batches/detailed_verified_3001_batch_587.csv
0011,006,VERIFIED_ALTERNATE_EDITION,OPEN_TEXT_DIFFERENT_EDITION,urn:cts:greekLit:tlg0011.tlg006.perseus-grc2,https://scaife.perseus.org/reader/urn:cts:greekLit:tlg0011.tlg006.perseus-grc2,sources/upstream/perseus-canonical-greekLit/data/tlg0011/tlg006/tlg0011.tlg006.perseus-grc2.xml,2782cf40facd29515c3924d6116f4a94cdc5333887be35135c6529c26cd974b0,CC BY-SA 4.0 (repository default; verify file),data/research_batches/detailed_verified_3001_batch_587.csv
0011,007,VERIFIED_ALTERNATE_EDITION,OPEN_TEXT_DIFFERENT_EDITION,urn:cts:greekLit:tlg0011.tlg007.perseus-grc2,https://scaife.perseus.org/reader/urn:cts:greekLit:tlg0011.tlg007.perseus-grc2,sources/upstream/perseus-canonical-greekLit/data/tlg0011/tlg007/tlg0011.tlg007.perseus-grc2.xml,fb4a5ff472a664d6066665791c5dafea6d1c699fd41b37f9df34fbb79fed4540,CC BY-SA 4.0 (repository default; verify file),data/research_batches/detailed_verified_3001_batch_587.csv
0011,011,VERIFIED_ALTERNATE_EDITION,CROSS_REFERENCE_OPEN_ALTERNATE_0011.003,urn:cts:greekLit:tlg0011.tlg003.perseus-grc2,https://scaife.perseus.org/reader/urn:cts:greekLit:tlg0011.tlg003.perseus-grc2,sources/upstream/perseus-canonical-greekLit/data/tlg0011/tlg003/tlg0011.tlg003.perseus-grc2.xml,4178a9416068732baffdfe3ba3a58b313694b52fd2e236ac4de1e5a72c6e2432,CC BY-SA 4.0 (repository default; verify file),data/research_batches/detailed_verified_3001_batch_588.csv
0011,012,VERIFIED_ALTERNATE_EDITION,CROSS_REFERENCE_OPEN_ALTERNATE_0011.005,urn:cts:greekLit:tlg0011.tlg005.perseus-grc2,https://scaife.perseus.org/reader/urn:cts:greekLit:tlg0011.tlg005.perseus-grc2,sources/upstream/perseus-canonical-greekLit/data/tlg0011/tlg005/tlg0011.tlg005.perseus-grc2.xml,de899cf841268912b17e49db717329dbc9e69a3d4227b53f3cc6ba28a0aa1140,CC BY-SA 4.0 (repository default; verify file),data/research_batches/detailed_verified_3001_batch_588.csv
0011,013,VERIFIED_ALTERNATE_EDITION,CROSS_REFERENCE_OPEN_ALTERNATE_0011.004,urn:cts:greekLit:tlg0011.tlg004.perseus-grc2,https://scaife.perseus.org/reader/urn:cts:greekLit:tlg0011.tlg004.perseus-grc2,sources/upstream/perseus-canonical-greekLit/data/tlg0011/tlg004/tlg0011.tlg004.perseus-grc2.xml,74e4bd65d67b0a38917dadb57cce36dcc587c6c74c13abb7a7ea7a75172d638a,CC BY-SA 4.0 (repository default; verify file),data/research_batches/detailed_verified_3001_batch_588.csv
0011,014,VERIFIED_ALTERNATE_EDITION,CROSS_REFERENCE_OPEN_ALTERNATE_0011.002,urn:cts:greekLit:tlg0011.tlg002.perseus-grc2,https://scaife.perseus.org/reader/urn:cts:greekLit:tlg0011.tlg002.perseus-grc2,sources/upstream/perseus-canonical-greekLit/data/tlg0011/tlg002/tlg0011.tlg002.perseus-grc2.xml,18cb825a18eec000e7630d3758462a050185a9323f570a2eb9d0acaedba921d9,CC BY-SA 4.0 (repository default; verify file),data/research_batches/detailed_verified_3001_batch_588.csv
0011,015,VERIFIED_ALTERNATE_EDITION,CROSS_REFERENCE_OPEN_ALTERNATE_0011.001,urn:cts:greekLit:tlg0011.tlg001.perseus-grc2,https://scaife.perseus.org/reader/urn:cts:greekLit:tlg0011.tlg001.perseus-grc2,sources/upstream/perseus-canonical-greekLit/data/tlg0011/tlg001/tlg0011.tlg001.perseus-grc2.xml,c8dcd29a425cfa50403b396dc4c1b0cdf8effb3da5306ed41b16c21b432fd579,CC BY-SA 4.0 (repository default; verify file),data/research_batches/detailed_verified_3001_batch_589.csv
0011,016,VERIFIED_ALTERNATE_EDITION,CROSS_REFERENCE_OPEN_ALTERNATE_0011.006,urn:cts:greekLit:tlg0011.tlg006.perseus-grc2,https://scaife.perseus.org/reader/urn:cts:greekLit:tlg0011.tlg006.perseus-grc2,sources/upstream/perseus-canonical-greekLit/data/tlg0011/tlg006/tlg0011.tlg006.perseus-grc2.xml,2782cf40facd29515c3924d6116f4a94cdc5333887be35135c6529c26cd974b0,CC BY-SA 4.0 (repository default; verify file),data/research_batches/detailed_verified_3001_batch_589.csv
0011,017,VERIFIED_ALTERNATE_EDITION,CROSS_REFERENCE_OPEN_ALTERNATE_0011.007,urn:cts:greekLit:tlg0011.tlg007.perseus-grc2,https://scaife.perseus.org/reader/urn:cts:greekLit:tlg0011.tlg007.perseus-grc2,sources/upstream/perseus-canonical-greekLit/data/tlg0011/tlg007/tlg0011.tlg007.perseus-grc2.xml,fb4a5ff472a664d6066665791c5dafea6d1c699fd41b37f9df34fbb79fed4540,CC BY-SA 4.0 (repository default; verify file),data/research_batches/detailed_verified_3001_batch_589.csv
0012,004,VERIFIED_ALTERNATE_EDITION,OPEN_TEXT_DIFFERENT_EDITION,urn:cts:greekLit:tlg0012.tlg001.perseus-grc2,https://scaife.perseus.org/reader/urn:cts:greekLit:tlg0012.tlg001.perseus-grc2,sources/upstream/perseus-canonical-greekLit/data/tlg0012/tlg001/tlg0012.tlg001.perseus-grc2.xml,ebbdfdd7b6ebd52c4ecdfdb92c17cef4447ccbb5114f7fb00cd34f434dd8521b,CC BY-SA 4.0 (repository default; verify file),data/research_batches/tlg_0001_1500_b5_cont4_checkpoint_04_4065_004_3103_003.csv
0016,002,VERIFIED_ALTERNATE_EDITION,OPEN_TEXT_DIFFERENT_EDITION,urn:cts:greekLit:tlg0016.tlg001.perseus-grc2,https://scaife.perseus.org/reader/urn:cts:greekLit:tlg0016.tlg001.perseus-grc2,sources/upstream/perseus-canonical-greekLit/data/tlg0016/tlg001/tlg0016.tlg001.perseus-grc2.xml,03836a4c33ad93a72391bac4bb945137752fefd2a3ae2e954b631f1ee1f39ada,CC BY-SA 4.0 (repository default; verify file),data/research_batches/tlg_0001_1500_b5_cont1_checkpoint_03_0087_054_0559_014.csv
0022,001,VERIFIED_ALTERNATE_EDITION,OPEN_TEXT_COMPLETE_ALTERNATE_EDITION,urn:cts:greekLit:tlg0022.tlg001.1st1K-grc1,https://raw.githubusercontent.com/OpenGreekAndLatin/First1KGreek/bfea9acd07ee1b7cea70cdd927c8f092d5637695/data/tlg0022/tlg001/tlg0022.tlg001.1st1K-grc1.xml,sources/upstream/first1kgreek/data/tlg0022/tlg001/tlg0022.tlg001.1st1K-grc1.xml,ef2f060b7f2cffe1577599ab11584c92aa6ec14d70168ad57aad057cb1180d3d,https://creativecommons.org/licenses/by-sa/4.0/ Available under a Creative Commons Attribution-ShareAlike 4.0 International License,data/research_batches/detailed_verified_3001_batch_598.csv
0022,002,VERIFIED_ALTERNATE_EDITION,OPEN_TEXT_COMPLETE_ALTERNATE_EDITION,urn:cts:greekLit:tlg0022.tlg002.1st1K-grc1,https://raw.githubusercontent.com/OpenGreekAndLatin/First1KGreek/bfea9acd07ee1b7cea70cdd927c8f092d5637695/data/tlg0022/tlg002/tlg0022.tlg002.1st1K-grc1.xml,sources/upstream/first1kgreek/data/tlg0022/tlg002/tlg0022.tlg002.1st1K-grc1.xml,5cec2e82cab8d0d364be264409e93b0a2f4c93a4624851dbe075122da238d84e,https://creativecommons.org/licenses/by-sa/4.0/ Available under a Creative Commons Attribution-ShareAlike 4.0 International License,data/research_batches/detailed_verified_3001_batch_598.csv
0026,001,VERIFIED_ALTERNATE_EDITION,OPEN_TEXT_COMPLETE_ALTERNATE_EDITION,urn:cts:greekLit:tlg0026.tlg001.perseus-grc2,https://scaife.perseus.org/reader/urn:cts:greekLit:tlg0026.tlg001.perseus-grc2,sources/upstream/perseus-canonical-greekLit/data/tlg0026/tlg001/tlg0026.tlg001.perseus-grc2.xml,387b525f0c0d53765922b721ca760f4c01ebc428d02bbc869321d06c92b8c15a,https://creativecommons.org/licenses/by-sa/4.0/ Available under a Creative Commons Attribution-ShareAlike 4.0 International License,data/research_batches/detailed_verified_3001_batch_599.csv
0026,002,VERIFIED_ALTERNATE_EDITION,OPEN_TEXT_COMPLETE_ALTERNATE_EDITION,urn:cts:greekLit:tlg0026.tlg002.perseus-grc2,https://scaife.perseus.org/reader/urn:cts:greekLit:tlg0026.tlg002.perseus-grc2,sources/upstream/perseus-canonical-greekLit/data/tlg0026/tlg002/tlg0026.tlg002.perseus-grc2.xml,25de23e835ac9fcd0aee576b046831bf54e205de69fa7bf536fd318711601474,https://creativecommons.org/licenses/by-sa/4.0/ Available under a Creative Commons Attribution-ShareAlike 4.0 International License,data/research_batches/detailed_verified_3001_batch_600.csv
0026,003,VERIFIED_ALTERNATE_EDITION,OPEN_TEXT_COMPLETE_ALTERNATE_EDITION,urn:cts:greekLit:tlg0026.tlg003.perseus-grc2,https://scaife.perseus.org/reader/urn:cts:greekLit:tlg0026.tlg003.perseus-grc2,sources/upstream/perseus-canonical-greekLit/data/tlg0026/tlg003/tlg0026.tlg003.perseus-grc2.xml,dd3d36d2e3dd93d2063ca2e26696a7e41a784a4e8c238945bc56d8ce63ed528b,https://creativecommons.org/licenses/by-sa/4.0/ Available under a Creative Commons Attribution-ShareAlike 4.0 International License,data/research_batches/detailed_verified_3001_batch_600.csv
0026,004,VERIFIED_ALTERNATE_EDITION,OPEN_TEXT_COMPLETE_ALTERNATE_EDITION,urn:cts:greekLit:tlg0026.tlg004.1st1K-grc1,https://scaife.perseus.org/reader/urn:cts:greekLit:tlg0026.tlg004.1st1K-grc1:1.1,sources/upstream/first1kgreek/data/tlg0026/tlg004/tlg0026.tlg004.1st1K-grc1.xml,92e11cc0511f626ba512db9e5f9502ae3762b26ef4c3284905dbcafb9f0c4512,https://creativecommons.org/licenses/by-sa/4.0/ Available under a Creative Commons Attribution-ShareAlike 4.0 International License,data/research_batches/detailed_verified_3001_batch_600.csv
0030,001,VERIFIED_ALTERNATE_EDITION,OPEN_TEXT_DIFFERENT_EDITION,urn:cts:greekLit:tlg0030.tlg005.perseus-grc2,https://scaife.perseus.org/reader/urn:cts:greekLit:tlg0030.tlg005.perseus-grc2,sources/upstream/perseus-canonical-greekLit/data/tlg0030/tlg005/tlg0030.tlg005.perseus-grc2.xml,576cdd552a66b5a0fc542444c0096eabd6e1aac87efe248ea480d9441ca299dc,https://creativecommons.org/licenses/by-sa/4.0/ Available under a Creative Commons Attribution-ShareAlike 4.0 International License,data/research_batches/tlg_0001_1500_b5_cont5_checkpoint_03_0013_030_2396_002.csv
0030,002,VERIFIED_ALTERNATE_EDITION,OPEN_TEXT_DIFFERENT_EDITION,urn:cts:greekLit:tlg0030.tlg001.perseus-grc2,https://scaife.perseus.org/reader/urn:cts:greekLit:tlg0030.tlg001.perseus-grc2,sources/upstream/perseus-canonical-greekLit/data/tlg0030/tlg001/tlg0030.tlg001.perseus-grc2.xml,234fb250311c0f4d00432fc857f50a7e1ef6aafa8213f8cb452834fa56e671a8,https://creativecommons.org/licenses/by-sa/4.0/ Available under a Creative Commons Attribution-ShareAlike 4.0 International License,data/research_batches/tlg_0001_1500_b5_cont5_checkpoint_03_0013_030_2396_002.csv
0030,003,VERIFIED_ALTERNATE_EDITION,OPEN_TEXT_DIFFERENT_EDITION,urn:cts:greekLit:tlg0030.tlg004.perseus-grc2,https://scaife.perseus.org/reader/urn:cts:greekLit:tlg0030.tlg004.perseus-grc2,sources/upstream/perseus-canonical-greekLit/data/tlg0030/tlg004/tlg0030.tlg004.perseus-grc2.xml,d69b296b824eabd59b7b1020dba05e6411d76399bcfa9aff6e07ef4524a3b29c,https://creativecommons.org/licenses/by-sa/4.0/ Available under a Creative Commons Attribution-ShareAlike 4.0 International License,data/research_batches/tlg_0001_1500_b5_cont5_checkpoint_03_0013_030_2396_002.csv
0030,004,VERIFIED_ALTERNATE_EDITION,OPEN_TEXT_DIFFERENT_EDITION,urn:cts:greekLit:tlg0030.tlg002.perseus-grc2,https://scaife.perseus.org/reader/urn:cts:greekLit:tlg0030.tlg002.perseus-grc2,sources/upstream/perseus-canonical-greekLit/data/tlg0030/tlg002/tlg0030.tlg002.perseus-grc2.xml,6ed5cedf572975ab56fcd1d05edfdd62ce7c8a2a0215eb8c8ab15ae9f1952e2e,https://creativecommons.org/licenses/by-sa/4.0/ Available under a Creative Commons Attribution-ShareAlike 4.0 International License,data/research_batches/tlg_0001_1500_b5_cont5_checkpoint_03_0013_030_2396_002.csv
0030,005,VERIFIED_ALTERNATE_EDITION,OPEN_TEXT_DIFFERENT_EDITION,urn:cts:greekLit:tlg0030.tlg003.perseus-grc2,https://scaife.perseus.org/reader/urn:cts:greekLit:tlg0030.tlg003.perseus-grc2,sources/upstream/perseus-canonical-greekLit/data/tlg0030/tlg003/tlg0030.tlg003.perseus-grc2.xml,3df7f620fbdadecfe35b283fb6ad1732576a43487fd63bd370339135cd2ac84e,https://creativecommons.org/licenses/by-sa/4.0/ Available under a Creative Commons Attribution-ShareAlike 4.0 International License,data/research_batches/tlg_0001_1500_b5_cont5_checkpoint_03_0013_030_2396_002.csv
0030,006,VERIFIED_ALTERNATE_EDITION,OPEN_TEXT_DIFFERENT_EDITION,urn:cts:greekLit:tlg0030.tlg006.perseus-grc2,https://scaife.perseus.org/reader/urn:cts:greekLit:tlg0030.tlg006.perseus-grc2,sources/upstream/perseus-canonical-greekLit/data/tlg0030/tlg006/tlg0030.tlg006.perseus-grc2.xml,36ff73dd27edfceb139f10e0b45d26803951655ecc770f53cd297665dea8a376,https://creativecommons.org/licenses/by-sa/4.0/ Available under a Creative Commons Attribution-ShareAlike 4.0 International License,data/research_batches/tlg_0001_1500_b5_cont5_checkpoint_03_0013_030_2396_002.csv
0031,001,VERIFIED_ALTERNATE_EDITION,OPEN_TEXT_COMPLETE_ALTERNATE_EDITION,urn:cts:pta:pta9999.pta063.pta-grc1,https://pta.bbaw.de/text/urn:cts:pta:pta9999.pta063.pta-grc1,sources/upstream/pta_data/data/pta9999/pta063/pta9999.pta063.pta-grc1.xml,564ad7056aec75cc183a28f3a6511f867c2ed8cdce820b98876024a12ef74df2,https://creativecommons.org/licenses/by/4.0/ Copyright © 2010 by the Society of Biblical Literature and Logos Bible Software under the Creative Commons Attribution 4.0 International License (CC BY 4.0),data/research_batches/detailed_verified_3001_batch_600.csv
0031,002,VERIFIED_ALTERNATE_EDITION,OPEN_TEXT_COMPLETE_ALTERNATE_EDITION,urn:cts:pta:pta9999.pta064.pta-grc1,https://pta.bbaw.de/text/urn:cts:pta:pta9999.pta064.pta-grc1,sources/upstream/pta_data/data/pta9999/pta064/pta9999.pta064.pta-grc1.xml,fae52a8573e81c5fb475a2bf25dfe6eef83e6ea4b5b479084cc581948d70e5e7,https://creativecommons.org/licenses/by/4.0/ Copyright © 2010 by the Society of Biblical Literature and Logos Bible Software under the Creative Commons Attribution 4.0 International License (CC BY 4.0),data/research_batches/detailed_verified_3001_batch_600.csv
0031,003,VERIFIED_ALTERNATE_EDITION,OPEN_TEXT_COMPLETE_ALTERNATE_EDITION,urn:cts:pta:pta9999.pta065.pta-grc1,https://pta.bbaw.de/text/urn:cts:pta:pta9999.pta065.pta-grc1,sources/upstream/pta_data/data/pta9999/pta065/pta9999.pta065.pta-grc1.xml,c795876bd7ccbe41e1a8ad4fb24625c6ae3336b5708b400b77c47bef93b66d01,https://creativecommons.org/licenses/by/4.0/ Copyright © 2010 by the Society of Biblical Literature and Logos Bible Software under the Creative Commons Attribution 4.0 International License (CC BY 4.0),data/research_batches/detailed_verified_3001_batch_601.csv
0031,004,VERIFIED_ALTERNATE_EDITION,OPEN_TEXT_COMPLETE_ALTERNATE_EDITION,urn:cts:pta:pta9999.pta066.pta-grc1,https://pta.bbaw.de/text/urn:cts:pta:pta9999.pta066.pta-grc1,sources/upstream/pta_data/data/pta9999/pta066/pta9999.pta066.pta-grc1.xml,1e74780a0700e5ed9756e2372858f14d9ae68e4cbd47370bfa9c33b924aceaa1,https://creativecommons.org/licenses/by/4.0/ Copyright © 2010 by the Society of Biblical Literature and Logos Bible Software under the Creative Commons Attribution 4.0 International License (CC BY 4.0),data/research_batches/detailed_verified_3001_batch_601.csv
0031,005,VERIFIED_ALTERNATE_EDITION,OPEN_TEXT_COMPLETE_ALTERNATE_EDITION,urn:cts:pta:pta9999.pta067.pta-grc1,https://pta.bbaw.de/text/urn:cts:pta:pta9999.pta067.pta-grc1,sources/upstream/pta_data/data/pta9999/pta067/pta9999.pta067.pta-grc1.xml,137b25afa10f2eaea81aa5a48164eba2d2e413719b72ceaa36a563c67ae5e3cb,https://creativecommons.org/licenses/by/4.0/ Copyright © 2010 by the Society of Biblical Literature and Logos Bible Software under the Creative Commons Attribution 4.0 International License (CC BY 4.0),data/research_batches/detailed_verified_3001_batch_601.csv
0031,006,VERIFIED_ALTERNATE_EDITION,OPEN_TEXT_COMPLETE_ALTERNATE_EDITION,urn:cts:pta:pta9999.pta068.pta-grc1,https://pta.bbaw.de/text/urn:cts:pta:pta9999.pta068.pta-grc1,sources/upstream/pta_data/data/pta9999/pta068/pta9999.pta068.pta-grc1.xml,d545bb50ba1173476fef1dc97fe14558d7359c8b92bf71e2557889e854566a7d,https://creativecommons.org/licenses/by/4.0/ Copyright © 2010 by the Society of Biblical Literature and Logos Bible Software under the Creative Commons Attribution 4.0 International License (CC BY 4.0),data/research_batches/detailed_verified_3001_batch_601.csv
0031,007,VERIFIED_ALTERNATE_EDITION,OPEN_TEXT_COMPLETE_ALTERNATE_EDITION,urn:cts:pta:pta9999.pta069.pta-grc1,https://pta.bbaw.de/text/urn:cts:pta:pta9999.pta069.pta-grc1,sources/upstream/pta_data/data/pta9999/pta069/pta9999.pta069.pta-grc1.xml,978199aaeb67237a27a7d2d83b1a9a09af54e35e5650d0593ffb601d9f2c25b1,https://creativecommons.org/licenses/by/4.0/ Copyright © 2010 by the Society of Biblical Literature and Logos Bible Software under the Creative Commons Attribution 4.0 International License (CC BY 4.0),data/research_batches/detailed_verified_3001_batch_601.csv
0031,008,VERIFIED_ALTERNATE_EDITION,OPEN_TEXT_COMPLETE_ALTERNATE_EDITION,urn:cts:pta:pta9999.pta070.pta-grc1,https://pta.bbaw.de/text/urn:cts:pta:pta9999.pta070.pta-grc1,sources/upstream/pta_data/data/pta9999/pta070/pta9999.pta070.pta-grc1.xml,6b7cea4a6cac2d726c058c17d061eacbef4e7f797c8ca40a159e4d3218fbc2c3,https://creativecommons.org/licenses/by/4.0/ Copyright © 2010 by the Society of Biblical Literature and Logos Bible Software under the Creative Commons Attribution 4.0 International License (CC BY 4.0),data/research_batches/detailed_verified_3001_batch_602.csv
0031,009,VERIFIED_ALTERNATE_EDITION,OPEN_TEXT_COMPLETE_ALTERNATE_EDITION,urn:cts:pta:pta9999.pta071.pta-grc1,https://pta.bbaw.de/text/urn:cts:pta:pta9999.pta071.pta-grc1,sources/upstream/pta_data/data/pta9999/pta071/pta9999.pta071.pta-grc1.xml,412089486c97b43e9410aaa881bcbbfb163e72c457b577dd53bf26da11a82192,https://creativecommons.org/licenses/by/4.0/ Copyright © 2010 by the Society of Biblical Literature and Logos Bible Software under the Creative Commons Attribution 4.0 International License (CC BY 4.0),data/research_batches/detailed_verified_3001_batch_602.csv
0031,010,VERIFIED_ALTERNATE_EDITION,OPEN_TEXT_COMPLETE_ALTERNATE_EDITION,urn:cts:pta:pta9999.pta072.pta-grc1,https://pta.bbaw.de/text/urn:cts:pta:pta9999.pta072.pta-grc1,sources/upstream/pta_data/data/pta9999/pta072/pta9999.pta072.pta-grc1.xml,e13b22a37da245140b3c0843af19400f9a729da9e8a72e4947040636e5c1e40c,https://creativecommons.org/licenses/by/4.0/ Copyright © 2010 by the Society of Biblical Literature and Logos Bible Software under the Creative Commons Attribution 4.0 International License (CC BY 4.0),data/research_batches/detailed_verified_3001_batch_602.csv
0031,011,VERIFIED_ALTERNATE_EDITION,OPEN_TEXT_COMPLETE_ALTERNATE_EDITION,urn:cts:pta:pta9999.pta073.pta-grc1,https://pta.bbaw.de/text/urn:cts:pta:pta9999.pta073.pta-grc1,sources/upstream/pta_data/data/pta9999/pta073/pta9999.pta073.pta-grc1.xml,1f25508a6e7a3255d1950adba2a2a472900e65d0f29eac3e1ab23ae461ba12a1,https://creativecommons.org/licenses/by/4.0/ Copyright © 2010 by the Society of Biblical Literature and Logos Bible Software under the Creative Commons Attribution 4.0 International License (CC BY 4.0),data/research_batches/detailed_verified_3001_batch_602.csv
0031,012,VERIFIED_ALTERNATE_EDITION,OPEN_TEXT_COMPLETE_ALTERNATE_EDITION,urn:cts:pta:pta9999.pta074.pta-grc1,https://pta.bbaw.de/text/urn:cts:pta:pta9999.pta074.pta-grc1,sources/upstream/pta_data/data/pta9999/pta074/pta9999.pta074.pta-grc1.xml,8a2188ba23724ad4665daa2744bb297e3181c5b4acdf57ee2f787c930787e788,https://creativecommons.org/licenses/by/4.0/ Copyright © 2010 by the Society of Biblical Literature and Logos Bible Software under the Creative Commons Attribution 4.0 International License (CC BY 4.0),data/research_batches/detailed_verified_3001_batch_602.csv
0031,013,VERIFIED_ALTERNATE_EDITION,OPEN_TEXT_COMPLETE_ALTERNATE_EDITION,urn:cts:pta:pta9999.pta075.pta-grc1,https://pta.bbaw.de/text/urn:cts:pta:pta9999.pta075.pta-grc1,sources/upstream/pta_data/data/pta9999/pta075/pta9999.pta075.pta-grc1.xml,3eeda5d117b638825e510e6ad22102ad6d8f76af6842536a8a9c8713a0cbd9a0,https://creativecommons.org/licenses/by/4.0/ Copyright © 2010 by the Society of Biblical Literature and Logos Bible Software under the Creative Commons Attribution 4.0 International License (CC BY 4.0),data/research_batches/detailed_verified_3001_batch_603.csv
0031,014,VERIFIED_ALTERNATE_EDITION,OPEN_TEXT_COMPLETE_ALTERNATE_EDITION,urn:cts:pta:pta9999.pta076.pta-grc1,https://pta.bbaw.de/text/urn:cts:pta:pta9999.pta076.pta-grc1,sources/upstream/pta_data/data/pta9999/pta076/pta9999.pta076.pta-grc1.xml,3c6c5273c9fcd5094280aac75c05fd29a41e9e16a9af71f6547f13dd2d3b05cb,https://creativecommons.org/licenses/by/4.0/ Copyright © 2010 by the Society of Biblical Literature and Logos Bible Software under the Creative Commons Attribution 4.0 International License (CC BY 4.0),data/research_batches/detailed_verified_3001_batch_603.csv
0031,015,VERIFIED_ALTERNATE_EDITION,OPEN_TEXT_COMPLETE_ALTERNATE_EDITION,urn:cts:pta:pta9999.pta077.pta-grc1,https://pta.bbaw.de/text/urn:cts:pta:pta9999.pta077.pta-grc1,sources/upstream/pta_data/data/pta9999/pta077/pta9999.pta077.pta-grc1.xml,b611cbbd8fc91d0efa448756a20131e81e5a125333db6f99f61d509b4ad95716,https://creativecommons.org/licenses/by/4.0/ Copyright © 2010 by the Society of Biblical Literature and Logos Bible Software under the Creative Commons Attribution 4.0 International License (CC BY 4.0),data/research_batches/detailed_verified_3001_batch_603.csv
0031,016,VERIFIED_ALTERNATE_EDITION,OPEN_TEXT_COMPLETE_ALTERNATE_EDITION,urn:cts:pta:pta9999.pta078.pta-grc1,https://pta.bbaw.de/text/urn:cts:pta:pta9999.pta078.pta-grc1,sources/upstream/pta_data/data/pta9999/pta078/pta9999.pta078.pta-grc1.xml,5c3e99075984e72c695dc7453f0497c864bafecc15211799daadeb58d9a69ca5,https://creativecommons.org/licenses/by/4.0/ Copyright © 2010 by the Society of Biblical Literature and Logos Bible Software under the Creative Commons Attribution 4.0 International License (CC BY 4.0),data/research_batches/detailed_verified_3001_batch_603.csv
0031,017,VERIFIED_ALTERNATE_EDITION,OPEN_TEXT_COMPLETE_ALTERNATE_EDITION,urn:cts:pta:pta9999.pta079.pta-grc1,https://pta.bbaw.de/text/urn:cts:pta:pta9999.pta079.pta-grc1,sources/upstream/pta_data/data/pta9999/pta079/pta9999.pta079.pta-grc1.xml,ea2bd8f549fcfb2e294a377e6e74923fdf0edb72db04c0079399efc8872865c3,https://creativecommons.org/licenses/by/4.0/ Copyright © 2010 by the Society of Biblical Literature and Logos Bible Software under the Creative Commons Attribution 4.0 International License (CC BY 4.0),data/research_batches/detailed_verified_3001_batch_603.csv
0031,018,VERIFIED_ALTERNATE_EDITION,OPEN_TEXT_COMPLETE_ALTERNATE_EDITION,urn:cts:pta:pta9999.pta080.pta-grc1,https://pta.bbaw.de/text/urn:cts:pta:pta9999.pta080.pta-grc1,sources/upstream/pta_data/data/pta9999/pta080/pta9999.pta080.pta-grc1.xml,5da0dad898b5d35a7feaf66fcf0208d57c52872565a70b835af44726ad7a4643,https://creativecommons.org/licenses/by/4.0/ Copyright © 2010 by the Society of Biblical Literature and Logos Bible Software under the Creative Commons Attribution 4.0 International License (CC BY 4.0),data/research_batches/detailed_verified_3001_batch_604.csv
0031,019,VERIFIED_ALTERNATE_EDITION,OPEN_TEXT_COMPLETE_ALTERNATE_EDITION,urn:cts:pta:pta9999.pta081.pta-grc1,https://pta.bbaw.de/text/urn:cts:pta:pta9999.pta081.pta-grc1,sources/upstream/pta_data/data/pta9999/pta081/pta9999.pta081.pta-grc1.xml,83f30050a67ea66c8d8fa45cb47dba3f1da5877a43175ecd4c4d27baa96932fe,https://creativecommons.org/licenses/by/4.0/ Copyright © 2010 by the Society of Biblical Literature and Logos Bible Software under the Creative Commons Attribution 4.0 International License (CC BY 4.0),data/research_batches/detailed_verified_3001_batch_604.csv
0031,020,VERIFIED_ALTERNATE_EDITION,OPEN_TEXT_COMPLETE_ALTERNATE_EDITION,urn:cts:pta:pta9999.pta082.pta-grc1,https://pta.bbaw.de/text/urn:cts:pta:pta9999.pta082.pta-grc1,sources/upstream/pta_data/data/pta9999/pta082/pta9999.pta082.pta-grc1.xml,aed0b29398311285fa7553bd507eb57b3f664f096c8c6111f9414b836b565e8f,https://creativecommons.org/licenses/by/4.0/ Copyright © 2010 by the Society of Biblical Literature and Logos Bible Software under the Creative Commons Attribution 4.0 International License (CC BY 4.0),data/research_batches/detailed_verified_3001_batch_604.csv
0031,021,VERIFIED_ALTERNATE_EDITION,OPEN_TEXT_COMPLETE_ALTERNATE_EDITION,urn:cts:pta:pta9999.pta083.pta-grc1,https://pta.bbaw.de/text/urn:cts:pta:pta9999.pta083.pta-grc1,sources/upstream/pta_data/data/pta9999/pta083/pta9999.pta083.pta-grc1.xml,fb67881ff529774aba2c4b03867b4e775b60ded271820f9b6cacdc6d472d56e0,https://creativecommons.org/licenses/by/4.0/ Copyright © 2010 by the Society of Biblical Literature and Logos Bible Software under the Creative Commons Attribution 4.0 International License (CC BY 4.0),data/research_batches/detailed_verified_3001_batch_604.csv
0031,022,VERIFIED_ALTERNATE_EDITION,OPEN_TEXT_COMPLETE_ALTERNATE_EDITION,urn:cts:pta:pta9999.pta084.pta-grc1,https://pta.bbaw.de/text/urn:cts:pta:pta9999.pta084.pta-grc1,sources/upstream/pta_data/data/pta9999/pta084/pta9999.pta084.pta-grc1.xml,ad634809dbe83c65687e917ecb72888f7726d1c8dd644b1d0b80e1b51cd64f34,https://creativecommons.org/licenses/by/4.0/ Copyright © 2010 by the Society of Biblical Literature and Logos Bible Software under the Creative Commons Attribution 4.0 International License (CC BY 4.0),data/research_batches/detailed_verified_3001_batch_604.csv
0031,023,VERIFIED_ALTERNATE_EDITION,OPEN_TEXT_COMPLETE_ALTERNATE_EDITION,urn:cts:pta:pta9999.pta085.pta-grc1,https://pta.bbaw.de/text/urn:cts:pta:pta9999.pta085.pta-grc1,sources/upstream/pta_data/data/pta9999/pta085/pta9999.pta085.pta-grc1.xml,c41ce67159db5bc8112d9ff9449977de91791a9603395a042682520e51a77640,https://creativecommons.org/licenses/by/4.0/ Copyright © 2010 by the Society of Biblical Literature and Logos Bible Software under the Creative Commons Attribution 4.0 International License (CC BY 4.0),data/research_batches/detailed_verified_3001_batch_605.csv
0031,024,VERIFIED_ALTERNATE_EDITION,OPEN_TEXT_COMPLETE_ALTERNATE_EDITION,urn:cts:pta:pta9999.pta086.pta-grc1,https://pta.bbaw.de/text/urn:cts:pta:pta9999.pta086.pta-grc1,sources/upstream/pta_data/data/pta9999/pta086/pta9999.pta086.pta-grc1.xml,02388155b509f9c5d78f6c76a794e1dc4eeb2c985b6b652bc079560b65bc1ef3,https://creativecommons.org/licenses/by/4.0/ Copyright © 2010 by the Society of Biblical Literature and Logos Bible Software under the Creative Commons Attribution 4.0 International License (CC BY 4.0),data/research_batches/detailed_verified_3001_batch_605.csv
0031,025,VERIFIED_ALTERNATE_EDITION,OPEN_TEXT_COMPLETE_ALTERNATE_EDITION,urn:cts:pta:pta9999.pta087.pta-grc1,https://pta.bbaw.de/text/urn:cts:pta:pta9999.pta087.pta-grc1,sources/upstream/pta_data/data/pta9999/pta087/pta9999.pta087.pta-grc1.xml,76e503fe4184bd9d24cbf40344bd0151022d1dac0930a6acf1a19477c1483dcf,https://creativecommons.org/licenses/by/4.0/ Copyright © 2010 by the Society of Biblical Literature and Logos Bible Software under the Creative Commons Attribution 4.0 International License (CC BY 4.0),data/research_batches/detailed_verified_3001_batch_605.csv
0031,026,VERIFIED_ALTERNATE_EDITION,OPEN_TEXT_COMPLETE_ALTERNATE_EDITION,urn:cts:pta:pta9999.pta088.pta-grc1,https://pta.bbaw.de/text/urn:cts:pta:pta9999.pta088.pta-grc1,sources/upstream/pta_data/data/pta9999/pta088/pta9999.pta088.pta-grc1.xml,86028d316bec40921c5d22783648a7f6e30990984dbb6ed74a984cb3673a2ce4,https://creativecommons.org/licenses/by/4.0/ Copyright © 2010 by the Society of Biblical Literature and Logos Bible Software under the Creative Commons Attribution 4.0 International License (CC BY 4.0),data/research_batches/detailed_verified_3001_batch_605.csv
0031,027,VERIFIED_ALTERNATE_EDITION,OPEN_TEXT_COMPLETE_ALTERNATE_EDITION,urn:cts:pta:pta9999.pta089.pta-grc1,https://pta.bbaw.de/text/urn:cts:pta:pta9999.pta089.pta-grc1,sources/upstream/pta_data/data/pta9999/pta089/pta9999.pta089.pta-grc1.xml,72d1562a1ebe91e5278d81c89efb1815c9f97e404921a7606426b64e73b522f2,https://creativecommons.org/licenses/by/4.0/ Copyright © 2010 by the Society of Biblical Literature and Logos Bible Software under the Creative Commons Attribution 4.0 International License (CC BY 4.0),data/research_batches/detailed_verified_3001_batch_605.csv
0033,001,VERIFIED_ALTERNATE_EDITION,OPEN_TEXT_COMPLETE_ALTERNATE_EDITION,urn:cts:greekLit:tlg0033.tlg001.perseus-grc2,https://scaife.perseus.org/reader/urn:cts:greekLit:tlg0033.tlg001.perseus-grc2,sources/upstream/perseus-canonical-greekLit/data/tlg0033/tlg001/tlg0033.tlg001.perseus-grc2.xml,9c1ace543afb2c6d8fd58bfeeb7107c83f0c626a5c23591e9b2f93f0d1480214,CC BY-SA 4.0 (repository default; verify file),data/research_batches/detailed_verified_3001_batch_609.csv
0033,002,VERIFIED_ALTERNATE_EDITION,OPEN_TEXT_COMPLETE_ALTERNATE_EDITION,urn:cts:greekLit:tlg0033.tlg002.perseus-grc2,https://scaife.perseus.org/reader/urn:cts:greekLit:tlg0033.tlg002.perseus-grc2,sources/upstream/perseus-canonical-greekLit/data/tlg0033/tlg002/tlg0033.tlg002.perseus-grc2.xml,92ccddc89d207e4d49727979cde64266ab652b337e593ab8c15a21960077a221,CC BY-SA 4.0 (repository default; verify file),data/research_batches/detailed_verified_3001_batch_609.csv
0033,003,VERIFIED_ALTERNATE_EDITION,OPEN_TEXT_COMPLETE_ALTERNATE_EDITION,urn:cts:greekLit:tlg0033.tlg003.perseus-grc2,https://scaife.perseus.org/reader/urn:cts:greekLit:tlg0033.tlg003.perseus-grc2,sources/upstream/perseus-canonical-greekLit/data/tlg0033/tlg003/tlg0033.tlg003.perseus-grc2.xml,8cf2e1732f14d12296ffbadd326c0f7682e44e2f2412a73f7566df5242f77662,CC BY-SA 4.0 (repository default; verify file),data/research_batches/detailed_verified_3001_batch_609.csv
0033,004,VERIFIED_ALTERNATE_EDITION,OPEN_TEXT_COMPLETE_ALTERNATE_EDITION,urn:cts:greekLit:tlg0033.tlg004.perseus-grc2,https://scaife.perseus.org/reader/urn:cts:greekLit:tlg0033.tlg004.perseus-grc2,sources/upstream/perseus-canonical-greekLit/data/tlg0033/tlg004/tlg0033.tlg004.perseus-grc2.xml,bdaa0c07d6bc81f31832fa8283573222f2d7e918ef964fdd44ff1e3471f66fd1,CC BY-SA 4.0 (repository default; verify file),data/research_batches/detailed_verified_3001_batch_609.csv
0035,001,VERIFIED_ALTERNATE_EDITION,OPEN_TEXT_COMPLETE_ALTERNATE_EDITION,urn:cts:greekLit:tlg0035.tlg001.perseus-grc2,https://scaife.perseus.org/reader/urn:cts:greekLit:tlg0035.tlg001.perseus-grc2,sources/upstream/perseus-canonical-greekLit/data/tlg0035/tlg001/tlg0035.tlg001.perseus-grc2.xml,d0de5e7d666f6f3f6a8c86b79db979c05a05a7bfa5de38c999728b35350834a0,https://creativecommons.org/licenses/by-sa/4.0/ Available under a Creative Commons Attribution-ShareAlike 4.0 International License,data/research_batches/detailed_verified_3001_batch_610.csv
0035,002,VERIFIED_ALTERNATE_EDITION,OPEN_TEXT_COMPLETE_ALTERNATE_EDITION,urn:cts:greekLit:tlg0035.tlg002.perseus-grc2,https://scaife.perseus.org/reader/urn:cts:greekLit:tlg0035.tlg002.perseus-grc2,sources/upstream/perseus-canonical-greekLit/data/tlg0035/tlg002/tlg0035.tlg002.perseus-grc2.xml,f5b59d0073ee119aadc1cdf0141a745158474d50f4f0f2b9e2f4f73c40839a2e,https://creativecommons.org/licenses/by-sa/4.0/ Available under a Creative Commons Attribution-ShareAlike 4.0 International License,data/research_batches/detailed_verified_3001_batch_610.csv
0035,003,VERIFIED_ALTERNATE_EDITION,OPEN_TEXT_COMPLETE_ALTERNATE_EDITION,urn:cts:greekLit:tlg0035.tlg003.perseus-grc2,https://scaife.perseus.org/reader/urn:cts:greekLit:tlg0035.tlg003.perseus-grc2,sources/upstream/perseus-canonical-greekLit/data/tlg0035/tlg003/tlg0035.tlg003.perseus-grc2.xml,12ed817366ce9c2b4d77ccc6a6814027c73643b12fd4e8b78cd3268ef67b77f7,https://creativecommons.org/licenses/by-sa/4.0/ Available under a Creative Commons Attribution-ShareAlike 4.0 International License,data/research_batches/detailed_verified_3001_batch_610.csv
0035,004,VERIFIED_ALTERNATE_EDITION,OPEN_TEXT_COMPLETE_ALTERNATE_EDITION,urn:cts:greekLit:tlg0035.tlg004.perseus-grc2,https://scaife.perseus.org/reader/urn:cts:greekLit:tlg0035.tlg004.perseus-grc2,sources/upstream/perseus-canonical-greekLit/data/tlg0035/tlg004/tlg0035.tlg004.perseus-grc2.xml,782c4cabebfe7edde8c790ffa010f18de72d73ea6692d34bfe355cd3dd701a42,https://creativecommons.org/licenses/by-sa/4.0/ Available under a Creative Commons Attribution-ShareAlike 4.0 International License,data/research_batches/detailed_verified_3001_batch_610.csv
0035,005,VERIFIED_ALTERNATE_EDITION,OPEN_TEXT_COMPLETE_ALTERNATE_EDITION,urn:cts:greekLit:tlg0035.tlg005.perseus-grc2,https://scaife.perseus.org/reader/urn:cts:greekLit:tlg0035.tlg005.perseus-grc2,sources/upstream/perseus-canonical-greekLit/data/tlg0035/tlg005/tlg0035.tlg005.perseus-grc2.xml,4611cdc7909711007033845625936947a7a9818a2bdfa12eb26b29c3568d4713,https://creativecommons.org/licenses/by-sa/4.0/ Available under a Creative Commons Attribution-ShareAlike 4.0 International License,data/research_batches/detailed_verified_3001_batch_610.csv
0058,001,VERIFIED_ALTERNATE_EDITION,OPEN_TEXT_COMPLETE_ALTERNATE_EDITION,urn:cts:greekLit:tlg0058.tlg001.perseus-grc2,https://scaife.perseus.org/reader/urn:cts:greekLit:tlg0058.tlg001.perseus-grc2,sources/upstream/perseus-canonical-greekLit/data/tlg0058/tlg001/tlg0058.tlg001.perseus-grc2.xml,50c51eab7d34c7f9b660f443ecab7de6abae9eb58cab62544ee3c962524b7799,CC BY-SA 4.0 (repository default; verify file),data/research_batches/detailed_verified_3001_batch_613.csv
0059,001,VERIFIED_ALTERNATE_EDITION,OPEN_TEXT_COMPLETE_ALTERNATE_EDITION,urn:cts:greekLit:tlg0059.tlg001.perseus-grc1,https://scaife.perseus.org/reader/urn:cts:greekLit:tlg0059.tlg001.perseus-grc1,sources/upstream/perseus-canonical-greekLit/data/tlg0059/tlg001/tlg0059.tlg001.perseus-grc1.xml,451503e2c63b2d04fd22794b2d95e3a1e09231408799ee7dcd7c2fe5aa6824db,CC BY-SA 4.0 (repository default; verify file),data/research_batches/detailed_verified_3001_batch_613.csv
0059,002,VERIFIED_ALTERNATE_EDITION,OPEN_TEXT_COMPLETE_ALTERNATE_EDITION,urn:cts:greekLit:tlg0059.tlg002.perseus-grc2,https://scaife.perseus.org/reader/urn:cts:greekLit:tlg0059.tlg002.perseus-grc2,sources/upstream/perseus-canonical-greekLit/data/tlg0059/tlg002/tlg0059.tlg002.perseus-grc2.xml,eeb130acb6146e1a8ee3c8f3d5de9a70fda6aef849f4f2200360fa811a302aaa,CC BY-SA 4.0 (repository default; verify file),data/research_batches/detailed_verified_3001_batch_614.csv
0059,003,VERIFIED_ALTERNATE_EDITION,OPEN_TEXT_COMPLETE_ALTERNATE_EDITION,urn:cts:greekLit:tlg0059.tlg003.perseus-grc2,https://scaife.perseus.org/reader/urn:cts:greekLit:tlg0059.tlg003.perseus-grc2,sources/upstream/perseus-canonical-greekLit/data/tlg0059/tlg003/tlg0059.tlg003.perseus-grc2.xml,6ea953bd4e89b3141f02a6646ad2418dd1708f8f1aa7f98df9e64d7244c2da53,CC BY-SA 4.0 (repository default; verify file),data/research_batches/detailed_verified_3001_batch_614.csv
0059,004,VERIFIED_ALTERNATE_EDITION,OPEN_TEXT_COMPLETE_ALTERNATE_EDITION,urn:cts:greekLit:tlg0059.tlg004.perseus-grc2,https://scaife.perseus.org/reader/urn:cts:greekLit:tlg0059.tlg004.perseus-grc2,sources/upstream/perseus-canonical-greekLit/data/tlg0059/tlg004/tlg0059.tlg004.perseus-grc2.xml,4c9dca94a11ed9a9b4f2f24d0a65f1cefb2b8b794f23b6997b5a33a355e13e9a,CC BY-SA 4.0 (repository default; verify file),data/research_batches/detailed_verified_3001_batch_614.csv
0059,005,VERIFIED_ALTERNATE_EDITION,OPEN_TEXT_COMPLETE_ALTERNATE_EDITION,urn:cts:greekLit:tlg0059.tlg005.perseus-grc2,https://scaife.perseus.org/reader/urn:cts:greekLit:tlg0059.tlg005.perseus-grc2,sources/upstream/perseus-canonical-greekLit/data/tlg0059/tlg005/tlg0059.tlg005.perseus-grc2.xml,c3332c9b18dd929ad225a244353b397f6011a0274d968b14775be4241c8baf1e,CC BY-SA 4.0 (repository default; verify file),data/research_batches/detailed_verified_3001_batch_614.csv
0059,006,VERIFIED_ALTERNATE_EDITION,OPEN_TEXT_COMPLETE_ALTERNATE_EDITION,urn:cts:greekLit:tlg0059.tlg006.perseus-grc2,https://scaife.perseus.org/reader/urn:cts:greekLit:tlg0059.tlg006.perseus-grc2,sources/upstream/perseus-canonical-greekLit/data/tlg0059/tlg006/tlg0059.tlg006.perseus-grc2.xml,87594a9b47bbb0011b377d56e77f2a56a01bdf8e3c52094fd487b34f34bde96e,CC BY-SA 4.0 (repository default; verify file),data/research_batches/detailed_verified_3001_batch_614.csv
0059,007,VERIFIED_ALTERNATE_EDITION,OPEN_TEXT_COMPLETE_ALTERNATE_EDITION,urn:cts:greekLit:tlg0059.tlg007.perseus-grc2,https://scaife.perseus.org/reader/urn:cts:greekLit:tlg0059.tlg007.perseus-grc2,sources/upstream/perseus-canonical-greekLit/data/tlg0059/tlg007/tlg0059.tlg007.perseus-grc2.xml,5f77096d05f13d62bfdc5cffa588e46ab6576beb63fa7c1b1af835e3abf82d3b,CC BY-SA 4.0 (repository default; verify file),data/research_batches/detailed_verified_3001_batch_615.csv
0059,008,VERIFIED_ALTERNATE_EDITION,OPEN_TEXT_COMPLETE_ALTERNATE_EDITION,urn:cts:greekLit:tlg0059.tlg008.perseus-grc2,https://scaife.perseus.org/reader/urn:cts:greekLit:tlg0059.tlg008.perseus-grc2,sources/upstream/perseus-canonical-greekLit/data/tlg0059/tlg008/tlg0059.tlg008.perseus-grc2.xml,74c507549b04ecc26dba0c6e115f3dd33835eeda0aa1cfe356b0b0d752a26a1b,CC BY-SA 4.0 (repository default; verify file),data/research_batches/detailed_verified_3001_batch_615.csv
0059,009,VERIFIED_ALTERNATE_EDITION,OPEN_TEXT_COMPLETE_ALTERNATE_EDITION,urn:cts:greekLit:tlg0059.tlg009.perseus-grc2,https://scaife.perseus.org/reader/urn:cts:greekLit:tlg0059.tlg009.perseus-grc2,sources/upstream/perseus-canonical-greekLit/data/tlg0059/tlg009/tlg0059.tlg009.perseus-grc2.xml,2136b83bd8913ab60cf591e1a5342bff2608ca5288d1d13968633fe8fa212e0a,CC BY-SA 4.0 (repository default; verify file),data/research_batches/detailed_verified_3001_batch_615.csv
0059,010,VERIFIED_ALTERNATE_EDITION,OPEN_TEXT_COMPLETE_ALTERNATE_EDITION,urn:cts:greekLit:tlg0059.tlg010.perseus-grc2,https://scaife.perseus.org/reader/urn:cts:greekLit:tlg0059.tlg010.perseus-grc2,sources/upstream/perseus-canonical-greekLit/data/tlg0059/tlg010/tlg0059.tlg010.perseus-grc2.xml,fdb4ac57f6d1d898704334e5713f7213f0a17a5d8123f30f0f0ab10259b06f4e,CC BY-SA 4.0 (repository default; verify file),data/research_batches/detailed_verified_3001_batch_615.csv
0059,011,VERIFIED_ALTERNATE_EDITION,OPEN_TEXT_COMPLETE_ALTERNATE_EDITION,urn:cts:greekLit:tlg0059.tlg011.perseus-grc2,https://scaife.perseus.org/reader/urn:cts:greekLit:tlg0059.tlg011.perseus-grc2,sources/upstream/perseus-canonical-greekLit/data/tlg0059/tlg011/tlg0059.tlg011.perseus-grc2.xml,4378dee4cb07a0b5f9aa1d14f48d6da81d962b6feed8d4ad42c3072666761e5c,CC BY-SA 4.0 (repository default; verify file),data/research_batches/detailed_verified_3001_batch_615.csv
0059,012,VERIFIED_ALTERNATE_EDITION,OPEN_TEXT_COMPLETE_ALTERNATE_EDITION,urn:cts:greekLit:tlg0059.tlg012.perseus-grc2,https://scaife.perseus.org/reader/urn:cts:greekLit:tlg0059.tlg012.perseus-grc2,sources/upstream/perseus-canonical-greekLit/data/tlg0059/tlg012/tlg0059.tlg012.perseus-grc2.xml,093ffd99183cf5c54d966328f869f5a130bc38f4ec656b6f91b9ba7ed54b3e57,CC BY-SA 4.0 (repository default; verify file),data/research_batches/detailed_verified_3001_batch_616.csv
0059,013,VERIFIED_ALTERNATE_EDITION,OPEN_TEXT_COMPLETE_ALTERNATE_EDITION,urn:cts:greekLit:tlg0059.tlg013.perseus-grc2,https://scaife.perseus.org/reader/urn:cts:greekLit:tlg0059.tlg013.perseus-grc2,sources/upstream/perseus-canonical-greekLit/data/tlg0059/tlg013/tlg0059.tlg013.perseus-grc2.xml,1fd0f174b5267d7792adb383359444e5721ce8d9fd84db1e279ac89304c6610e,CC BY-SA 4.0 (repository default; verify file),data/research_batches/detailed_verified_3001_batch_616.csv
0059,014,VERIFIED_ALTERNATE_EDITION,OPEN_TEXT_COMPLETE_ALTERNATE_EDITION,urn:cts:greekLit:tlg0059.tlg014.perseus-grc2,https://scaife.perseus.org/reader/urn:cts:greekLit:tlg0059.tlg014.perseus-grc2,sources/upstream/perseus-canonical-greekLit/data/tlg0059/tlg014/tlg0059.tlg014.perseus-grc2.xml,45877fc9bea70443a19f6b3804e0adee4ea4cd6d5d12569a5c3db0f39bc2d255,CC BY-SA 4.0 (repository default; verify file),data/research_batches/detailed_verified_3001_batch_616.csv
0059,015,VERIFIED_ALTERNATE_EDITION,OPEN_TEXT_COMPLETE_ALTERNATE_EDITION,urn:cts:greekLit:tlg0059.tlg015.perseus-grc2,https://scaife.perseus.org/reader/urn:cts:greekLit:tlg0059.tlg015.perseus-grc2,sources/upstream/perseus-canonical-greekLit/data/tlg0059/tlg015/tlg0059.tlg015.perseus-grc2.xml,499f97454dc1f31e144d3b10ebbb48daa1cac0eb4de4eca899b3f98029d75221,CC BY-SA 4.0 (repository default; verify file),data/research_batches/detailed_verified_3001_batch_616.csv
0059,016,VERIFIED_ALTERNATE_EDITION,OPEN_TEXT_COMPLETE_ALTERNATE_EDITION,urn:cts:greekLit:tlg0059.tlg016.perseus-grc2,https://scaife.perseus.org/reader/urn:cts:greekLit:tlg0059.tlg016.perseus-grc2,sources/upstream/perseus-canonical-greekLit/data/tlg0059/tlg016/tlg0059.tlg016.perseus-grc2.xml,8c46002a30819cb4126310a94a08eab23f97d642fd256091da20a692ee0380e6,CC BY-SA 4.0 (repository default; verify file),data/research_batches/detailed_verified_3001_batch_616.csv
0059,017,VERIFIED_ALTERNATE_EDITION,OPEN_TEXT_COMPLETE_ALTERNATE_EDITION,urn:cts:greekLit:tlg0059.tlg017.perseus-grc2,https://scaife.perseus.org/reader/urn:cts:greekLit:tlg0059.tlg017.perseus-grc2,sources/upstream/perseus-canonical-greekLit/data/tlg0059/tlg017/tlg0059.tlg017.perseus-grc2.xml,80b9042b100538b7e50050a138c411a4f56a96baff5911bffef336bb5ea50766,CC BY-SA 4.0 (repository default; verify file),data/research_batches/detailed_verified_3001_batch_617.csv
0059,018,VERIFIED_ALTERNATE_EDITION,OPEN_TEXT_COMPLETE_ALTERNATE_EDITION,urn:cts:greekLit:tlg0059.tlg018.perseus-grc2,https://scaife.perseus.org/reader/urn:cts:greekLit:tlg0059.tlg018.perseus-grc2,sources/upstream/perseus-canonical-greekLit/data/tlg0059/tlg018/tlg0059.tlg018.perseus-grc2.xml,9504a2be48facd559a98d9978ee9feb0ebd3d723be9a1fc974051809e8aabda4,CC BY-SA 4.0 (repository default; verify file),data/research_batches/detailed_verified_3001_batch_617.csv
0059,019,VERIFIED_ALTERNATE_EDITION,OPEN_TEXT_COMPLETE_ALTERNATE_EDITION,urn:cts:greekLit:tlg0059.tlg019.perseus-grc2,https://scaife.perseus.org/reader/urn:cts:greekLit:tlg0059.tlg019.perseus-grc2,sources/upstream/perseus-canonical-greekLit/data/tlg0059/tlg019/tlg0059.tlg019.perseus-grc2.xml,89091b573e02033a53043a4668dde6263aedce284945175bddd9834eb6cbb5e1,CC BY-SA 4.0 (repository default; verify file),data/research_batches/detailed_verified_3001_batch_617.csv
0059,020,VERIFIED_ALTERNATE_EDITION,OPEN_TEXT_COMPLETE_ALTERNATE_EDITION,urn:cts:greekLit:tlg0059.tlg020.perseus-grc2,https://scaife.perseus.org/reader/urn:cts:greekLit:tlg0059.tlg020.perseus-grc2,sources/upstream/perseus-canonical-greekLit/data/tlg0059/tlg020/tlg0059.tlg020.perseus-grc2.xml,7c7a7b9dc8c6281d5f2fb90f199288ee2e3075477f6e4c681705ff544cf83e7f,CC BY-SA 4.0 (repository default; verify file),data/research_batches/detailed_verified_3001_batch_617.csv
0059,021,VERIFIED_ALTERNATE_EDITION,OPEN_TEXT_COMPLETE_ALTERNATE_EDITION,urn:cts:greekLit:tlg0059.tlg021.perseus-grc2,https://scaife.perseus.org/reader/urn:cts:greekLit:tlg0059.tlg021.perseus-grc2,sources/upstream/perseus-canonical-greekLit/data/tlg0059/tlg021/tlg0059.tlg021.perseus-grc2.xml,1355ded66b3181932141f19fc5f018cc210bfad2c4a719d5529df37c51d8e071,CC BY-SA 4.0 (repository default; verify file),data/research_batches/detailed_verified_3001_batch_617.csv
0059,022,VERIFIED_ALTERNATE_EDITION,OPEN_TEXT_COMPLETE_ALTERNATE_EDITION,urn:cts:greekLit:tlg0059.tlg022.perseus-grc2,https://scaife.perseus.org/reader/urn:cts:greekLit:tlg0059.tlg022.perseus-grc2,sources/upstream/perseus-canonical-greekLit/data/tlg0059/tlg022/tlg0059.tlg022.perseus-grc2.xml,1a78b4b0055f083db3c63bdb5c0fddbd77ab377b049eeaa4c74e5dbaa618aed9,CC BY-SA 4.0 (repository default; verify file),data/research_batches/detailed_verified_3001_batch_618.csv
0059,023,VERIFIED_ALTERNATE_EDITION,OPEN_TEXT_COMPLETE_ALTERNATE_EDITION,urn:cts:greekLit:tlg0059.tlg023.perseus-grc2,https://scaife.perseus.org/reader/urn:cts:greekLit:tlg0059.tlg023.perseus-grc2,sources/upstream/perseus-canonical-greekLit/data/tlg0059/tlg023/tlg0059.tlg023.perseus-grc2.xml,b025415cd8ab17a49c8ff4762cba05e58bb221e3477393e4d1ea120e665e0b33,CC BY-SA 4.0 (repository default; verify file),data/research_batches/detailed_verified_3001_batch_618.csv
0059,024,VERIFIED_ALTERNATE_EDITION,OPEN_TEXT_COMPLETE_ALTERNATE_EDITION,urn:cts:greekLit:tlg0059.tlg024.perseus-grc2,https://scaife.perseus.org/reader/urn:cts:greekLit:tlg0059.tlg024.perseus-grc2,sources/upstream/perseus-canonical-greekLit/data/tlg0059/tlg024/tlg0059.tlg024.perseus-grc2.xml,03c5cc32c05c81d291df98c6fde488e74cb49dea13e76cc1ec91b0a9144260eb,CC BY-SA 4.0 (repository default; verify file),data/research_batches/detailed_verified_3001_batch_618.csv
0059,025,VERIFIED_ALTERNATE_EDITION,OPEN_TEXT_COMPLETE_ALTERNATE_EDITION,urn:cts:greekLit:tlg0059.tlg025.perseus-grc2,https://scaife.perseus.org/reader/urn:cts:greekLit:tlg0059.tlg025.perseus-grc2,sources/upstream/perseus-canonical-greekLit/data/tlg0059/tlg025/tlg0059.tlg025.perseus-grc2.xml,abe8edd3ddf2716f4cf6fdb9a942feb3a385024e3eb0e38a54105618bb37f811,CC BY-SA 4.0 (repository default; verify file),data/research_batches/detailed_verified_3001_batch_618.csv
0059,026,VERIFIED_ALTERNATE_EDITION,OPEN_TEXT_COMPLETE_ALTERNATE_EDITION,urn:cts:greekLit:tlg0059.tlg026.perseus-grc2,https://scaife.perseus.org/reader/urn:cts:greekLit:tlg0059.tlg026.perseus-grc2,sources/upstream/perseus-canonical-greekLit/data/tlg0059/tlg026/tlg0059.tlg026.perseus-grc2.xml,db44a8d3a7e8b187388f8ee49d468a562e09f7911a76b09c6a239f85ec46fc90,CC BY-SA 4.0 (repository default; verify file),data/research_batches/detailed_verified_3001_batch_618.csv
0059,027,VERIFIED_ALTERNATE_EDITION,OPEN_TEXT_COMPLETE_ALTERNATE_EDITION,urn:cts:greekLit:tlg0059.tlg027.perseus-grc2,https://scaife.perseus.org/reader/urn:cts:greekLit:tlg0059.tlg027.perseus-grc2,sources/upstream/perseus-canonical-greekLit/data/tlg0059/tlg027/tlg0059.tlg027.perseus-grc2.xml,87f43d0dfa10ee965de883fe5e9af6bdce4e1b8447279a47c388e544cd6e0248,CC BY-SA 4.0 (repository default; verify file),data/research_batches/detailed_verified_3001_batch_619.csv
0059,028,VERIFIED_ALTERNATE_EDITION,OPEN_TEXT_COMPLETE_ALTERNATE_EDITION,urn:cts:greekLit:tlg0059.tlg028.perseus-grc2,https://scaife.perseus.org/reader/urn:cts:greekLit:tlg0059.tlg028.perseus-grc2,sources/upstream/perseus-canonical-greekLit/data/tlg0059/tlg028/tlg0059.tlg028.perseus-grc2.xml,ad78d37a6f38da6d28aafece98672edbb527f83c386cd3398610eed69be0966c,CC BY-SA 4.0 (repository default; verify file),data/research_batches/detailed_verified_3001_batch_619.csv
0059,029,VERIFIED_ALTERNATE_EDITION,OPEN_TEXT_COMPLETE_ALTERNATE_EDITION,urn:cts:greekLit:tlg0059.tlg029.perseus-grc2,https://scaife.perseus.org/reader/urn:cts:greekLit:tlg0059.tlg029.perseus-grc2,sources/upstream/perseus-canonical-greekLit/data/tlg0059/tlg029/tlg0059.tlg029.perseus-grc2.xml,44c57cab59f0f696c49b7e3e18d9d95e2f8b6bdbe27c380eba8459a78ed23aaf,CC BY-SA 4.0 (repository default; verify file),data/research_batches/detailed_verified_3001_batch_619.csv
0059,030,VERIFIED_ALTERNATE_EDITION,OPEN_TEXT_COMPLETE_ALTERNATE_EDITION,urn:cts:greekLit:tlg0059.tlg030.perseus-grc2,https://scaife.perseus.org/reader/urn:cts:greekLit:tlg0059.tlg030.perseus-grc2,sources/upstream/perseus-canonical-greekLit/data/tlg0059/tlg030/tlg0059.tlg030.perseus-grc2.xml,da2bfcf943497bb147fc49ae4b47bf0919e1db790bcf7de830dc259e76379d4f,CC BY-SA 4.0 (repository default; verify file),data/research_batches/detailed_verified_3001_batch_619.csv
0059,031,VERIFIED_ALTERNATE_EDITION,OPEN_TEXT_COMPLETE_ALTERNATE_EDITION,urn:cts:greekLit:tlg0059.tlg031.perseus-grc2,https://scaife.perseus.org/reader/urn:cts:greekLit:tlg0059.tlg031.perseus-grc2,sources/upstream/perseus-canonical-greekLit/data/tlg0059/tlg031/tlg0059.tlg031.perseus-grc2.xml,9280b741ab6e430b710d3cea58979e0b2b117b1762074798ece640e099858289,CC BY-SA 4.0 (repository default; verify file),data/research_batches/detailed_verified_3001_batch_619.csv
0059,032,VERIFIED_ALTERNATE_EDITION,OPEN_TEXT_COMPLETE_ALTERNATE_EDITION,urn:cts:greekLit:tlg0059.tlg032.perseus-grc2,https://scaife.perseus.org/reader/urn:cts:greekLit:tlg0059.tlg032.perseus-grc2,sources/upstream/perseus-canonical-greekLit/data/tlg0059/tlg032/tlg0059.tlg032.perseus-grc2.xml,381a66b13e409af620225f86f57c04b919cdd5856c6d931243522dc30911291e,CC BY-SA 4.0 (repository default; verify file),data/research_batches/detailed_verified_3001_batch_620.csv
0059,033,VERIFIED_ALTERNATE_EDITION,OPEN_TEXT_COMPLETE_ALTERNATE_EDITION,urn:cts:greekLit:tlg0059.tlg033.perseus-grc2,https://scaife.perseus.org/reader/urn:cts:greekLit:tlg0059.tlg033.perseus-grc2,sources/upstream/perseus-canonical-greekLit/data/tlg0059/tlg033/tlg0059.tlg033.perseus-grc2.xml,8ce4297d99e12b9d41bba890dacbb9cf250fabcb1b195cb05c7568b0f733c96b,CC BY-SA 4.0 (repository default; verify file),data/research_batches/detailed_verified_3001_batch_620.csv
0059,034,VERIFIED_ALTERNATE_EDITION,OPEN_TEXT_COMPLETE_ALTERNATE_EDITION,urn:cts:greekLit:tlg0059.tlg034.perseus-grc2,https://scaife.perseus.org/reader/urn:cts:greekLit:tlg0059.tlg034.perseus-grc2,sources/upstream/perseus-canonical-greekLit/data/tlg0059/tlg034/tlg0059.tlg034.perseus-grc2.xml,5684a3c60efafb4f2410d6c98902e0371a22ec32eb60ebe1644987eb7961a20e,CC BY-SA 4.0 (repository default; verify file),data/research_batches/detailed_verified_3001_batch_620.csv
0059,035,VERIFIED_ALTERNATE_EDITION,OPEN_TEXT_COMPLETE_ALTERNATE_EDITION,urn:cts:greekLit:tlg0059.tlg035.perseus-grc2,https://scaife.perseus.org/reader/urn:cts:greekLit:tlg0059.tlg035.perseus-grc2,sources/upstream/perseus-canonical-greekLit/data/tlg0059/tlg035/tlg0059.tlg035.perseus-grc2.xml,c8f559b3ce2121f79ca2d324217d7cfa5ba3f2fcbeff5125ba83dad1c2ea22f3,CC BY-SA 4.0 (repository default; verify file),data/research_batches/detailed_verified_3001_batch_620.csv
0059,036,VERIFIED_ALTERNATE_EDITION,OPEN_TEXT_COMPLETE_ALTERNATE_EDITION,urn:cts:greekLit:tlg0059.tlg036.perseus-grc2,https://scaife.perseus.org/reader/urn:cts:greekLit:tlg0059.tlg036.perseus-grc2,sources/upstream/perseus-canonical-greekLit/data/tlg0059/tlg036/tlg0059.tlg036.perseus-grc2.xml,29d90e72c2ba36d89dd24938539711ddcfa3997dc649437e99f16f9d31d99758,CC BY-SA 4.0 (repository default; verify file),data/research_batches/detailed_verified_3001_batch_620.csv
0061,010,VERIFIED_ALTERNATE_EDITION,OPEN_TEXT_DIFFERENT_EDITION,urn:cts:greekLit:tlg7000.tlg001.perseus-grc8,https://scaife.perseus.org/reader/urn:cts:greekLit:tlg7000.tlg001.perseus-grc8,sources/upstream/perseus-canonical-greekLit/data/tlg7000/tlg001/tlg7000.tlg001.perseus-grc8.xml,9b81af23cccc9438b885d687105f679157a52d361916e43c7bc1dcb8e4e432f3,https://creativecommons.org/licenses/by-sa/4.0/ Available under a Creative Commons Attribution-ShareAlike 4.0 International License,data/research_batches/tlg_0001_1500_b5_cont18_checkpoint_02_0062_068_1138_001.csv
0070,002,VERIFIED_ALTERNATE_EDITION,OPEN_TEXT_DIFFERENT_EDITION,urn:cts:greekLit:tlg0070.tlg001.1st1K-grc1,https://scaife.perseus.org/reader/urn:cts:greekLit:tlg0070.tlg001.1st1K-grc1:1.1,sources/upstream/first1kgreek/data/tlg0070/tlg001/tlg0070.tlg001.1st1K-grc1.xml,ed1c3aed1783db3de73e09e886030cabc5153c3d17a4e6be2a426e25ded4b576,"https://creativecommons.org/licenses/by-sa/4.0/ Available under a Creative Commons Attribution-ShareAlike 4.0 International
                        License",data/research_batches/tlg_0001_1500_b5_cont7_checkpoint_02_3401_001_0010_003.csv
0085,001,VERIFIED_ALTERNATE_EDITION,OPEN_TEXT_COMPLETE_ALTERNATE_EDITION,urn:cts:greekLit:tlg0085.tlg001.1st1K-grc1,https://scaife.perseus.org/reader/urn:cts:greekLit:tlg0085.tlg001.1st1K-grc1:1,sources/upstream/first1kgreek/data/tlg0085/tlg001/tlg0085.tlg001.1st1K-grc1.xml,e5f8515523b4d7cb5dcefd6368d82725e1e4df790fc583cbac88a91cc981ca3f,https://creativecommons.org/licenses/by-sa/4.0/ Available under a Creative Commons Attribution-ShareAlike 4.0 International License,data/research_batches/detailed_verified_3001_batch_625.csv
0085,002,VERIFIED_ALTERNATE_EDITION,OPEN_TEXT_COMPLETE_ALTERNATE_EDITION,urn:cts:greekLit:tlg0085.tlg002.1st1K-grc1,https://scaife.perseus.org/reader/urn:cts:greekLit:tlg0085.tlg002.1st1K-grc1:1,sources/upstream/first1kgreek/data/tlg0085/tlg002/tlg0085.tlg002.1st1K-grc1.xml,a1c59d5f05ab2924fa2f0e2408c46d7ca406c6fbf22a43de7020a453ba2de741,https://creativecommons.org/licenses/by-sa/4.0/ Available under a Creative Commons Attribution-ShareAlike 4.0 International License,data/research_batches/detailed_verified_3001_batch_625.csv
0085,003,VERIFIED_ALTERNATE_EDITION,OPEN_TEXT_COMPLETE_ALTERNATE_EDITION,urn:cts:greekLit:tlg0085.tlg003.1st1K-grc1,https://scaife.perseus.org/reader/urn:cts:greekLit:tlg0085.tlg003.1st1K-grc1:1,sources/upstream/first1kgreek/data/tlg0085/tlg003/tlg0085.tlg003.1st1K-grc1.xml,8e51d08e201cafa5961ada634152942d64a832df24a7ab32a61ca6d849abc903,https://creativecommons.org/licenses/by-sa/4.0/ Available under a Creative Commons Attribution-ShareAlike 4.0 International License,data/research_batches/detailed_verified_3001_batch_625.csv
0085,004,VERIFIED_ALTERNATE_EDITION,OPEN_TEXT_COMPLETE_ALTERNATE_EDITION,urn:cts:greekLit:tlg0085.tlg004.1st1K-grc1,https://scaife.perseus.org/reader/urn:cts:greekLit:tlg0085.tlg004.1st1K-grc1:1,sources/upstream/first1kgreek/data/tlg0085/tlg004/tlg0085.tlg004.1st1K-grc1.xml,ee3b4a15549304aa7a841899c1e22094c42db1f1776ca5e913dd6a97d2cedc52,https://creativecommons.org/licenses/by-sa/4.0/ Available under a Creative Commons Attribution-ShareAlike 4.0 International License,data/research_batches/detailed_verified_3001_batch_626.csv
0085,005,VERIFIED_ALTERNATE_EDITION,OPEN_TEXT_COMPLETE_ALTERNATE_EDITION,urn:cts:greekLit:tlg0085.tlg005.1st1K-grc1,https://scaife.perseus.org/reader/urn:cts:greekLit:tlg0085.tlg005.1st1K-grc1:1,sources/upstream/first1kgreek/data/tlg0085/tlg005/tlg0085.tlg005.1st1K-grc1.xml,d939b5efd0e3d718ae65a6a179af2a74a966c69360162b80a8cb5039be199a50,https://creativecommons.org/licenses/by-sa/4.0/ Available under a Creative Commons Attribution-ShareAlike 4.0 International License,data/research_batches/detailed_verified_3001_batch_626.csv
0085,006,VERIFIED_ALTERNATE_EDITION,OPEN_TEXT_COMPLETE_ALTERNATE_EDITION,urn:cts:greekLit:tlg0085.tlg006.1st1K-grc1,https://scaife.perseus.org/reader/urn:cts:greekLit:tlg0085.tlg006.1st1K-grc1:1,sources/upstream/first1kgreek/data/tlg0085/tlg006/tlg0085.tlg006.1st1K-grc1.xml,457995be13d824a9ef3ad3ec0b1e2544785cc25ce0cc82c08155b67a00177933,https://creativecommons.org/licenses/by-sa/4.0/ Available under a Creative Commons Attribution-ShareAlike 4.0 International License,data/research_batches/detailed_verified_3001_batch_626.csv
0085,007,VERIFIED_ALTERNATE_EDITION,OPEN_TEXT_COMPLETE_ALTERNATE_EDITION,urn:cts:greekLit:tlg0085.tlg007.1st1K-grc1,https://scaife.perseus.org/reader/urn:cts:greekLit:tlg0085.tlg007.1st1K-grc1:1,sources/upstream/first1kgreek/data/tlg0085/tlg007/tlg0085.tlg007.1st1K-grc1.xml,a12936e2d5b8755ec09cad635fb6a8e0361405b637eb818f4d47e86538ad9ed9,https://creativecommons.org/licenses/by-sa/4.0/ Available under a Creative Commons Attribution-ShareAlike 4.0 International License,data/research_batches/detailed_verified_3001_batch_626.csv
0093,001,VERIFIED_ALTERNATE_EDITION,OPEN_TEXT_COMPLETE_ALTERNATE_EDITION,urn:cts:greekLit:tlg0093.tlg001.1st1K-grc1,https://scaife.perseus.org/reader/urn:cts:greekLit:tlg0093.tlg001.1st1K-grc1:1.1.1,sources/upstream/first1kgreek/data/tlg0093/tlg001/tlg0093.tlg001.1st1K-grc1.xml,d8957cc1148a02f24f0b56c741ee03a6d3da16c596015e8217e8a039c21f9cd7,"https://creativecommons.org/licenses/by-sa/4.0/ Available under a Creative Commons Attribution-ShareAlike 4.0 International
 License",data/research_batches/detailed_verified_3001_batch_629.csv
0093,002,VERIFIED_ALTERNATE_EDITION,OPEN_TEXT_COMPLETE_ALTERNATE_EDITION,urn:cts:greekLit:tlg0093.tlg002.1st1K-grc1,https://scaife.perseus.org/reader/urn:cts:greekLit:tlg0093.tlg002.1st1K-grc1:1.1.1,sources/upstream/first1kgreek/data/tlg0093/tlg002/tlg0093.tlg002.1st1K-grc1.xml,d34e89fb1935bf4a8649b9fbc86254484447d6114f495850f033a0498417cd8a,"https://creativecommons.org/licenses/by-sa/4.0/ Available
						under a Creative Commons Attribution-ShareAlike 4.0 International
						License",data/research_batches/detailed_verified_3001_batch_629.csv
0093,003,VERIFIED_ALTERNATE_EDITION,OPEN_TEXT_COMPLETE_ALTERNATE_EDITION,urn:cts:greekLit:tlg0093.tlg003.1st1K-grc1,https://scaife.perseus.org/reader/urn:cts:greekLit:tlg0093.tlg003.1st1K-grc1:1.1,sources/upstream/first1kgreek/data/tlg0093/tlg003/tlg0093.tlg003.1st1K-grc1.xml,cc5571509cdef8075b005e3ebd15d67fac87ff9b658eafc8ee4c08b170a9cfd5,"https://creativecommons.org/licenses/by-sa/4.0/ Available under a Creative Commons Attribution-ShareAlike 4.0 International
 License",data/research_batches/detailed_verified_3001_batch_630.csv
0093,004,VERIFIED_ALTERNATE_EDITION,OPEN_TEXT_COMPLETE_ALTERNATE_EDITION,urn:cts:greekLit:tlg0093.tlg004.1st1K-grc1,https://scaife.perseus.org/reader/urn:cts:greekLit:tlg0093.tlg004.1st1K-grc1:2.1,sources/upstream/first1kgreek/data/tlg0093/tlg004/tlg0093.tlg004.1st1K-grc1.xml,0d163b0a5e4ba7342f5b90441bac22b62de4134eac322b61879ed0531a668cab,"https://creativecommons.org/licenses/by-sa/4.0/ Available under a Creative Commons Attribution-ShareAlike 4.0 International
      License",data/research_batches/detailed_verified_3001_batch_630.csv
0093,005,VERIFIED_ALTERNATE_EDITION,OPEN_TEXT_COMPLETE_ALTERNATE_EDITION,urn:cts:greekLit:tlg0093.tlg005.1st1K-grc1,https://scaife.perseus.org/reader/urn:cts:greekLit:tlg0093.tlg005.1st1K-grc1:1.1,sources/upstream/first1kgreek/data/tlg0093/tlg005/tlg0093.tlg005.1st1K-grc1.xml,c794110298c0044be69a08727b94f9b5d2f57b778505bb74f4b37ea2eabbe4b9,"https://creativecommons.org/licenses/by-sa/4.0/ Available under a
            Creative Commons Attribution-ShareAlike 4.0 International License",data/research_batches/detailed_verified_3001_batch_630.csv
0093,006,VERIFIED_ALTERNATE_EDITION,OPEN_TEXT_COMPLETE_ALTERNATE_EDITION,urn:cts:greekLit:tlg0093.tlg006.1st1K-grc1,https://scaife.perseus.org/reader/urn:cts:greekLit:tlg0093.tlg006.1st1K-grc1:1,sources/upstream/first1kgreek/data/tlg0093/tlg006/tlg0093.tlg006.1st1K-grc1.xml,973eecc10d80a219c71c08d75749dc3a4e3090844ec064c48148d55e3e474fa9,"https://creativecommons.org/licenses/by-sa/4.0/ Available under a
            Creative Commons Attribution-ShareAlike 4.0 International License",data/research_batches/detailed_verified_3001_batch_630.csv
0093,009,VERIFIED_ALTERNATE_EDITION,OPEN_TEXT_COMPLETE_ALTERNATE_EDITION,urn:cts:greekLit:tlg0093.tlg009.perseus-grc2,https://scaife.perseus.org/reader/urn:cts:greekLit:tlg0093.tlg009.perseus-grc2,sources/upstream/perseus-canonical-greekLit/data/tlg0093/tlg009/tlg0093.tlg009.perseus-grc2.xml,07c8a261fc87e5a00e4dd3296599d61e3d856ccde7f3c1e21308a57c088177d2,https://creativecommons.org/licenses/by-sa/4.0/ Available under a Creative Commons Attribution-ShareAlike 4.0 International License,data/research_batches/detailed_verified_3001_batch_631.csv
0093,014,VERIFIED_ALTERNATE_EDITION,OPEN_TEXT_COMPLETE_ALTERNATE_EDITION_HOST_0093.002,urn:cts:greekLit:tlg0093.tlg002.1st1K-grc1,https://scaife.perseus.org/reader/urn:cts:greekLit:tlg0093.tlg002.1st1K-grc1:1.1.1,sources/upstream/first1kgreek/data/tlg0093/tlg002/tlg0093.tlg002.1st1K-grc1.xml,d34e89fb1935bf4a8649b9fbc86254484447d6114f495850f033a0498417cd8a,"https://creativecommons.org/licenses/by-sa/4.0/ Available
						under a Creative Commons Attribution-ShareAlike 4.0 International
						License",data/research_batches/detailed_verified_3001_batch_632.csv
0094,002,VERIFIED_ALTERNATE_EDITION,OPEN_TEXT_COMPLETE_ALTERNATE_EDITION,urn:cts:greekLit:tlg0094.tlg002.perseus-grc2,https://scaife.perseus.org/reader/urn:cts:greekLit:tlg0094.tlg002.perseus-grc2,sources/upstream/perseus-canonical-greekLit/data/tlg0094/tlg002/tlg0094.tlg002.perseus-grc2.xml,d112a2ed804fa5e02f748bcaf0bbc04c78d75537bf31fe5c1341635b3bf348aa,https://creativecommons.org/licenses/by-sa/4.0/ Available under a Creative Commons Attribution-ShareAlike 4.0 International License,data/research_batches/detailed_verified_3001_batch_633.csv
0094,003,VERIFIED_ALTERNATE_EDITION,OPEN_TEXT_COMPLETE_ALTERNATE_EDITION,urn:cts:greekLit:tlg0094.tlg003.perseus-grc2,https://scaife.perseus.org/reader/urn:cts:greekLit:tlg0094.tlg003.perseus-grc2,sources/upstream/perseus-canonical-greekLit/data/tlg0094/tlg003/tlg0094.tlg003.perseus-grc2.xml,81042c05aea0f73bbc784173ef5578cccd41abd0f576ee46e8499c9076214e7b,https://creativecommons.org/licenses/by-sa/4.0/ Available under a Creative Commons Attribution-ShareAlike 4.0 International License,data/research_batches/detailed_verified_3001_batch_633.csv
0096,002,VERIFIED_ALTERNATE_EDITION,OPEN_TEXT_COMPLETE_ALTERNATE_EDITION,urn:cts:greekLit:tlg0096.tlg002.1st1K-grc1,https://scaife.perseus.org/reader/urn:cts:greekLit:tlg0096.tlg002.1st1K-grc1:1,sources/upstream/first1kgreek/data/tlg0096/tlg002/tlg0096.tlg002.1st1K-grc1.xml,26509926a34ca95a418c5821d08577f421ff5657d108f1c831e378c8c33a6e5d,"https://creativecommons.org/licenses/by-sa/4.0/ Available under a Creative Commons Attribution-ShareAlike 4.0 International
 License",data/research_batches/detailed_verified_3001_batch_634.csv
0099,004,VERIFIED_ALTERNATE_EDITION,OPEN_TEXT_COMPLETE_ALTERNATE_EDITION,urn:cts:greekLit:tlg0099.tlg004.1st1K-grc1,https://scaife.perseus.org/reader/urn:cts:greekLit:tlg0099.tlg004.1st1K-grc1:1.1,sources/upstream/first1kgreek/data/tlg0099/tlg004/tlg0099.tlg004.1st1K-grc1.xml,2c16aa21314b12e8da4b94827200e3175beafe38d271c3387c75ebf7e5f485b7,"https://creativecommons.org/licenses/by-sa/4.0/ Available under a Creative Commons Attribution-ShareAlike 4.0 International
                        License",data/research_batches/detailed_verified_3001_batch_638.csv
0317,001,VERIFIED_ALTERNATE_EDITION,OPEN_TEXT_DIFFERENT_EDITION,urn:cts:greekLit:tlg0317.tlg001.1st1K-grc1,https://scaife.perseus.org/reader/urn:cts:greekLit:tlg0317.tlg001.1st1K-grc1:1,sources/upstream/first1kgreek/data/tlg0317/tlg001/tlg0317.tlg001.1st1K-grc1.xml,850ce8d4cd88b43d88c532015554b893b57555e57a2bddc8d6979c8f3d4480f7,https://creativecommons.org/licenses/by-sa/4.0/ Available under a Creative Commons Attribution-ShareAlike 4.0 International License,data/research_batches/detailed_verified_3001_batch_662.csv
0317,002,VERIFIED_ALTERNATE_EDITION,OPEN_TEXT_DIFFERENT_EDITION,urn:cts:greekLit:tlg0317.tlg002.1st1K-grc1,https://scaife.perseus.org/reader/urn:cts:greekLit:tlg0317.tlg002.1st1K-grc1:2,sources/upstream/first1kgreek/data/tlg0317/tlg002/tlg0317.tlg002.1st1K-grc1.xml,2cb76cbbcb6770e2a9b0a29ffa542a7171acda60d7d55f011edd8c2532f757ac,https://creativecommons.org/licenses/by-sa/4.0/ Available under a Creative Commons Attribution-ShareAlike 4.0 International License,data/research_batches/detailed_verified_3001_batch_663.csv
0341,004,VERIFIED_ALTERNATE_EDITION,OPEN_TEXT_DIFFERENT_EDITION,urn:cts:greekLit:tlg0341.tlg002.perseus-grc2,https://scaife.perseus.org/reader/urn:cts:greekLit:tlg0341.tlg002.perseus-grc2,sources/upstream/perseus-canonical-greekLit/data/tlg0341/tlg002/tlg0341.tlg002.perseus-grc2.xml,e9ceda67051de66b669a96a521a0b0a297c8013700652ffb7aa07798e4851707,https://creativecommons.org/licenses/by-sa/4.0/ Available under a Creative Commons Attribution-ShareAlike 4.0 International License,data/research_batches/tlg_0001_1500_b5_cont18_checkpoint_03_2246_001_0471_002.csv
0358,001,VERIFIED_ALTERNATE_EDITION,OPEN_TEXT_DIFFERENT_EDITION,urn:cts:greekLit:tlg0358.tlg001.1st1K-grc1,https://scaife.perseus.org/reader/urn:cts:greekLit:tlg0358.tlg001.1st1K-grc1:1.1,sources/upstream/first1kgreek/data/tlg0358/tlg001/tlg0358.tlg001.1st1K-grc1.xml,c66b2acadd790ddd046003bf58d4cce10211c897550ac2ab5029f1e14ec95a54,https://creativecommons.org/licenses/by-sa/4.0/ Available under a Creative Commons Attribution-ShareAlike 4.0 International License,data/research_batches/detailed_verified_3001_batch_667.csv
0358,002,VERIFIED_ALTERNATE_EDITION,OPEN_TEXT_DIFFERENT_EDITION,urn:cts:greekLit:tlg0358.tlg002.1st1K-grc1,https://scaife.perseus.org/reader/urn:cts:greekLit:tlg0358.tlg002.1st1K-grc1:toc,sources/upstream/first1kgreek/data/tlg0358/tlg002/tlg0358.tlg002.1st1K-grc1.xml,a5d3348d15af5dfb622b71ba7aa443e41d37712773d3bc67b6b4975d072c528f,"https://creativecommons.org/licenses/by-sa/4.0/ Available under a Creative Commons Attribution-ShareAlike 4.0 International
License",data/research_batches/detailed_verified_3001_batch_667.csv
0358,004,VERIFIED_ALTERNATE_EDITION,OPEN_TEXT_DIFFERENT_EDITION,urn:cts:greekLit:tlg0358.tlg004.1st1K-grc1,https://scaife.perseus.org/reader/urn:cts:greekLit:tlg0358.tlg004.1st1K-grc1:1,sources/upstream/first1kgreek/data/tlg0358/tlg004/tlg0358.tlg004.1st1K-grc1.xml,336acd593fdb27a7fdd9a49e2393fc630fc02a29bce405a1321319e1d5733ad4,"https://creativecommons.org/licenses/by-sa/4.0/ Available under a Creative Commons Attribution-ShareAlike 4.0 International
License",data/research_batches/detailed_verified_3001_batch_668.csv
0363,001,VERIFIED_ALTERNATE_EDITION,OPEN_TEXT_DIFFERENT_EDITION,urn:cts:greekLit:tlg0363.tlg001.1st1K-grc1,https://scaife.perseus.org/reader/urn:cts:greekLit:tlg0363.tlg001.1st1K-grc1:1.toc,sources/upstream/first1kgreek/data/tlg0363/tlg001/tlg0363.tlg001.1st1K-grc1.xml,3a5736d0922b99b81044be8be0c233f05f53e5b45bdcb922df386feffbe8cee2,"https://creativecommons.org/licenses/by-sa/4.0/ Available under a Creative Commons Attribution-ShareAlike 4.0 International
 License",data/research_batches/detailed_verified_3001_batch_668.csv
0363,007,VERIFIED_ALTERNATE_EDITION,OPEN_TEXT_DIFFERENT_EDITION,urn:cts:greekLit:tlg0363.tlg007.1st1K-grc1,https://scaife.perseus.org/reader/urn:cts:greekLit:tlg0363.tlg007.1st1K-grc1:1.1.1,sources/upstream/first1kgreek/data/tlg0363/tlg007/tlg0363.tlg007.1st1K-grc1.xml,a79faabbbb922203136e494cba114d4a051c27ebfc7246614474d868903c1763,"https://creativecommons.org/licenses/by-sa/4.0/ Available under a Creative Commons Attribution-ShareAlike 4.0 International
            License",data/research_batches/detailed_verified_3001_batch_669.csv
0363,011,VERIFIED_ALTERNATE_EDITION,OPEN_TEXT_DIFFERENT_EDITION,urn:cts:greekLit:tlg0363.tlg011.1st1K-grc1,https://scaife.perseus.org/reader/urn:cts:greekLit:tlg0363.tlg011.1st1K-grc1:1,sources/upstream/first1kgreek/data/tlg0363/tlg011/tlg0363.tlg011.1st1K-grc1.xml,e9713fe5e60c0539a0ab74019a4f91fa2e8c33af16ec927354fbb8998b186b2d,"https://creativecommons.org/licenses/by-sa/4.0/ Available under a Creative Commons Attribution-ShareAlike 4.0 International
						License",data/research_batches/detailed_verified_3001_batch_670.csv
0525,001,VERIFIED_ALTERNATE_EDITION,OPEN_TEXT_DIFFERENT_EDITION,urn:cts:greekLit:tlg0525.tlg001.perseus-grc2,https://scaife.perseus.org/reader/urn:cts:greekLit:tlg0525.tlg001.perseus-grc2,sources/upstream/perseus-canonical-greekLit/data/tlg0525/tlg001/tlg0525.tlg001.perseus-grc2.xml,6ceb113398cedf4814c9181a6f54c58db465c4943c80443f61fc6e225628b18f,CC BY-SA 4.0 (repository default; verify file),data/research_batches/detailed_verified_3001_batch_721.csv
0527,015,VERIFIED_ALTERNATE_EDITION,OPEN_TEXT_DIFFERENT_EDITION,urn:cts:greekLit:tlg0527.tlg015.1st1K-grc1,https://scaife.perseus.org/reader/urn:cts:greekLit:tlg0527.tlg015.1st1K-grc1:1.1,sources/upstream/first1kgreek/data/tlg0527/tlg015/tlg0527.tlg015.1st1K-grc1.xml,0ddcd6201d3b3745611cf589801c528772c37e57580c5b8cf0ece26184d425a5,"https://creativecommons.org/licenses/by-sa/4.0/ Available under a Creative Commons Attribution-ShareAlike 4.0 International
 License",data/research_batches/detailed_verified_3001_batch_724.csv
0527,016,VERIFIED_ALTERNATE_EDITION,OPEN_TEXT_DIFFERENT_EDITION,urn:cts:greekLit:tlg0527.tlg016.1st1K-grc1,https://scaife.perseus.org/reader/urn:cts:greekLit:tlg0527.tlg016.1st1K-grc1:1.1,sources/upstream/first1kgreek/data/tlg0527/tlg016/tlg0527.tlg016.1st1K-grc1.xml,5513988b3e57eb0a889692b785092b683ad81564bbcbfd16e7723fd007c7481b,"https://creativecommons.org/licenses/by-sa/4.0/ Available under a Creative Commons Attribution-ShareAlike 4.0 International
 License",data/research_batches/detailed_verified_3001_batch_725.csv
0527,017,VERIFIED_ALTERNATE_EDITION,OPEN_TEXT_DIFFERENT_EDITION,urn:cts:greekLit:tlg0527.tlg017.1st1K-grc1,https://scaife.perseus.org/reader/urn:cts:greekLit:tlg0527.tlg017.1st1K-grc1:1.1,sources/upstream/first1kgreek/data/tlg0527/tlg017/tlg0527.tlg017.1st1K-grc1.xml,44f4e12d3d4f4f34701653eca121ad880b3988c1102acb4521738399605cacf0,"https://creativecommons.org/licenses/by-sa/4.0/ Available under a Creative Commons Attribution-ShareAlike 4.0 International
 License",data/research_batches/detailed_verified_3001_batch_725.csv
0527,018,VERIFIED_ALTERNATE_EDITION,OPEN_TEXT_DIFFERENT_EDITION,urn:cts:greekLit:tlg0527.tlg018.1st1K-grc1,https://scaife.perseus.org/reader/urn:cts:greekLit:tlg0527.tlg018.1st1K-grc1:1.1,sources/upstream/first1kgreek/data/tlg0527/tlg018/tlg0527.tlg018.1st1K-grc1.xml,c2854296300a227c0c09cb39ea0743b933df0fd0ea1d1fb6d566c107ccf31250,"https://creativecommons.org/licenses/by-sa/4.0/ Available under a Creative Commons Attribution-ShareAlike 4.0 International
 License",data/research_batches/detailed_verified_3001_batch_725.csv
0527,019,VERIFIED_ALTERNATE_EDITION,OPEN_TEXT_DIFFERENT_EDITION,urn:cts:greekLit:tlg0527.tlg019.1st1K-grc1,https://scaife.perseus.org/reader/urn:cts:greekLit:tlg0527.tlg019.1st1K-grc1:prologue.1,sources/upstream/first1kgreek/data/tlg0527/tlg019/tlg0527.tlg019.1st1K-grc1.xml,82f2b01ea74646fa0f6d3d80a7470a1edf8095a11fc1e13a10e2d88678de0cb4,"https://creativecommons.org/licenses/by-sa/4.0/ Available under a Creative Commons Attribution-ShareAlike 4.0 International
 License",data/research_batches/detailed_verified_3001_batch_725.csv
0527,020,VERIFIED_ALTERNATE_EDITION,OPEN_TEXT_DIFFERENT_EDITION,urn:cts:greekLit:tlg0527.tlg020.1st1K-grc1,https://scaife.perseus.org/reader/urn:cts:greekLit:tlg0527.tlg020.1st1K-grc1:1.1,sources/upstream/first1kgreek/data/tlg0527/tlg020/tlg0527.tlg020.1st1K-grc1.xml,7e755379d0b3f04627597f47d154da8c2320850d35e33ecb6b674273e5049aaa,"https://creativecommons.org/licenses/by-sa/4.0/ Available under a Creative Commons Attribution-ShareAlike 4.0 International
 License",data/research_batches/detailed_verified_3001_batch_725.csv
0527,021,VERIFIED_ALTERNATE_EDITION,OPEN_TEXT_DIFFERENT_EDITION,urn:cts:greekLit:tlg0527.tlg021.1st1K-grc1,https://scaife.perseus.org/reader/urn:cts:greekLit:tlg0527.tlg021.1st1K-grc1:1.1,sources/upstream/first1kgreek/data/tlg0527/tlg021/tlg0527.tlg021.1st1K-grc1.xml,380bca2fc080d613a82cc8a468d83841d1af759b62aea0b609ef9aaa60d0a787,"https://creativecommons.org/licenses/by-sa/4.0/ Available under a Creative Commons Attribution-ShareAlike 4.0 International
 License",data/research_batches/detailed_verified_3001_batch_726.csv
0527,023,VERIFIED_ALTERNATE_EDITION,OPEN_TEXT_DIFFERENT_EDITION,urn:cts:greekLit:tlg0527.tlg023.1st1K-grc1,https://scaife.perseus.org/reader/urn:cts:greekLit:tlg0527.tlg023.1st1K-grc1:1.1,sources/upstream/first1kgreek/data/tlg0527/tlg023/tlg0527.tlg023.1st1K-grc1.xml,278fcb432ca9ff870510971a8377e7c57fc76d926bd279f9b6ce403bb1c82445,"https://creativecommons.org/licenses/by-sa/4.0/ Available under a Creative Commons Attribution-ShareAlike 4.0 International
      License",data/research_batches/detailed_verified_3001_batch_726.csv
0527,024,VERIFIED_ALTERNATE_EDITION,OPEN_TEXT_DIFFERENT_EDITION,urn:cts:greekLit:tlg0527.tlg024.1st1K-grc1,https://scaife.perseus.org/reader/urn:cts:greekLit:tlg0527.tlg024.1st1K-grc1:1.1,sources/upstream/first1kgreek/data/tlg0527/tlg024/tlg0527.tlg024.1st1K-grc1.xml,cdfe0b3033d4f20abcf160266c0efbee84e536f7e2331a9338f3af0bc2830c11,"https://creativecommons.org/licenses/by-sa/4.0/ Available under a Creative Commons Attribution-ShareAlike 4.0 International
      License",data/research_batches/detailed_verified_3001_batch_726.csv
0527,025,VERIFIED_ALTERNATE_EDITION,OPEN_TEXT_DIFFERENT_EDITION,urn:cts:greekLit:tlg0527.tlg025.1st1K-grc1,https://scaife.perseus.org/reader/urn:cts:greekLit:tlg0527.tlg025.1st1K-grc1:1.1,sources/upstream/first1kgreek/data/tlg0527/tlg025/tlg0527.tlg025.1st1K-grc1.xml,c76124d30aeb3fe38a7f7f78db96200f4c3b5fb36e62c7e23785d4798c345a62,"https://creativecommons.org/licenses/by-sa/4.0/ Available under a Creative Commons Attribution-ShareAlike 4.0 International
      License",data/research_batches/detailed_verified_3001_batch_726.csv
0527,026,VERIFIED_ALTERNATE_EDITION,OPEN_TEXT_DIFFERENT_EDITION,urn:cts:greekLit:tlg0527.tlg026.1st1K-grc1,https://scaife.perseus.org/reader/urn:cts:greekLit:tlg0527.tlg026.1st1K-grc1:1.1,sources/upstream/first1kgreek/data/tlg0527/tlg026/tlg0527.tlg026.1st1K-grc1.xml,a81064c25ceacb750636d4ef5381dc1b81d0ba921db006011a3c5bfb0eba88dc,"https://creativecommons.org/licenses/by-sa/4.0/ Available under a Creative Commons Attribution-ShareAlike 4.0 International
      License",data/research_batches/detailed_verified_3001_batch_727.csv
0527,027,VERIFIED_ALTERNATE_EDITION,OPEN_TEXT_DIFFERENT_EDITION,urn:cts:greekLit:tlg0527.tlg027.1st1K-grc1,https://scaife.perseus.org/reader/urn:cts:greekLit:tlg0527.tlg027.1st1K-grc1:1.1,sources/upstream/first1kgreek/data/tlg0527/tlg027/tlg0527.tlg027.1st1K-grc1.xml,a028f5bccc6f23ed0b77f9d578cb08b91ca7b6b4f6dda6ed24efe790a8a9987c,"https://creativecommons.org/licenses/by-sa/4.0/ Available under a Creative Commons Attribution-ShareAlike 4.0 International
 License",data/research_batches/detailed_verified_3001_batch_727.csv
0527,028,VERIFIED_ALTERNATE_EDITION,OPEN_TEXT_DIFFERENT_EDITION,urn:cts:greekLit:tlg0527.tlg028.1st1K-grc1,https://scaife.perseus.org/reader/urn:cts:greekLit:tlg0527.tlg028.1st1K-grc1:1.1,sources/upstream/first1kgreek/data/tlg0527/tlg028/tlg0527.tlg028.1st1K-grc1.xml,5155ba48f1474ef03abeea7a1a74e39b28cc54b4e8159c13208084f80d9b99a8,"https://creativecommons.org/licenses/by-sa/4.0/ Available under a Creative Commons Attribution-ShareAlike 4.0 International
      License",data/research_batches/detailed_verified_3001_batch_727.csv
0527,029,VERIFIED_ALTERNATE_EDITION,OPEN_TEXT_DIFFERENT_EDITION,urn:cts:greekLit:tlg0527.tlg029.1st1K-grc1,https://scaife.perseus.org/reader/urn:cts:greekLit:tlg0527.tlg029.1st1K-grc1:1.1,sources/upstream/first1kgreek/data/tlg0527/tlg029/tlg0527.tlg029.1st1K-grc1.xml,d88896708e735578a1c1a5681f1a703d98e48de4d2877bc5d7fc5304493aa333,"https://creativecommons.org/licenses/by-sa/4.0/ Available under a Creative Commons Attribution-ShareAlike 4.0 International
 License",data/research_batches/detailed_verified_3001_batch_727.csv
0527,031,VERIFIED_ALTERNATE_EDITION,OPEN_TEXT_DIFFERENT_EDITION,urn:cts:greekLit:tlg0527.tlg031.1st1K-grc1,https://scaife.perseus.org/reader/urn:cts:greekLit:tlg0527.tlg031.1st1K-grc1:1.1,sources/upstream/first1kgreek/data/tlg0527/tlg031/tlg0527.tlg031.1st1K-grc1.xml,8c54d2269d065b517d41f6ba69d9e80e8390ef07583b84433968667a309bf4af,"https://creativecommons.org/licenses/by-sa/4.0/ Available under a Creative Commons Attribution-ShareAlike 4.0 International
 License",data/research_batches/detailed_verified_3001_batch_728.csv
0527,032,VERIFIED_ALTERNATE_EDITION,OPEN_TEXT_DIFFERENT_EDITION,urn:cts:greekLit:tlg0527.tlg032.1st1K-grc1,https://scaife.perseus.org/reader/urn:cts:greekLit:tlg0527.tlg032.1st1K-grc1:1.1,sources/upstream/first1kgreek/data/tlg0527/tlg032/tlg0527.tlg032.1st1K-grc1.xml,b38bd7b2005362f43e639c79ba7c54056ecb1dcae97fc6b12001f7b985a03da5,"https://creativecommons.org/licenses/by-sa/4.0/ Available under a Creative Commons Attribution-ShareAlike 4.0 International
 License",data/research_batches/detailed_verified_3001_batch_728.csv
0527,033,VERIFIED_ALTERNATE_EDITION,OPEN_TEXT_DIFFERENT_EDITION,urn:cts:greekLit:tlg0527.tlg033.1st1K-grc1,https://scaife.perseus.org/reader/urn:cts:greekLit:tlg0527.tlg033.1st1K-grc1:1.1,sources/upstream/first1kgreek/data/tlg0527/tlg033/tlg0527.tlg033.1st1K-grc1.xml,a4e14aeeafb3c88a6dc8e71bc62cb71d2026b95fb1a014f7e14609db394fa297,"https://creativecommons.org/licenses/by-sa/4.0/ Available under a Creative Commons Attribution-ShareAlike 4.0 International
 License",data/research_batches/detailed_verified_3001_batch_728.csv
0527,034,VERIFIED_ALTERNATE_EDITION,OPEN_TEXT_DIFFERENT_EDITION,urn:cts:greekLit:tlg0527.tlg034.1st1K-grc1,https://scaife.perseus.org/reader/urn:cts:greekLit:tlg0527.tlg034.1st1K-grc1:1.1,sources/upstream/first1kgreek/data/tlg0527/tlg034/tlg0527.tlg034.1st1K-grc1.xml,e133067f04b110275486f3999607f292ad1af71bc8d58be6e8b936b8ebb0bc90,"https://creativecommons.org/licenses/by-sa/4.0/ Available under a Creative Commons Attribution-ShareAlike 4.0 International
   License",data/research_batches/detailed_verified_3001_batch_728.csv
0527,035,VERIFIED_ALTERNATE_EDITION,OPEN_TEXT_DIFFERENT_EDITION,urn:cts:greekLit:tlg0527.tlg035.1st1K-grc1,https://scaife.perseus.org/reader/urn:cts:greekLit:tlg0527.tlg035.1st1K-grc1:1.1,sources/upstream/first1kgreek/data/tlg0527/tlg035/tlg0527.tlg035.1st1K-grc1.xml,539ddb781c11a4cc5e8d954f872e11a37711d9dd8a4a4851f803a14494fd067e,"https://creativecommons.org/licenses/by-sa/4.0/ Available under a Creative Commons Attribution-ShareAlike 4.0 International
      License",data/research_batches/detailed_verified_3001_batch_728.csv
0527,036,VERIFIED_ALTERNATE_EDITION,OPEN_TEXT_DIFFERENT_EDITION,urn:cts:greekLit:tlg0527.tlg036.1st1K-grc1,https://scaife.perseus.org/reader/urn:cts:greekLit:tlg0527.tlg036.1st1K-grc1:1.1,sources/upstream/first1kgreek/data/tlg0527/tlg036/tlg0527.tlg036.1st1K-grc1.xml,f24de79f1c96b0577ed304d42001e9f53fef3199cc102d054df7729795272d99,"https://creativecommons.org/licenses/by-sa/4.0/ Available under a Creative Commons Attribution-ShareAlike 4.0 International
      License",data/research_batches/detailed_verified_3001_batch_729.csv
0527,037,VERIFIED_ALTERNATE_EDITION,OPEN_TEXT_DIFFERENT_EDITION,urn:cts:greekLit:tlg0527.tlg037.1st1K-grc1,https://scaife.perseus.org/reader/urn:cts:greekLit:tlg0527.tlg037.1st1K-grc1:1.1,sources/upstream/first1kgreek/data/tlg0527/tlg037/tlg0527.tlg037.1st1K-grc1.xml,ab1ee5a06f686e5b76245782cacc3e4da763f0b0e58eacea96f3f51d780f022f,"https://creativecommons.org/licenses/by-sa/4.0/ Available under a Creative Commons Attribution-ShareAlike 4.0 International
      License",data/research_batches/detailed_verified_3001_batch_729.csv
0527,038,VERIFIED_ALTERNATE_EDITION,OPEN_TEXT_DIFFERENT_EDITION,urn:cts:greekLit:tlg0527.tlg038.1st1K-grc1,https://scaife.perseus.org/reader/urn:cts:greekLit:tlg0527.tlg038.1st1K-grc1:1.1,sources/upstream/first1kgreek/data/tlg0527/tlg038/tlg0527.tlg038.1st1K-grc1.xml,bbbc5402e38b8c3d732436be69837ee1134afdcf05953df10829a88567bb19de,"https://creativecommons.org/licenses/by-sa/4.0/ Available under a Creative Commons Attribution-ShareAlike 4.0 International
      License",data/research_batches/detailed_verified_3001_batch_729.csv
0527,039,VERIFIED_ALTERNATE_EDITION,OPEN_TEXT_DIFFERENT_EDITION,urn:cts:greekLit:tlg0527.tlg039.1st1K-grc1,https://scaife.perseus.org/reader/urn:cts:greekLit:tlg0527.tlg039.1st1K-grc1:1.1,sources/upstream/first1kgreek/data/tlg0527/tlg039/tlg0527.tlg039.1st1K-grc1.xml,0d162e8ab6419b97d54ecbb874e8d4cdfd7fe9193f9b34854596d58e8ae539c9,"https://creativecommons.org/licenses/by-sa/4.0/ Available under a Creative Commons Attribution-ShareAlike 4.0 International
      License",data/research_batches/detailed_verified_3001_batch_729.csv
0527,040,VERIFIED_ALTERNATE_EDITION,OPEN_TEXT_DIFFERENT_EDITION,urn:cts:greekLit:tlg0527.tlg040.1st1K-grc1,https://scaife.perseus.org/reader/urn:cts:greekLit:tlg0527.tlg040.1st1K-grc1:1.1,sources/upstream/first1kgreek/data/tlg0527/tlg040/tlg0527.tlg040.1st1K-grc1.xml,ba9ebe6a8f84261a5c7bf40625248c21dc730c572aae0d8a6a546d17621b611d,"https://creativecommons.org/licenses/by-sa/4.0/ Available under a Creative Commons Attribution-ShareAlike 4.0 International
      License",data/research_batches/detailed_verified_3001_batch_729.csv
0527,041,VERIFIED_ALTERNATE_EDITION,OPEN_TEXT_DIFFERENT_EDITION,urn:cts:greekLit:tlg0527.tlg041.1st1K-grc1,https://scaife.perseus.org/reader/urn:cts:greekLit:tlg0527.tlg041.1st1K-grc1:1.1,sources/upstream/first1kgreek/data/tlg0527/tlg041/tlg0527.tlg041.1st1K-grc1.xml,7f4a3f090fcd4b2697515c5a59cb1ffc81718c42d9028223bc844c6d51098731,"https://creativecommons.org/licenses/by-sa/4.0/ Available under a Creative Commons Attribution-ShareAlike 4.0 International
      License",data/research_batches/detailed_verified_3001_batch_730.csv
0527,042,VERIFIED_ALTERNATE_EDITION,OPEN_TEXT_DIFFERENT_EDITION,urn:cts:greekLit:tlg0527.tlg042.1st1K-grc1,https://scaife.perseus.org/reader/urn:cts:greekLit:tlg0527.tlg042.1st1K-grc1:1.1,sources/upstream/first1kgreek/data/tlg0527/tlg042/tlg0527.tlg042.1st1K-grc1.xml,b0c232fefdbfd9e33862157e20f12137ae50227556fa01668561cfb5864a8359,"https://creativecommons.org/licenses/by-sa/4.0/ Available under a Creative Commons Attribution-ShareAlike 4.0 International
      License",data/research_batches/detailed_verified_3001_batch_730.csv
0527,043,VERIFIED_ALTERNATE_EDITION,OPEN_TEXT_DIFFERENT_EDITION,urn:cts:greekLit:tlg0527.tlg043.1st1K-grc1,https://scaife.perseus.org/reader/urn:cts:greekLit:tlg0527.tlg043.1st1K-grc1:1.1,sources/upstream/first1kgreek/data/tlg0527/tlg043/tlg0527.tlg043.1st1K-grc1.xml,41d53a9ba5343d4b6a1659f0b30574690343d7d88b2893355f931c57c53aa3de,"https://creativecommons.org/licenses/by-sa/4.0/ Available under a Creative Commons Attribution-ShareAlike 4.0 International
      License",data/research_batches/detailed_verified_3001_batch_730.csv
0527,044,VERIFIED_ALTERNATE_EDITION,OPEN_TEXT_DIFFERENT_EDITION,urn:cts:greekLit:tlg0527.tlg044.1st1K-grc1,https://scaife.perseus.org/reader/urn:cts:greekLit:tlg0527.tlg044.1st1K-grc1:1.1,sources/upstream/first1kgreek/data/tlg0527/tlg044/tlg0527.tlg044.1st1K-grc1.xml,c80657e88e5c59c466bf8c301b9b9442a5277762e9a0dbbf987c75e52465cbf1,"https://creativecommons.org/licenses/by-sa/4.0/ Available under a Creative Commons Attribution-ShareAlike 4.0 International
      License",data/research_batches/detailed_verified_3001_batch_730.csv
0527,045,VERIFIED_ALTERNATE_EDITION,OPEN_TEXT_DIFFERENT_EDITION,urn:cts:greekLit:tlg0527.tlg045.1st1K-grc1,https://scaife.perseus.org/reader/urn:cts:greekLit:tlg0527.tlg045.1st1K-grc1:1.1,sources/upstream/first1kgreek/data/tlg0527/tlg045/tlg0527.tlg045.1st1K-grc1.xml,70cc0ef34a4c12a280c3407249ca682dc5b8cd777dbf7d31456a7355da1a7a94,"https://creativecommons.org/licenses/by-sa/4.0/ Available under a Creative Commons Attribution-ShareAlike 4.0 International
      License",data/research_batches/detailed_verified_3001_batch_730.csv
0527,046,VERIFIED_ALTERNATE_EDITION,OPEN_TEXT_DIFFERENT_EDITION,urn:cts:greekLit:tlg0527.tlg046.1st1K-grc1,https://scaife.perseus.org/reader/urn:cts:greekLit:tlg0527.tlg046.1st1K-grc1:1.1,sources/upstream/first1kgreek/data/tlg0527/tlg046/tlg0527.tlg046.1st1K-grc1.xml,797fb6e785dcabcb1b59acbe9d3e2df54d133c78059edf638b6087a16600831a,"https://creativecommons.org/licenses/by-sa/4.0/ Available under a Creative Commons Attribution-ShareAlike 4.0 International
      License",data/research_batches/detailed_verified_3001_batch_731.csv
0527,047,VERIFIED_ALTERNATE_EDITION,OPEN_TEXT_DIFFERENT_EDITION,urn:cts:greekLit:tlg0527.tlg047.1st1K-grc1,https://scaife.perseus.org/reader/urn:cts:greekLit:tlg0527.tlg047.1st1K-grc1:1.1,sources/upstream/first1kgreek/data/tlg0527/tlg047/tlg0527.tlg047.1st1K-grc1.xml,a96a9a52d4469b74d3365371a96bca27858c8072db6a0466f6f414fa411e533a,"https://creativecommons.org/licenses/by-sa/4.0/ Available under a Creative Commons Attribution-ShareAlike 4.0 International
      License",data/research_batches/detailed_verified_3001_batch_731.csv
0527,048,VERIFIED_ALTERNATE_EDITION,OPEN_TEXT_DIFFERENT_EDITION,urn:cts:greekLit:tlg0527.tlg048.1st1K-grc1,https://scaife.perseus.org/reader/urn:cts:greekLit:tlg0527.tlg048.1st1K-grc1:1.1,sources/upstream/first1kgreek/data/tlg0527/tlg048/tlg0527.tlg048.1st1K-grc1.xml,0c9cbad97585c5eb8927867d9ce6de6f612bc48b5f13fb0a2ef70a4801e2dca5,"https://creativecommons.org/licenses/by-sa/4.0/ Available under a Creative Commons Attribution-ShareAlike 4.0 International
      License",data/research_batches/detailed_verified_3001_batch_731.csv
0527,049,VERIFIED_ALTERNATE_EDITION,OPEN_TEXT_DIFFERENT_EDITION,urn:cts:greekLit:tlg0527.tlg049.1st1K-grc1,https://scaife.perseus.org/reader/urn:cts:greekLit:tlg0527.tlg049.1st1K-grc1:1.1,sources/upstream/first1kgreek/data/tlg0527/tlg049/tlg0527.tlg049.1st1K-grc1.xml,6beecdc05482e53bd899d49274e323c234ccad9e6aadd1d89dc98c4f5ee1c6d5,"https://creativecommons.org/licenses/by-sa/4.0/ Available under a Creative Commons Attribution-ShareAlike 4.0 International
      License",data/research_batches/detailed_verified_3001_batch_731.csv
0527,050,VERIFIED_ALTERNATE_EDITION,OPEN_TEXT_DIFFERENT_EDITION,urn:cts:greekLit:tlg0527.tlg050.1st1K-grc1,https://scaife.perseus.org/reader/urn:cts:greekLit:tlg0527.tlg050.1st1K-grc1:1.1,sources/upstream/first1kgreek/data/tlg0527/tlg050/tlg0527.tlg050.1st1K-grc1.xml,5970c69ac576fbab9ab3ccb5edfa2175417ed5566f8404eb25cfe4071a5f6bd1,"https://creativecommons.org/licenses/by-sa/4.0/ Available under a Creative Commons Attribution-ShareAlike 4.0 International
      License",data/research_batches/detailed_verified_3001_batch_731.csv
0527,051,VERIFIED_ALTERNATE_EDITION,OPEN_TEXT_DIFFERENT_EDITION,urn:cts:greekLit:tlg0527.tlg051.1st1K-grc1,https://scaife.perseus.org/reader/urn:cts:greekLit:tlg0527.tlg051.1st1K-grc1:1.1,sources/upstream/first1kgreek/data/tlg0527/tlg051/tlg0527.tlg051.1st1K-grc1.xml,b2c2712ff7668f1b1a9bd85e548f3dd01e10f70d14c7e8a26a17f96c9b8de998,"https://creativecommons.org/licenses/by-sa/4.0/ Available under a Creative Commons Attribution-ShareAlike 4.0 International
      License",data/research_batches/detailed_verified_3001_batch_732.csv
0527,052,VERIFIED_ALTERNATE_EDITION,OPEN_TEXT_DIFFERENT_EDITION,urn:cts:greekLit:tlg0527.tlg052.1st1K-grc1,https://scaife.perseus.org/reader/urn:cts:greekLit:tlg0527.tlg052.1st1K-grc1:1,sources/upstream/first1kgreek/data/tlg0527/tlg052/tlg0527.tlg052.1st1K-grc1.xml,07b2e94928153b4d928b685c8121a0c9f685fc2956753b2c3cc62db294b3c44e,"https://creativecommons.org/licenses/by-sa/4.0/ Available under a Creative Commons Attribution-ShareAlike 4.0 International
      License",data/research_batches/detailed_verified_3001_batch_732.csv
0527,053,VERIFIED_ALTERNATE_EDITION,OPEN_TEXT_DIFFERENT_EDITION,urn:cts:greekLit:tlg0527.tlg053.1st1K-grc1,https://scaife.perseus.org/reader/urn:cts:greekLit:tlg0527.tlg053.1st1K-grc1:1.1,sources/upstream/first1kgreek/data/tlg0527/tlg053/tlg0527.tlg053.1st1K-grc1.xml,579c1c683cf79bfcab72629faa59aa65b59948a31dbcae7f2d53d04116401533,"https://creativecommons.org/licenses/by-sa/4.0/ Available under a Creative Commons Attribution-ShareAlike 4.0 International
      License",data/research_batches/detailed_verified_3001_batch_732.csv
0527,054,VERIFIED_ALTERNATE_EDITION,OPEN_TEXT_DIFFERENT_EDITION,urn:cts:greekLit:tlg0527.tlg054.1st1K-grc1,https://scaife.perseus.org/reader/urn:cts:greekLit:tlg0527.tlg054.1st1K-grc1:1.1,sources/upstream/first1kgreek/data/tlg0527/tlg054/tlg0527.tlg054.1st1K-grc1.xml,931b8f51b78b936113711755b6ff1f3257fba511acfc70826dd9f300719a0ce6,"https://creativecommons.org/licenses/by-sa/4.0/ Available under a Creative Commons Attribution-ShareAlike 4.0 International
      License",data/research_batches/detailed_verified_3001_batch_732.csv
0527,055,VERIFIED_ALTERNATE_EDITION,OPEN_TEXT_DIFFERENT_EDITION,urn:cts:greekLit:tlg0527.tlg055.1st1K-grc1,https://scaife.perseus.org/reader/urn:cts:greekLit:tlg0527.tlg055.1st1K-grc1:1.1,sources/upstream/first1kgreek/data/tlg0527/tlg055/tlg0527.tlg055.1st1K-grc1.xml,436dc7bdfcba0e551492d04689b89ed3fa51920bbf7c60bcfb437a542cc3dfec,"https://creativecommons.org/licenses/by-sa/4.0/ Available under a Creative Commons Attribution-ShareAlike 4.0 International
      License",data/research_batches/detailed_verified_3001_batch_732.csv
0527,056,VERIFIED_ALTERNATE_EDITION,OPEN_TEXT_DIFFERENT_EDITION,urn:cts:greekLit:tlg0527.tlg056.1st1K-grc1,https://scaife.perseus.org/reader/urn:cts:greekLit:tlg0527.tlg056.1st1K-grc1:1.1,sources/upstream/first1kgreek/data/tlg0527/tlg056/tlg0527.tlg056.1st1K-grc1.xml,fa8160a315688cd94c30f534de26b9ec6250d4c41ab2059eafff3e43a5a6a465,"https://creativecommons.org/licenses/by-sa/4.0/ Available under a Creative Commons Attribution-ShareAlike 4.0 International
      License",data/research_batches/detailed_verified_3001_batch_733.csv
0527,057,VERIFIED_ALTERNATE_EDITION,OPEN_TEXT_DIFFERENT_EDITION,urn:cts:greekLit:tlg0527.tlg057.1st1K-grc1,https://scaife.perseus.org/reader/urn:cts:greekLit:tlg0527.tlg057.1st1K-grc1:1.1,sources/upstream/first1kgreek/data/tlg0527/tlg057/tlg0527.tlg057.1st1K-grc1.xml,7a2f052ef94ce28968f978a13c35f3199ce4a9e5adfbf32fce36d5a76002621c,"https://creativecommons.org/licenses/by-sa/4.0/ Available under a Creative Commons Attribution-ShareAlike 4.0 International
      License",data/research_batches/detailed_verified_3001_batch_733.csv
0527,058,VERIFIED_ALTERNATE_EDITION,OPEN_TEXT_DIFFERENT_EDITION,urn:cts:greekLit:tlg0527.tlg058.1st1K-grc1,https://scaife.perseus.org/reader/urn:cts:greekLit:tlg0527.tlg058.1st1K-grc1:1.1,sources/upstream/first1kgreek/data/tlg0527/tlg058/tlg0527.tlg058.1st1K-grc1.xml,dd29011364fb416457382406c463a21a43a26ca692c480668a2423e94f7d5e35,"https://creativecommons.org/licenses/by-sa/4.0/ Available under a Creative Commons Attribution-ShareAlike 4.0 International
      License",data/research_batches/detailed_verified_3001_batch_733.csv
0527,059,VERIFIED_ALTERNATE_EDITION,OPEN_TEXT_DIFFERENT_EDITION,urn:cts:greekLit:tlg0527.tlg059.1st1K-grc1,https://scaife.perseus.org/reader/urn:cts:greekLit:tlg0527.tlg059.1st1K-grc1:1.1,sources/upstream/first1kgreek/data/tlg0527/tlg059/tlg0527.tlg059.1st1K-grc1.xml,2af9b536e2cf12e1f6bc52a6ceae10f02e7c75290d4f35623f40c35bc78a8453,"https://creativecommons.org/licenses/by-sa/4.0/ Available under a Creative Commons Attribution-ShareAlike 4.0 International
      License",data/research_batches/detailed_verified_3001_batch_733.csv
0532,001,VERIFIED_ALTERNATE_EDITION,OPEN_TEXT_DIFFERENT_EDITION,urn:cts:greekLit:tlg0532.tlg001.perseus-grc2,https://scaife.perseus.org/reader/urn:cts:greekLit:tlg0532.tlg001.perseus-grc2,sources/upstream/perseus-canonical-greekLit/data/tlg0532/tlg001/tlg0532.tlg001.perseus-grc2.xml,d1be7d65f4a7b80656ef7f9046e517b86927e68d429bc50b5643d5061decb91f,https://creativecommons.org/licenses/by-sa/4.0/ Available under a Creative Commons Attribution-ShareAlike 4.0 International License,data/research_batches/detailed_verified_3001_batch_734.csv
0540,037,VERIFIED_ALTERNATE_EDITION,OPEN_TEXT_DIFFERENT_EDITION,urn:cts:greekLit:tlg0540.tlg001.perseus-grc2,https://scaife.perseus.org/reader/urn:cts:greekLit:tlg0540.tlg001.perseus-grc2,sources/upstream/perseus-canonical-greekLit/data/tlg0540/tlg001/tlg0540.tlg001.perseus-grc2.xml,1f83b658b822af6f5e4ab6cb2bd3907ce1e1f89510be3666a51c7f613f957bad,https://creativecommons.org/licenses/by-sa/4.0/ Available under a Creative Commons Attribution-ShareAlike 4.0 International License,data/research_batches/tlg_0001_1500_b5_cont19_checkpoint_01_0540_018_0540_042.csv
0540,038,VERIFIED_ALTERNATE_EDITION,OPEN_TEXT_DIFFERENT_EDITION,urn:cts:greekLit:tlg0540.tlg002.perseus-grc2,https://scaife.perseus.org/reader/urn:cts:greekLit:tlg0540.tlg002.perseus-grc2,sources/upstream/perseus-canonical-greekLit/data/tlg0540/tlg002/tlg0540.tlg002.perseus-grc2.xml,30ce726e1a267ef431b801e531ded14596797d7a7f219a73f1774ae556b39de0,https://creativecommons.org/licenses/by-sa/4.0/ Available under a Creative Commons Attribution-ShareAlike 4.0 International License,data/research_batches/tlg_0001_1500_b5_cont19_checkpoint_01_0540_018_0540_042.csv
0540,039,VERIFIED_ALTERNATE_EDITION,OPEN_TEXT_DIFFERENT_EDITION,urn:cts:greekLit:tlg0540.tlg003.perseus-grc2,https://scaife.perseus.org/reader/urn:cts:greekLit:tlg0540.tlg003.perseus-grc2,sources/upstream/perseus-canonical-greekLit/data/tlg0540/tlg003/tlg0540.tlg003.perseus-grc2.xml,8eb14ae2d47c90ef0d8fa988c378b0366d5f6e479113dd8af8b2758d121bed8f,https://creativecommons.org/licenses/by-sa/4.0/ Available under a Creative Commons Attribution-ShareAlike 4.0 International License,data/research_batches/tlg_0001_1500_b5_cont19_checkpoint_01_0540_018_0540_042.csv
0540,040,VERIFIED_ALTERNATE_EDITION,OPEN_TEXT_DIFFERENT_EDITION,urn:cts:greekLit:tlg0540.tlg004.perseus-grc2,https://scaife.perseus.org/reader/urn:cts:greekLit:tlg0540.tlg004.perseus-grc2,sources/upstream/perseus-canonical-greekLit/data/tlg0540/tlg004/tlg0540.tlg004.perseus-grc2.xml,5732fc4109e091a827b61cf2beb6e4175b89d84b2bb8e92ac7bafd9171af18e2,https://creativecommons.org/licenses/by-sa/4.0/ Available under a Creative Commons Attribution-ShareAlike 4.0 International License,data/research_batches/tlg_0001_1500_b5_cont19_checkpoint_01_0540_018_0540_042.csv
0540,041,VERIFIED_ALTERNATE_EDITION,OPEN_TEXT_DIFFERENT_EDITION,urn:cts:greekLit:tlg0540.tlg005.perseus-grc2,https://scaife.perseus.org/reader/urn:cts:greekLit:tlg0540.tlg005.perseus-grc2,sources/upstream/perseus-canonical-greekLit/data/tlg0540/tlg005/tlg0540.tlg005.perseus-grc2.xml,213c07e89a4c2f2ea109388b2a22ea4870d01f2635cef0d4c7153fc4a6d22f23,https://creativecommons.org/licenses/by-sa/4.0/ Available under a Creative Commons Attribution-ShareAlike 4.0 International License,data/research_batches/tlg_0001_1500_b5_cont19_checkpoint_01_0540_018_0540_042.csv
0540,042,VERIFIED_ALTERNATE_EDITION,OPEN_TEXT_DIFFERENT_EDITION,urn:cts:greekLit:tlg0540.tlg006.perseus-grc2,https://scaife.perseus.org/reader/urn:cts:greekLit:tlg0540.tlg006.perseus-grc2,sources/upstream/perseus-canonical-greekLit/data/tlg0540/tlg006/tlg0540.tlg006.perseus-grc2.xml,3fe0ad961fc34e23b66bb83fd7cfdbc6b0be0331b5160da7e66a035b0a77d57a,https://creativecommons.org/licenses/by-sa/4.0/ Available under a Creative Commons Attribution-ShareAlike 4.0 International License,data/research_batches/tlg_0001_1500_b5_cont19_checkpoint_01_0540_018_0540_042.csv
0540,043,VERIFIED_ALTERNATE_EDITION,OPEN_TEXT_DIFFERENT_EDITION,urn:cts:greekLit:tlg0540.tlg007.perseus-grc2,https://scaife.perseus.org/reader/urn:cts:greekLit:tlg0540.tlg007.perseus-grc2,sources/upstream/perseus-canonical-greekLit/data/tlg0540/tlg007/tlg0540.tlg007.perseus-grc2.xml,69d3408b262a2bc4a4c3f699cd1bc5d64279d70950b099ef8bda41419b5b5f7b,https://creativecommons.org/licenses/by-sa/4.0/ Available under a Creative Commons Attribution-ShareAlike 4.0 International License,data/research_batches/tlg_0001_1500_b5_cont20_checkpoint_01_0540_043_0540_067.csv
0540,044,VERIFIED_ALTERNATE_EDITION,OPEN_TEXT_DIFFERENT_EDITION,urn:cts:greekLit:tlg0540.tlg008.perseus-grc2,https://scaife.perseus.org/reader/urn:cts:greekLit:tlg0540.tlg008.perseus-grc2,sources/upstream/perseus-canonical-greekLit/data/tlg0540/tlg008/tlg0540.tlg008.perseus-grc2.xml,57844e765e4391c538f14d14fa6853f8b7ada767f14c7a97cc07e7589452a864,https://creativecommons.org/licenses/by-sa/4.0/ Available under a Creative Commons Attribution-ShareAlike 4.0 International License,data/research_batches/tlg_0001_1500_b5_cont20_checkpoint_01_0540_043_0540_067.csv
0540,045,VERIFIED_ALTERNATE_EDITION,OPEN_TEXT_DIFFERENT_EDITION,urn:cts:greekLit:tlg0540.tlg009.perseus-grc2,https://scaife.perseus.org/reader/urn:cts:greekLit:tlg0540.tlg009.perseus-grc2,sources/upstream/perseus-canonical-greekLit/data/tlg0540/tlg009/tlg0540.tlg009.perseus-grc2.xml,4391dcb9ed95d2e4e29e3d58500f7d66b3ba8cb4061cbc4c29f1f540f1396559,https://creativecommons.org/licenses/by-sa/4.0/ Available under a Creative Commons Attribution-ShareAlike 4.0 International License,data/research_batches/tlg_0001_1500_b5_cont20_checkpoint_01_0540_043_0540_067.csv
0540,046,VERIFIED_ALTERNATE_EDITION,OPEN_TEXT_DIFFERENT_EDITION,urn:cts:greekLit:tlg0540.tlg010.perseus-grc2,https://scaife.perseus.org/reader/urn:cts:greekLit:tlg0540.tlg010.perseus-grc2,sources/upstream/perseus-canonical-greekLit/data/tlg0540/tlg010/tlg0540.tlg010.perseus-grc2.xml,8439c9b42dbc57df21d69c455501caeb6a53c401e46f2004dde0cb60ad4714e0,https://creativecommons.org/licenses/by-sa/4.0/ Available under a Creative Commons Attribution-ShareAlike 4.0 International License,data/research_batches/tlg_0001_1500_b5_cont20_checkpoint_01_0540_043_0540_067.csv
0540,047,VERIFIED_ALTERNATE_EDITION,OPEN_TEXT_DIFFERENT_EDITION,urn:cts:greekLit:tlg0540.tlg011.perseus-grc2,https://scaife.perseus.org/reader/urn:cts:greekLit:tlg0540.tlg011.perseus-grc2,sources/upstream/perseus-canonical-greekLit/data/tlg0540/tlg011/tlg0540.tlg011.perseus-grc2.xml,d40ecf29bb8019a8456e9875d16f9cb2f204d337df5c86e1b68e515a7a627292,https://creativecommons.org/licenses/by-sa/4.0/ Available under a Creative Commons Attribution-ShareAlike 4.0 International License,data/research_batches/tlg_0001_1500_b5_cont20_checkpoint_01_0540_043_0540_067.csv
0540,048,VERIFIED_ALTERNATE_EDITION,OPEN_TEXT_DIFFERENT_EDITION,urn:cts:greekLit:tlg0540.tlg012.perseus-grc2,https://scaife.perseus.org/reader/urn:cts:greekLit:tlg0540.tlg012.perseus-grc2,sources/upstream/perseus-canonical-greekLit/data/tlg0540/tlg012/tlg0540.tlg012.perseus-grc2.xml,2d1036b3def2125b15625e1b7f9af422e7e2b716e93bf0b5ba431932c66072c2,https://creativecommons.org/licenses/by-sa/4.0/ Available under a Creative Commons Attribution-ShareAlike 4.0 International License,data/research_batches/tlg_0001_1500_b5_cont20_checkpoint_01_0540_043_0540_067.csv
0540,049,VERIFIED_ALTERNATE_EDITION,OPEN_TEXT_DIFFERENT_EDITION,urn:cts:greekLit:tlg0540.tlg013.perseus-grc2,https://scaife.perseus.org/reader/urn:cts:greekLit:tlg0540.tlg013.perseus-grc2,sources/upstream/perseus-canonical-greekLit/data/tlg0540/tlg013/tlg0540.tlg013.perseus-grc2.xml,8350beaf816a64e9a2faedda79090f994ee9305dd1e49afc7a228741ead09176,https://creativecommons.org/licenses/by-sa/4.0/ Available under a Creative Commons Attribution-ShareAlike 4.0 International License,data/research_batches/tlg_0001_1500_b5_cont20_checkpoint_01_0540_043_0540_067.csv
0540,050,VERIFIED_ALTERNATE_EDITION,OPEN_TEXT_DIFFERENT_EDITION,urn:cts:greekLit:tlg0540.tlg014.perseus-grc2,https://scaife.perseus.org/reader/urn:cts:greekLit:tlg0540.tlg014.perseus-grc2,sources/upstream/perseus-canonical-greekLit/data/tlg0540/tlg014/tlg0540.tlg014.perseus-grc2.xml,c133dc3f99201b511cbd2881b8b109312ad5edc4afa34bb6e61af95fe3d5dfdb,https://creativecommons.org/licenses/by-sa/4.0/ Available under a Creative Commons Attribution-ShareAlike 4.0 International License,data/research_batches/tlg_0001_1500_b5_cont20_checkpoint_01_0540_043_0540_067.csv
0540,051,VERIFIED_ALTERNATE_EDITION,OPEN_TEXT_DIFFERENT_EDITION,urn:cts:greekLit:tlg0540.tlg015.perseus-grc2,https://scaife.perseus.org/reader/urn:cts:greekLit:tlg0540.tlg015.perseus-grc2,sources/upstream/perseus-canonical-greekLit/data/tlg0540/tlg015/tlg0540.tlg015.perseus-grc2.xml,69237c02c181bd7364ffb2ab4acdaf95f2ef4714233755bd315a956ae8793b1f,https://creativecommons.org/licenses/by-sa/4.0/ Available under a Creative Commons Attribution-ShareAlike 4.0 International License,data/research_batches/tlg_0001_1500_b5_cont20_checkpoint_01_0540_043_0540_067.csv
0540,052,VERIFIED_ALTERNATE_EDITION,OPEN_TEXT_DIFFERENT_EDITION,urn:cts:greekLit:tlg0540.tlg016.perseus-grc2,https://scaife.perseus.org/reader/urn:cts:greekLit:tlg0540.tlg016.perseus-grc2,sources/upstream/perseus-canonical-greekLit/data/tlg0540/tlg016/tlg0540.tlg016.perseus-grc2.xml,7e694b3b27ae6d7ceddbdc63d79e5a27f55ff2ea9c8c613efc1112c39c913f2a,https://creativecommons.org/licenses/by-sa/4.0/ Available under a Creative Commons Attribution-ShareAlike 4.0 International License,data/research_batches/tlg_0001_1500_b5_cont20_checkpoint_01_0540_043_0540_067.csv
0540,053,VERIFIED_ALTERNATE_EDITION,OPEN_TEXT_DIFFERENT_EDITION,urn:cts:greekLit:tlg0540.tlg017.perseus-grc2,https://scaife.perseus.org/reader/urn:cts:greekLit:tlg0540.tlg017.perseus-grc2,sources/upstream/perseus-canonical-greekLit/data/tlg0540/tlg017/tlg0540.tlg017.perseus-grc2.xml,2d4de6bbb54c3536d423ed6f2554db4a36db593abe9eaf28605233214fc16d81,https://creativecommons.org/licenses/by-sa/4.0/ Available under a Creative Commons Attribution-ShareAlike 4.0 International License,data/research_batches/tlg_0001_1500_b5_cont20_checkpoint_01_0540_043_0540_067.csv
0540,054,VERIFIED_ALTERNATE_EDITION,OPEN_TEXT_DIFFERENT_EDITION,urn:cts:greekLit:tlg0540.tlg018.perseus-grc2,https://scaife.perseus.org/reader/urn:cts:greekLit:tlg0540.tlg018.perseus-grc2,sources/upstream/perseus-canonical-greekLit/data/tlg0540/tlg018/tlg0540.tlg018.perseus-grc2.xml,154f282cd5e9bdb13480881cc89d057c0db8960cc6849679d3f0eccf5aad3c76,https://creativecommons.org/licenses/by-sa/4.0/ Available under a Creative Commons Attribution-ShareAlike 4.0 International License,data/research_batches/tlg_0001_1500_b5_cont20_checkpoint_01_0540_043_0540_067.csv
0540,055,VERIFIED_ALTERNATE_EDITION,OPEN_TEXT_DIFFERENT_EDITION,urn:cts:greekLit:tlg0540.tlg019.perseus-grc2,https://scaife.perseus.org/reader/urn:cts:greekLit:tlg0540.tlg019.perseus-grc2,sources/upstream/perseus-canonical-greekLit/data/tlg0540/tlg019/tlg0540.tlg019.perseus-grc2.xml,cc91449a58a123e881ad51f9b94a972fd4a9c45dd079c8542e3cff202f881ec9,https://creativecommons.org/licenses/by-sa/4.0/ Available under a Creative Commons Attribution-ShareAlike 4.0 International License,data/research_batches/tlg_0001_1500_b5_cont20_checkpoint_01_0540_043_0540_067.csv
0540,056,VERIFIED_ALTERNATE_EDITION,OPEN_TEXT_DIFFERENT_EDITION,urn:cts:greekLit:tlg0540.tlg020.perseus-grc2,https://scaife.perseus.org/reader/urn:cts:greekLit:tlg0540.tlg020.perseus-grc2,sources/upstream/perseus-canonical-greekLit/data/tlg0540/tlg020/tlg0540.tlg020.perseus-grc2.xml,d051794d1ad141b8638cbbb24c5a4c24c3b3f8b3eb05aa599edbc82fe351183e,https://creativecommons.org/licenses/by-sa/4.0/ Available under a Creative Commons Attribution-ShareAlike 4.0 International License,data/research_batches/tlg_0001_1500_b5_cont20_checkpoint_01_0540_043_0540_067.csv
0540,057,VERIFIED_ALTERNATE_EDITION,OPEN_TEXT_DIFFERENT_EDITION,urn:cts:greekLit:tlg0540.tlg021.perseus-grc2,https://scaife.perseus.org/reader/urn:cts:greekLit:tlg0540.tlg021.perseus-grc2,sources/upstream/perseus-canonical-greekLit/data/tlg0540/tlg021/tlg0540.tlg021.perseus-grc2.xml,5d7a119d05eb6d564f7dac1ae518910712f40e6e06dd22665859581569e248fb,https://creativecommons.org/licenses/by-sa/4.0/ Available under a Creative Commons Attribution-ShareAlike 4.0 International License,data/research_batches/tlg_0001_1500_b5_cont20_checkpoint_01_0540_043_0540_067.csv
0540,058,VERIFIED_ALTERNATE_EDITION,OPEN_TEXT_DIFFERENT_EDITION,urn:cts:greekLit:tlg0540.tlg022.perseus-grc2,https://scaife.perseus.org/reader/urn:cts:greekLit:tlg0540.tlg022.perseus-grc2,sources/upstream/perseus-canonical-greekLit/data/tlg0540/tlg022/tlg0540.tlg022.perseus-grc2.xml,1ab16e4070c955b1de1485f1896abf8960bbc6fae97348276b41fcfd865a28ae,https://creativecommons.org/licenses/by-sa/4.0/ Available under a Creative Commons Attribution-ShareAlike 4.0 International License,data/research_batches/tlg_0001_1500_b5_cont20_checkpoint_01_0540_043_0540_067.csv
0540,059,VERIFIED_ALTERNATE_EDITION,OPEN_TEXT_DIFFERENT_EDITION,urn:cts:greekLit:tlg0540.tlg023.perseus-grc2,https://scaife.perseus.org/reader/urn:cts:greekLit:tlg0540.tlg023.perseus-grc2,sources/upstream/perseus-canonical-greekLit/data/tlg0540/tlg023/tlg0540.tlg023.perseus-grc2.xml,d87f45aee9d330604c2467091289ec44ca32afbeb3cdf536a1eeb9bc8f8e85f8,https://creativecommons.org/licenses/by-sa/4.0/ Available under a Creative Commons Attribution-ShareAlike 4.0 International License,data/research_batches/tlg_0001_1500_b5_cont20_checkpoint_01_0540_043_0540_067.csv
0540,060,VERIFIED_ALTERNATE_EDITION,OPEN_TEXT_DIFFERENT_EDITION,urn:cts:greekLit:tlg0540.tlg024.perseus-grc2,https://scaife.perseus.org/reader/urn:cts:greekLit:tlg0540.tlg024.perseus-grc2,sources/upstream/perseus-canonical-greekLit/data/tlg0540/tlg024/tlg0540.tlg024.perseus-grc2.xml,2bfe1e28179bcb3a02e9f791c6716a5535873ff7a57e5d2740da6240ebb16572,https://creativecommons.org/licenses/by-sa/4.0/ Available under a Creative Commons Attribution-ShareAlike 4.0 International License,data/research_batches/tlg_0001_1500_b5_cont20_checkpoint_01_0540_043_0540_067.csv
0540,061,VERIFIED_ALTERNATE_EDITION,OPEN_TEXT_DIFFERENT_EDITION,urn:cts:greekLit:tlg0540.tlg025.perseus-grc2,https://scaife.perseus.org/reader/urn:cts:greekLit:tlg0540.tlg025.perseus-grc2,sources/upstream/perseus-canonical-greekLit/data/tlg0540/tlg025/tlg0540.tlg025.perseus-grc2.xml,395702301950ddd30407fdcc01b249301bc1a1e6b4aef07435e7caab49c7c7a1,https://creativecommons.org/licenses/by-sa/4.0/ Available under a Creative Commons Attribution-ShareAlike 4.0 International License,data/research_batches/tlg_0001_1500_b5_cont20_checkpoint_01_0540_043_0540_067.csv
0540,062,VERIFIED_ALTERNATE_EDITION,OPEN_TEXT_DIFFERENT_EDITION,urn:cts:greekLit:tlg0540.tlg026.perseus-grc2,https://scaife.perseus.org/reader/urn:cts:greekLit:tlg0540.tlg026.perseus-grc2,sources/upstream/perseus-canonical-greekLit/data/tlg0540/tlg026/tlg0540.tlg026.perseus-grc2.xml,50b59578b0038e303ac35f2ac70d52c1aab93587ca19d9f4889bb32750a91892,https://creativecommons.org/licenses/by-sa/4.0/ Available under a Creative Commons Attribution-ShareAlike 4.0 International License,data/research_batches/tlg_0001_1500_b5_cont20_checkpoint_01_0540_043_0540_067.csv
0540,063,VERIFIED_ALTERNATE_EDITION,OPEN_TEXT_DIFFERENT_EDITION,urn:cts:greekLit:tlg0540.tlg027.perseus-grc2,https://scaife.perseus.org/reader/urn:cts:greekLit:tlg0540.tlg027.perseus-grc2,sources/upstream/perseus-canonical-greekLit/data/tlg0540/tlg027/tlg0540.tlg027.perseus-grc2.xml,f8cceb96238d68f57200a923f8adedc5334d451dc61a71d38eb9e2dc84781f57,https://creativecommons.org/licenses/by-sa/4.0/ Available under a Creative Commons Attribution-ShareAlike 4.0 International License,data/research_batches/tlg_0001_1500_b5_cont20_checkpoint_01_0540_043_0540_067.csv
0540,064,VERIFIED_ALTERNATE_EDITION,OPEN_TEXT_DIFFERENT_EDITION,urn:cts:greekLit:tlg0540.tlg028.perseus-grc2,https://scaife.perseus.org/reader/urn:cts:greekLit:tlg0540.tlg028.perseus-grc2,sources/upstream/perseus-canonical-greekLit/data/tlg0540/tlg028/tlg0540.tlg028.perseus-grc2.xml,63fbd26f83a635246b2601bbd2bdae2d7e99211a826cc2e50b72f2a64afd1e0f,https://creativecommons.org/licenses/by-sa/4.0/ Available under a Creative Commons Attribution-ShareAlike 4.0 International License,data/research_batches/tlg_0001_1500_b5_cont20_checkpoint_01_0540_043_0540_067.csv
0540,065,VERIFIED_ALTERNATE_EDITION,OPEN_TEXT_DIFFERENT_EDITION,urn:cts:greekLit:tlg0540.tlg029.perseus-grc2,https://scaife.perseus.org/reader/urn:cts:greekLit:tlg0540.tlg029.perseus-grc2,sources/upstream/perseus-canonical-greekLit/data/tlg0540/tlg029/tlg0540.tlg029.perseus-grc2.xml,fb04bb27a0a5541d4f23d78258f17c37ecdbc3b684b5b029ef0887e3c96e6703,https://creativecommons.org/licenses/by-sa/4.0/ Available under a Creative Commons Attribution-ShareAlike 4.0 International License,data/research_batches/tlg_0001_1500_b5_cont20_checkpoint_01_0540_043_0540_067.csv
0540,066,VERIFIED_ALTERNATE_EDITION,OPEN_TEXT_DIFFERENT_EDITION,urn:cts:greekLit:tlg0540.tlg030.perseus-grc2,https://scaife.perseus.org/reader/urn:cts:greekLit:tlg0540.tlg030.perseus-grc2,sources/upstream/perseus-canonical-greekLit/data/tlg0540/tlg030/tlg0540.tlg030.perseus-grc2.xml,67b7c0d3aae9dc81783454908750af292f3e07e8d42c118386fed9c37cc1aae6,https://creativecommons.org/licenses/by-sa/4.0/ Available under a Creative Commons Attribution-ShareAlike 4.0 International License,data/research_batches/tlg_0001_1500_b5_cont20_checkpoint_01_0540_043_0540_067.csv
0540,067,VERIFIED_ALTERNATE_EDITION,OPEN_TEXT_DIFFERENT_EDITION,urn:cts:greekLit:tlg0540.tlg031.perseus-grc2,https://scaife.perseus.org/reader/urn:cts:greekLit:tlg0540.tlg031.perseus-grc2,sources/upstream/perseus-canonical-greekLit/data/tlg0540/tlg031/tlg0540.tlg031.perseus-grc2.xml,0f53661aac7de5b8eb0be4ee11dc46d85cc710e5649e41778def55a9d4963a0a,https://creativecommons.org/licenses/by-sa/4.0/ Available under a Creative Commons Attribution-ShareAlike 4.0 International License,data/research_batches/tlg_0001_1500_b5_cont20_checkpoint_01_0540_043_0540_067.csv
0540,068,VERIFIED_ALTERNATE_EDITION,OPEN_TEXT_DIFFERENT_EDITION,urn:cts:greekLit:tlg0540.tlg032.perseus-grc2,https://scaife.perseus.org/reader/urn:cts:greekLit:tlg0540.tlg032.perseus-grc2,sources/upstream/perseus-canonical-greekLit/data/tlg0540/tlg032/tlg0540.tlg032.perseus-grc2.xml,514a7640902730b72232c9e0e5da3ff9c823a08c734c3d64449f1e01251fefe7,https://creativecommons.org/licenses/by-sa/4.0/ Available under a Creative Commons Attribution-ShareAlike 4.0 International License,data/research_batches/tlg_0001_1500_b5_cont21_checkpoint_01_0540_068_1472_001.csv
0540,069,VERIFIED_ALTERNATE_EDITION,OPEN_TEXT_DIFFERENT_EDITION,urn:cts:greekLit:tlg0540.tlg033.perseus-grc2,https://scaife.perseus.org/reader/urn:cts:greekLit:tlg0540.tlg033.perseus-grc2,sources/upstream/perseus-canonical-greekLit/data/tlg0540/tlg033/tlg0540.tlg033.perseus-grc2.xml,eb917b32820854d2151daf7c5a2f28d8be59e266320ff3cc3cd974ed079446d3,https://creativecommons.org/licenses/by-sa/4.0/ Available under a Creative Commons Attribution-ShareAlike 4.0 International License,data/research_batches/tlg_0001_1500_b5_cont21_checkpoint_01_0540_068_1472_001.csv
0540,070,VERIFIED_ALTERNATE_EDITION,OPEN_TEXT_DIFFERENT_EDITION,urn:cts:greekLit:tlg0540.tlg034.perseus-grc2,https://scaife.perseus.org/reader/urn:cts:greekLit:tlg0540.tlg034.perseus-grc2,sources/upstream/perseus-canonical-greekLit/data/tlg0540/tlg034/tlg0540.tlg034.perseus-grc2.xml,49b7f7c346e0dfc575efdd0bdd249da9fdfed5dd3cbdb34a577dee379cab5617,https://creativecommons.org/licenses/by-sa/4.0/ Available under a Creative Commons Attribution-ShareAlike 4.0 International License,data/research_batches/tlg_0001_1500_b5_cont21_checkpoint_01_0540_068_1472_001.csv
0542,001,VERIFIED_ALTERNATE_EDITION,OPEN_TEXT_DIFFERENT_EDITION,urn:cts:greekLit:tlg0542.tlg001.1st1K-grc1,https://scaife.perseus.org/reader/urn:cts:greekLit:tlg0542.tlg001.1st1K-grc1:2.157,sources/upstream/first1kgreek/data/tlg0542/tlg001/tlg0542.tlg001.1st1K-grc1.xml,5dddf00c3e6a19db241d63b232fa45531ec24786eeaf53646e6603fda86d359c,https://creativecommons.org/licenses/by-sa/4.0/ Available under a Creative Commons Attribution-ShareAlike 4.0 International License,data/research_batches/detailed_verified_3001_batch_734.csv
0543,001,VERIFIED_ALTERNATE_EDITION,OPEN_TEXT_DIFFERENT_EDITION,urn:cts:greekLit:tlg0543.tlg001.perseus-grc2,https://scaife.perseus.org/reader/urn:cts:greekLit:tlg0543.tlg001.perseus-grc2,sources/upstream/perseus-canonical-greekLit/data/tlg0543/tlg001/tlg0543.tlg001.perseus-grc2.xml,8f32feed6bd98c7dd3d2e0988df684ae03179dbb13d6c9c8aca832a51d2de52e,https://creativecommons.org/licenses/by-sa/4.0/ Available under a Creative Commons Attribution-ShareAlike 4.0 International License,data/research_batches/detailed_verified_3001_batch_734.csv
0544,001,VERIFIED_ALTERNATE_EDITION,OPEN_TEXT_DIFFERENT_EDITION,urn:cts:greekLit:tlg0544.tlg001.1st1K-grc1,https://scaife.perseus.org/reader/urn:cts:greekLit:tlg0544.tlg001.1st1K-grc1:1.toc,sources/upstream/first1kgreek/data/tlg0544/tlg001/tlg0544.tlg001.1st1K-grc1.xml,6aa8ff81867ed4fa78b8681ff38cb3305a47a76cd1f61209da9f66ddb88a9ddc,"https://creativecommons.org/licenses/by-sa/4.0/ Available under a Creative Commons Attribution-ShareAlike 4.0 International
License",data/research_batches/detailed_verified_3001_batch_735.csv
0544,002,VERIFIED_ALTERNATE_EDITION,OPEN_TEXT_DIFFERENT_EDITION,urn:cts:greekLit:tlg0544.tlg002.1st1K-grc1,https://scaife.perseus.org/reader/urn:cts:greekLit:tlg0544.tlg002.1st1K-grc1:1.1,sources/upstream/first1kgreek/data/tlg0544/tlg002/tlg0544.tlg002.1st1K-grc1.xml,342c8623d25ef987af187ebe5053dbd8cd83dbd48e18711e8ef5c9dc22cf9278,"https://creativecommons.org/licenses/by-sa/4.0/ Available under a Creative Commons Attribution-ShareAlike 4.0 International
License",data/research_batches/detailed_verified_3001_batch_735.csv
0545,001,VERIFIED_ALTERNATE_EDITION,OPEN_TEXT_DIFFERENT_EDITION,urn:cts:greekLit:tlg0545.tlg001.perseus-grc2,https://scaife.perseus.org/reader/urn:cts:greekLit:tlg0545.tlg001.perseus-grc2,sources/upstream/perseus-canonical-greekLit/data/tlg0545/tlg001/tlg0545.tlg001.perseus-grc2.xml,7cae7611866ebb1bf76ab30e60bc8f14c6c95ea3ad01658a18f35449ae17c2cc,https://creativecommons.org/licenses/by-sa/4.0/ Available under a Creative Commons Attribution-ShareAlike 4.0 International License,data/research_batches/detailed_verified_3001_batch_736.csv
0545,002,VERIFIED_ALTERNATE_EDITION,OPEN_TEXT_DIFFERENT_EDITION,urn:cts:greekLit:tlg0545.tlg002.perseus-grc2,https://scaife.perseus.org/reader/urn:cts:greekLit:tlg0545.tlg002.perseus-grc2,sources/upstream/perseus-canonical-greekLit/data/tlg0545/tlg002/tlg0545.tlg002.perseus-grc2.xml,a3520f432bad8bda21d702bc6810d8c7280bced0c1e428050f726856e545e652,https://creativecommons.org/licenses/by-sa/4.0/ Available under a Creative Commons Attribution-ShareAlike 4.0 International License,data/research_batches/detailed_verified_3001_batch_736.csv
0545,003,VERIFIED_ALTERNATE_EDITION,OPEN_TEXT_DIFFERENT_EDITION,urn:cts:greekLit:tlg0545.tlg003.perseus-grc2,https://scaife.perseus.org/reader/urn:cts:greekLit:tlg0545.tlg003.perseus-grc2,sources/upstream/perseus-canonical-greekLit/data/tlg0545/tlg003/tlg0545.tlg003.perseus-grc2.xml,0dfac1aa0073b11601e50cae131a365d957c1e35140718d4b5d55ad354f0fe81,https://creativecommons.org/licenses/by-sa/4.0/ Available under a Creative Commons Attribution-ShareAlike 4.0 International License,data/research_batches/detailed_verified_3001_batch_736.csv
0545,004,VERIFIED_ALTERNATE_EDITION,OPEN_TEXT_DIFFERENT_EDITION,urn:cts:greekLit:tlg0545.tlg004.1st1K-grc1,https://scaife.perseus.org/reader/urn:cts:greekLit:tlg0545.tlg004.1st1K-grc1:1,sources/upstream/first1kgreek/data/tlg0545/tlg004/tlg0545.tlg004.1st1K-grc1.xml,b5b930cc428bb2e55dee9ea2266c2fa5898e1063ca5eecfebfa6d05f2cb928ce,https://creativecommons.org/licenses/by-sa/4.0/ Available under a Creative Commons Attribution-ShareAlike 4.0 International License,data/research_batches/detailed_verified_3001_batch_736.csv
0560,002,VERIFIED_ALTERNATE_EDITION,OPEN_TEXT_DIFFERENT_EDITION,urn:cts:greekLit:tlg0560.tlg001.perseus-grc2,https://scaife.perseus.org/reader/urn:cts:greekLit:tlg0560.tlg001.perseus-grc2,sources/upstream/perseus-canonical-greekLit/data/tlg0560/tlg001/tlg0560.tlg001.perseus-grc2.xml,da01bc3f77e87e2ab7e840ffae66ff093213ecb00b9b4e62493e073931811462,CC BY-SA 4.0 (repository default; verify file),data/research_batches/tlg_0001_1500_b5_cont17_checkpoint_02_5361_004_4477_001.csv
0564,001,VERIFIED_ALTERNATE_EDITION,OPEN_TEXT_DIFFERENT_EDITION,urn:cts:greekLit:tlg0564.tlg001.1st1K-grc1,https://scaife.perseus.org/reader/urn:cts:greekLit:tlg0564.tlg001.1st1K-grc1:0.1,sources/upstream/first1kgreek/data/tlg0564/tlg001/tlg0564.tlg001.1st1K-grc1.xml,f7ce93958f164ee006a1dc1a5e1241c7c9a5933cd63599e61a1c940082845ea5,https://creativecommons.org/licenses/by-sa/4.0/ Available under a Creative Commons Attribution-ShareAlike 4.0 International License,data/research_batches/detailed_verified_3001_batch_737.csv
0565,001,VERIFIED_ALTERNATE_EDITION,OPEN_TEXT_DIFFERENT_EDITION,urn:cts:greekLit:tlg0565.tlg001.1st1K-grc1,https://scaife.perseus.org/reader/urn:cts:greekLit:tlg0565.tlg001.1st1K-grc1:1.pref,sources/upstream/first1kgreek/data/tlg0565/tlg001/tlg0565.tlg001.1st1K-grc1.xml,5a339dcb755b4e318b49c24f67671ae6ca206cb34860bd8b5e416b2dcc0a387f,"https://creativecommons.org/licenses/by-sa/4.0/ Available under a Creative Commons Attribution-ShareAlike 4.0 International
 License",data/research_batches/detailed_verified_3001_batch_738.csv
0565,002,VERIFIED_ALTERNATE_EDITION,OPEN_TEXT_DIFFERENT_EDITION,urn:cts:greekLit:tlg0565.tlg002.1st1K-grc1,https://scaife.perseus.org/reader/urn:cts:greekLit:tlg0565.tlg002.1st1K-grc1:1,sources/upstream/first1kgreek/data/tlg0565/tlg002/tlg0565.tlg002.1st1K-grc1.xml,ae6dc75a468acc30be1bedbb47bf4027511af36a582785e94e038c4f03a7557f,"https://creativecommons.org/licenses/by-sa/4.0/ Available under a Creative Commons Attribution-ShareAlike 4.0 International
 License",data/research_batches/detailed_verified_3001_batch_739.csv
0565,003,VERIFIED_ALTERNATE_EDITION,OPEN_TEXT_DIFFERENT_EDITION,urn:cts:greekLit:tlg0565.tlg003.1st1K-grc1,https://scaife.perseus.org/reader/urn:cts:greekLit:tlg0565.tlg003.1st1K-grc1:1,sources/upstream/first1kgreek/data/tlg0565/tlg003/tlg0565.tlg003.1st1K-grc1.xml,a6eb21d8f67a63427e7a12832cd86350cbba60f0efbee6a05ce443a5ec2b0b3a,"https://creativecommons.org/licenses/by-sa/4.0/ Available under a Creative Commons Attribution-ShareAlike 4.0 International
 License",data/research_batches/detailed_verified_3001_batch_739.csv
0565,004,VERIFIED_ALTERNATE_EDITION,OPEN_TEXT_DIFFERENT_EDITION,urn:cts:greekLit:tlg0565.tlg004.1st1K-grc1,https://scaife.perseus.org/reader/urn:cts:greekLit:tlg0565.tlg004.1st1K-grc1:1,sources/upstream/first1kgreek/data/tlg0565/tlg004/tlg0565.tlg004.1st1K-grc1.xml,eaf1da8538e8f08e81bfc2103260120b430c35338f07eeed920e6eebc2d96571,"https://creativecommons.org/licenses/by-sa/4.0/ Available under a Creative Commons Attribution-ShareAlike 4.0 International
 License",data/research_batches/detailed_verified_3001_batch_739.csv
0579,010,VERIFIED_ALTERNATE_EDITION,OPEN_TEXT_DIFFERENT_EDITION,urn:cts:greekLit:tlg0579.tlg010.1st1K-grc1,https://scaife.perseus.org/reader/urn:cts:greekLit:tlg0579.tlg010.1st1K-grc1:1,sources/upstream/first1kgreek/data/tlg0579/tlg010/tlg0579.tlg010.1st1K-grc1.xml,7f8be128671e234991b648767d987a9899398d17a76a238ba5ed20bb5325096d,https://creativecommons.org/licenses/by-sa/4.0/ Available under a Creative Commons Attribution-ShareAlike 4.0 International License,data/research_batches/detailed_verified_3001_batch_743.csv
0580,001,VERIFIED_ALTERNATE_EDITION,OPEN_TEXT_DIFFERENT_EDITION,urn:cts:greekLit:tlg0580.tlg001.1st1K-grc1,https://scaife.perseus.org/reader/urn:cts:greekLit:tlg0580.tlg001.1st1K-grc1:1,sources/upstream/first1kgreek/data/tlg0580/tlg001/tlg0580.tlg001.1st1K-grc1.xml,ba0b8a17c2388e7a93a65319ded15e4fef84ead5c118c35150c9426196220523,https://creativecommons.org/licenses/by-sa/4.0/ Available under a Creative Commons Attribution-ShareAlike 4.0 International License,data/research_batches/detailed_verified_3001_batch_744.csv
0606,001,VERIFIED_ALTERNATE_EDITION,OPEN_TEXT_DIFFERENT_EDITION,urn:cts:greekLit:tlg0606.tlg001.1st1K-grc1,https://scaife.perseus.org/reader/urn:cts:greekLit:tlg0606.tlg001.1st1K-grc1:pr.1,sources/upstream/first1kgreek/data/tlg0606/tlg001/tlg0606.tlg001.1st1K-grc1.xml,1e44ee904766da6843de832d6ceb1e49e98c7df6749f8f225694ab52434ab935,"https://creativecommons.org/licenses/by-sa/4.0/ Available under a Creative Commons Attribution-ShareAlike 4.0 International
                        License",data/research_batches/detailed_verified_3001_batch_756.csv
0607,001,VERIFIED_ALTERNATE_EDITION,OPEN_TEXT_DIFFERENT_EDITION,urn:cts:greekLit:tlg0607.tlg001.1st1K-grc1,https://scaife.perseus.org/reader/urn:cts:greekLit:tlg0607.tlg001.1st1K-grc1:1,sources/upstream/first1kgreek/data/tlg0607/tlg001/tlg0607.tlg001.1st1K-grc1.xml,7af0b51fffa342419be07678e70e2541088bcc3d045dc91b8d2343515e082ba6,CC BY-SA 4.0 (repository-level license.md),data/research_batches/detailed_verified_3001_batch_756.csv
0609,001,VERIFIED_ALTERNATE_EDITION,OPEN_TEXT_DIFFERENT_EDITION,urn:cts:greekLit:tlg0609.tlg001.1st1K-grc1,https://scaife.perseus.org/reader/urn:cts:greekLit:tlg0609.tlg001.1st1K-grc1:p,sources/upstream/first1kgreek/data/tlg0609/tlg001/tlg0609.tlg001.1st1K-grc1.xml,746fc271111126d4f4e62bd7083db51e893aaa880978ac5e6b5969036ab7fb18,"https://creativecommons.org/licenses/by-sa/4.0/ Available under a
                        Creative Commons Attribution-ShareAlike 4.0 International License",data/research_batches/detailed_verified_3001_batch_757.csv
0610,001,VERIFIED_ALTERNATE_EDITION,OPEN_TEXT_DIFFERENT_EDITION,urn:cts:greekLit:tlg0610.tlg001.1st1K-grc1,https://scaife.perseus.org/reader/urn:cts:greekLit:tlg0610.tlg001.1st1K-grc1:1.1,sources/upstream/first1kgreek/data/tlg0610/tlg001/tlg0610.tlg001.1st1K-grc1.xml,2a375719fbf65f5e025e6f476c7147742f71b58e0c603ee00576ec29c0b3af3a,https://creativecommons.org/licenses/by-sa/4.0/ Available under a Creative Commons Attribution-ShareAlike 4.0 International License,data/research_batches/detailed_verified_3001_batch_758.csv
0616,001,VERIFIED_ALTERNATE_EDITION,OPEN_TEXT_DIFFERENT_EDITION,urn:cts:greekLit:tlg0616.tlg001.1st1K-grc1,https://scaife.perseus.org/reader/urn:cts:greekLit:tlg0616.tlg001.1st1K-grc1:1.pref,sources/upstream/first1kgreek/data/tlg0616/tlg001/tlg0616.tlg001.1st1K-grc1.xml,7ffec56c7c34d6dc8c953ccb6cf19175825999fcdc132e4f0f311ffc055ac642,"https://creativecommons.org/licenses/by-sa/4.0/ Available under a Creative Commons Attribution-ShareAlike 4.0 International
 License",data/research_batches/detailed_verified_3001_batch_759.csv
0616,002,VERIFIED_ALTERNATE_EDITION,OPEN_TEXT_DIFFERENT_EDITION,urn:cts:greekLit:tlg0616.tlg002.1st1K-grc1,https://scaife.perseus.org/reader/urn:cts:greekLit:tlg0616.tlg002.1st1K-grc1:toc,sources/upstream/first1kgreek/data/tlg0616/tlg002/tlg0616.tlg002.1st1K-grc1.xml,0a7ebde63637ec706e2e3d5a4b643a1ac537bd86c746fec2a859decec5026531,"https://creativecommons.org/licenses/by-sa/4.0/ Available under a Creative Commons Attribution-ShareAlike 4.0 International
 License",data/research_batches/detailed_verified_3001_batch_759.csv
0628,001,VERIFIED_ALTERNATE_EDITION,OPEN_TEXT_DIFFERENT_EDITION,urn:cts:greekLit:tlg0628.tlg001.1st1K-grc1,https://scaife.perseus.org/reader/urn:cts:greekLit:tlg0628.tlg001.1st1K-grc1:1,sources/upstream/first1kgreek/data/tlg0628/tlg001/tlg0628.tlg001.1st1K-grc1.xml,fbfc7b5effb497f160a74c9f6b1ab70990081d7247b93ae5b176fc379bb37ec0,"https://creativecommons.org/licenses/by-sa/4.0/ Available
        under a Creative Commons Attribution-ShareAlike 4.0 International
        License",data/research_batches/detailed_verified_3001_batch_760.csv
0628,002,VERIFIED_ALTERNATE_EDITION,OPEN_TEXT_DIFFERENT_EDITION,urn:cts:greekLit:tlg0628.tlg002.1st1K-grc1,https://scaife.perseus.org/reader/urn:cts:greekLit:tlg0628.tlg002.1st1K-grc1:22,sources/upstream/first1kgreek/data/tlg0628/tlg002/tlg0628.tlg002.1st1K-grc1.xml,f3650cbe4c6db020d55ac55cca1e49c39d2c680119f3c9a83e05e429072c40fa,"https://creativecommons.org/licenses/by-sa/4.0/ Available under a
            Creative Commons Attribution-ShareAlike 4.0 International License",data/research_batches/detailed_verified_3001_batch_760.csv
0628,003,VERIFIED_ALTERNATE_EDITION,OPEN_TEXT_DIFFERENT_EDITION,urn:cts:greekLit:tlg0628.tlg003.1st1K-grc1,https://scaife.perseus.org/reader/urn:cts:greekLit:tlg0628.tlg003.1st1K-grc1:1.1,sources/upstream/first1kgreek/data/tlg0628/tlg003/tlg0628.tlg003.1st1K-grc1.xml,8b36f3305092e8bd0ce5eed3a6fd85abaa0571e2b61d869f4d673fe9aa240854,"https://creativecommons.org/licenses/by-sa/4.0/ Available under a
            Creative Commons Attribution-ShareAlike 4.0 International License",data/research_batches/detailed_verified_3001_batch_760.csv
0629,001,VERIFIED_ALTERNATE_EDITION,OPEN_TEXT_DIFFERENT_EDITION,urn:cts:greekLit:tlg0629.tlg001.1st1K-grc1,https://scaife.perseus.org/reader/urn:cts:greekLit:tlg0629.tlg001.1st1K-grc1:1,sources/upstream/first1kgreek/data/tlg0629/tlg001/tlg0629.tlg001.1st1K-grc1.xml,5d2f08d966fb71e41957782395f96c5577f0029f75759d25da82ec2656f22002,https://creativecommons.org/licenses/by-sa/4.0/ Available under a Creative Commons Attribution-ShareAlike 4.0 International License,data/research_batches/detailed_verified_3001_batch_761.csv
0634,001,VERIFIED_ALTERNATE_EDITION,OPEN_TEXT_DIFFERENT_EDITION,urn:cts:greekLit:tlg0634.tlg001.1st1K-grc1,https://scaife.perseus.org/reader/urn:cts:greekLit:tlg0634.tlg001.1st1K-grc1:1,sources/upstream/first1kgreek/data/tlg0634/tlg001/tlg0634.tlg001.1st1K-grc1.xml,422811720c35fca0891d25538fe73d4be7ec1ab9eb786f4e54f8fdabc3fc8c92,https://creativecommons.org/licenses/by-sa/4.0/ Available under a Creative Commons Attribution-ShareAlike 4.0 International License,data/research_batches/detailed_verified_3001_batch_762.csv
0636,001,VERIFIED_ALTERNATE_EDITION,OPEN_TEXT_DIFFERENT_EDITION,urn:cts:greekLit:tlg0636.tlg001.1st1K-grc1,https://scaife.perseus.org/reader/urn:cts:greekLit:tlg0636.tlg001.1st1K-grc1:1.1,sources/upstream/first1kgreek/data/tlg0636/tlg001/tlg0636.tlg001.1st1K-grc1.xml,84463b33515bd73e41b8791b23f533e3051fb02fc8e551ef63682d9976a06c50,https://creativecommons.org/licenses/by-sa/4.0/ Available under a Creative Commons Attribution-ShareAlike 4.0 International License,data/research_batches/detailed_verified_3001_batch_763.csv
0637,001,VERIFIED_ALTERNATE_EDITION,OPEN_TEXT_DIFFERENT_EDITION,urn:cts:greekLit:tlg0637.tlg001.1st1K-grc1,https://scaife.perseus.org/reader/urn:cts:greekLit:tlg0637.tlg001.1st1K-grc1:8.1,sources/upstream/first1kgreek/data/tlg0637/tlg001/tlg0637.tlg001.1st1K-grc1.xml,8ef7733c69c06d2f3d77c856297528f168864d73b0e4d8fc60c7a16dc8f9a3e3,https://creativecommons.org/licenses/by-sa/4.0/ Available under a Creative Commons Attribution-ShareAlike 4.0 International License,data/research_batches/detailed_verified_3001_batch_763.csv
0638,001,VERIFIED_ALTERNATE_EDITION,OPEN_TEXT_DIFFERENT_EDITION,urn:cts:greekLit:tlg0638.tlg001.perseus-grc2,https://scaife.perseus.org/reader/urn:cts:greekLit:tlg0638.tlg001.perseus-grc2,sources/upstream/perseus-canonical-greekLit/data/tlg0638/tlg001/tlg0638.tlg001.perseus-grc2.xml,2db350246fe10df28e8c054138350daef2bfeb3e5f93661c1ecbe3cad297af58,https://creativecommons.org/licenses/by-sa/4.0/ Available under a Creative Commons Attribution-ShareAlike 4.0 International License,data/research_batches/detailed_verified_3001_batch_763.csv
0638,003,VERIFIED_ALTERNATE_EDITION,OPEN_TEXT_DIFFERENT_EDITION,urn:cts:greekLit:tlg0638.tlg003.perseus-grc2,https://scaife.perseus.org/reader/urn:cts:greekLit:tlg0638.tlg003.perseus-grc2,sources/upstream/perseus-canonical-greekLit/data/tlg0638/tlg003/tlg0638.tlg003.perseus-grc2.xml,a9674a4a6e8e661c38a58f09ece5bd6dff812802146082fa034e0f42b2ca0469,https://creativecommons.org/licenses/by-sa/4.0/ Available under a Creative Commons Attribution-ShareAlike 4.0 International License,data/research_batches/detailed_verified_3001_batch_764.csv
0638,004,VERIFIED_ALTERNATE_EDITION,OPEN_TEXT_DIFFERENT_EDITION,urn:cts:greekLit:tlg0638.tlg004.perseus-grc2,https://scaife.perseus.org/reader/urn:cts:greekLit:tlg0638.tlg004.perseus-grc2,sources/upstream/perseus-canonical-greekLit/data/tlg0638/tlg004/tlg0638.tlg004.perseus-grc2.xml,8ef49563d336d90b5f4582da3e39a7014ee5ccd62e5dd06c23458b2575d587a9,https://creativecommons.org/licenses/by-sa/4.0/ Available under a Creative Commons Attribution-ShareAlike 4.0 International License,data/research_batches/detailed_verified_3001_batch_764.csv
0638,005,VERIFIED_ALTERNATE_EDITION,OPEN_TEXT_DIFFERENT_EDITION,urn:cts:greekLit:tlg0638.tlg005.perseus-grc2,https://scaife.perseus.org/reader/urn:cts:greekLit:tlg0638.tlg005.perseus-grc2,sources/upstream/perseus-canonical-greekLit/data/tlg0638/tlg005/tlg0638.tlg005.perseus-grc2.xml,44a62c0b452096cf4c911e032815ecf375ef156fe3c47961d5e243eb7478f693,https://creativecommons.org/licenses/by-sa/4.0/ Available under a Creative Commons Attribution-ShareAlike 4.0 International License,data/research_batches/detailed_verified_3001_batch_764.csv
0638,006,VERIFIED_ALTERNATE_EDITION,OPEN_TEXT_DIFFERENT_EDITION,urn:cts:greekLit:tlg0638.tlg006.perseus-grc2,https://scaife.perseus.org/reader/urn:cts:greekLit:tlg0638.tlg006.perseus-grc2,sources/upstream/perseus-canonical-greekLit/data/tlg0638/tlg006/tlg0638.tlg006.perseus-grc2.xml,bb9e1c8b9e01713666ef5ec7a41bdf1a90c0f41bd0f201b7c430b4d4c66f01a9,https://creativecommons.org/licenses/by-sa/4.0/ Available under a Creative Commons Attribution-ShareAlike 4.0 International License,data/research_batches/detailed_verified_3001_batch_764.csv
0638,007,VERIFIED_ALTERNATE_EDITION,OPEN_TEXT_DIFFERENT_EDITION,urn:cts:greekLit:tlg0638.tlg007.perseus-grc2,https://scaife.perseus.org/reader/urn:cts:greekLit:tlg0638.tlg007.perseus-grc2,sources/upstream/perseus-canonical-greekLit/data/tlg0638/tlg007/tlg0638.tlg007.perseus-grc2.xml,826adf3e4073cc6362fb60b8d7eaa03120cb6814a18ca93e8852a79f17d3ae4e,https://creativecommons.org/licenses/by-sa/4.0/ Available under a Creative Commons Attribution-ShareAlike 4.0 International License,data/research_batches/detailed_verified_3001_batch_764.csv
0640,001,VERIFIED_ALTERNATE_EDITION,OPEN_TEXT_DIFFERENT_EDITION,urn:cts:greekLit:tlg0640.tlg001.1st1K-grc1,https://scaife.perseus.org/reader/urn:cts:greekLit:tlg0640.tlg001.1st1K-grc1:1.1,sources/upstream/first1kgreek/data/tlg0640/tlg001/tlg0640.tlg001.1st1K-grc1.xml,0d1b1d8b2fbfcc01e46a82039ef4884fffa9036e9632778680839394ddf058a6,"https://creativecommons.org/licenses/by-sa/4.0/ Available under a Creative Commons Attribution-ShareAlike 4.0 International
 License",data/research_batches/detailed_verified_3001_batch_765.csv
0641,001,VERIFIED_ALTERNATE_EDITION,OPEN_TEXT_DIFFERENT_EDITION,urn:cts:greekLit:tlg0641.tlg001.perseus-grc2,https://scaife.perseus.org/reader/urn:cts:greekLit:tlg0641.tlg001.perseus-grc2,sources/upstream/perseus-canonical-greekLit/data/tlg0641/tlg001/tlg0641.tlg001.perseus-grc2.xml,44f78340473eab9beb730a89bf43306696144f296828abb882dac7fb9d8e42eb,https://creativecommons.org/licenses/by-sa/4.0/ Available under a Creative Commons Attribution-ShareAlike 4.0 International License,data/research_batches/detailed_verified_3001_batch_765.csv
0645,005,VERIFIED_ALTERNATE_EDITION,OPEN_TEXT_DIFFERENT_EDITION,urn:cts:greekLit:tlg0645.tlg001.1st1K-grc1,https://scaife.perseus.org/reader/urn:cts:greekLit:tlg0645.tlg001.1st1K-grc1:1,sources/upstream/first1kgreek/data/tlg0645/tlg001/tlg0645.tlg001.1st1K-grc1.xml,d89772ab0d12a0a293c299652ddf4a5d69ccbd6cced5c4f9181ae887bde074bf,https://creativecommons.org/licenses/by-sa/4.0/ Available under a Creative Commons Attribution-ShareAlike 4.0 International License,data/research_batches/tlg_0001_1500_b5_cont14_checkpoint_03_2734_011_0645_006.csv
0645,006,VERIFIED_ALTERNATE_EDITION,OPEN_TEXT_DIFFERENT_EDITION,urn:cts:greekLit:tlg0645.tlg002.perseus-grc2,https://scaife.perseus.org/reader/urn:cts:greekLit:tlg0645.tlg002.perseus-grc2:1,sources/upstream/first1kgreek/data/tlg0645/tlg002/tlg0645.tlg002.perseus-grc2.xml,ac7938667236b7472046f0956333ebfde31b3b4dc8f78c162b6307cad09901bf,https://creativecommons.org/licenses/by-sa/4.0/ Available under a Creative Commons Attribution-ShareAlike 4.0 International License,data/research_batches/tlg_0001_1500_b5_cont14_checkpoint_03_2734_011_0645_006.csv
0693,001,VERIFIED_ALTERNATE_EDITION,OPEN_TEXT_DIFFERENT_EDITION,urn:cts:greekLit:tlg0693.tlg001.1st1K-grc1,https://scaife.perseus.org/reader/urn:cts:greekLit:tlg0693.tlg001.1st1K-grc1:1,sources/upstream/first1kgreek/data/tlg0693/tlg001/tlg0693.tlg001.1st1K-grc1.xml,75819b927a36d8cb396e041cf779f3262483f58e7f6cbb8b5d52e7ab6ae52459,"https://creativecommons.org/licenses/by-sa/4.0/ Available under a
            Creative Commons Attribution-ShareAlike 4.0 International License",data/research_batches/detailed_verified_3001_batch_767.csv
0693,002,VERIFIED_ALTERNATE_EDITION,OPEN_TEXT_DIFFERENT_EDITION,urn:cts:greekLit:tlg0693.tlg002.1st1K-grc1,https://scaife.perseus.org/reader/urn:cts:greekLit:tlg0693.tlg002.1st1K-grc1:1,sources/upstream/first1kgreek/data/tlg0693/tlg002/tlg0693.tlg002.1st1K-grc1.xml,8e53871076986577aa079d93cc44b40b2019b25894f6d34116bb1cf76cf2d3a7,"https://creativecommons.org/licenses/by-sa/4.0/ Available under a
            Creative Commons Attribution-ShareAlike 4.0 International License",data/research_batches/detailed_verified_3001_batch_767.csv
0959,001,VERIFIED_ALTERNATE_EDITION,OPEN_TEXT_DIFFERENT_EDITION,urn:cts:greekLit:tlg7000.tlg001.perseus-grc8,https://scaife.perseus.org/reader/urn:cts:greekLit:tlg7000.tlg001.perseus-grc8,sources/upstream/perseus-canonical-greekLit/data/tlg7000/tlg001/tlg7000.tlg001.perseus-grc8.xml,9b81af23cccc9438b885d687105f679157a52d361916e43c7bc1dcb8e4e432f3,https://creativecommons.org/licenses/by-sa/4.0/ Available under a Creative Commons Attribution-ShareAlike 4.0 International License,data/research_batches/tlg_0001_1500_b5_cont26_checkpoint_01_2157_001_3074_002.csv
1447,002,VERIFIED_ALTERNATE_EDITION,OPEN_TEXT_DIFFERENT_EDITION,urn:cts:greekLit:tlg1447.tlg001.1st1K-grc1,https://scaife.perseus.org/reader/urn:cts:greekLit:tlg1447.tlg001.1st1K-grc1:1.1,sources/upstream/first1kgreek/data/tlg1447/tlg001/tlg1447.tlg001.1st1K-grc1.xml,bbbc779f0d9d2372ac3fcd088750dc3fce78c10d913d5cda9e2e71e01a0ac29f,"https://creativecommons.org/licenses/by-sa/4.0/ Available under a Creative Commons Attribution-ShareAlike 4.0 International
                        License",data/research_batches/tlg_0001_1500_b5_cont6_checkpoint_04_1443_003_1447_006.csv
1447,003,VERIFIED_ALTERNATE_EDITION,OPEN_TEXT_DIFFERENT_EDITION,urn:cts:greekLit:tlg1447.tlg001.1st1K-grc1,https://scaife.perseus.org/reader/urn:cts:greekLit:tlg1447.tlg001.1st1K-grc1:1.1,sources/upstream/first1kgreek/data/tlg1447/tlg001/tlg1447.tlg001.1st1K-grc1.xml,bbbc779f0d9d2372ac3fcd088750dc3fce78c10d913d5cda9e2e71e01a0ac29f,"https://creativecommons.org/licenses/by-sa/4.0/ Available under a Creative Commons Attribution-ShareAlike 4.0 International
                        License",data/research_batches/tlg_0001_1500_b5_cont6_checkpoint_04_1443_003_1447_006.csv
1447,007,VERIFIED_ALTERNATE_EDITION,OPEN_TEXT_DIFFERENT_EDITION,urn:cts:greekLit:tlg1447.tlg001.1st1K-grc1,https://scaife.perseus.org/reader/urn:cts:greekLit:tlg1447.tlg001.1st1K-grc1:1.1,sources/upstream/first1kgreek/data/tlg1447/tlg001/tlg1447.tlg001.1st1K-grc1.xml,bbbc779f0d9d2372ac3fcd088750dc3fce78c10d913d5cda9e2e71e01a0ac29f,"https://creativecommons.org/licenses/by-sa/4.0/ Available under a Creative Commons Attribution-ShareAlike 4.0 International
                        License",data/research_batches/tlg_0001_1500_b5_cont7_checkpoint_01_1447_007_0017_013.csv
1447,008,VERIFIED_ALTERNATE_EDITION,OPEN_TEXT_DIFFERENT_EDITION,urn:cts:greekLit:tlg1447.tlg001.1st1K-grc1,https://scaife.perseus.org/reader/urn:cts:greekLit:tlg1447.tlg001.1st1K-grc1:1.1,sources/upstream/first1kgreek/data/tlg1447/tlg001/tlg1447.tlg001.1st1K-grc1.xml,bbbc779f0d9d2372ac3fcd088750dc3fce78c10d913d5cda9e2e71e01a0ac29f,"https://creativecommons.org/licenses/by-sa/4.0/ Available under a Creative Commons Attribution-ShareAlike 4.0 International
                        License",data/research_batches/tlg_0001_1500_b5_cont7_checkpoint_01_1447_007_0017_013.csv
1468,001,VERIFIED_ALTERNATE_EDITION,OPEN_TEXT_DIFFERENT_EDITION,urn:cts:greekLit:tlg7000.tlg001.perseus-grc8,https://scaife.perseus.org/reader/urn:cts:greekLit:tlg7000.tlg001.perseus-grc8,sources/upstream/perseus-canonical-greekLit/data/tlg7000/tlg001/tlg7000.tlg001.perseus-grc8.xml,9b81af23cccc9438b885d687105f679157a52d361916e43c7bc1dcb8e4e432f3,https://creativecommons.org/licenses/by-sa/4.0/ Available under a Creative Commons Attribution-ShareAlike 4.0 International License,data/research_batches/tlg_0001_1500_b5_cont18_checkpoint_02_0062_068_1138_001.csv
1472,001,VERIFIED_ALTERNATE_EDITION,OPEN_TEXT_DIFFERENT_EDITION,urn:cts:greekLit:tlg7000.tlg001.perseus-grc8,https://scaife.perseus.org/reader/urn:cts:greekLit:tlg7000.tlg001.perseus-grc8,sources/upstream/perseus-canonical-greekLit/data/tlg7000/tlg001/tlg7000.tlg001.perseus-grc8.xml,9b81af23cccc9438b885d687105f679157a52d361916e43c7bc1dcb8e4e432f3,https://creativecommons.org/licenses/by-sa/4.0/ Available under a Creative Commons Attribution-ShareAlike 4.0 International License,data/research_batches/tlg_0001_1500_b5_cont21_checkpoint_01_0540_068_1472_001.csv
1473,001,VERIFIED_ALTERNATE_EDITION,OPEN_TEXT_DIFFERENT_EDITION,urn:cts:greekLit:tlg7000.tlg001.perseus-grc8,https://scaife.perseus.org/reader/urn:cts:greekLit:tlg7000.tlg001.perseus-grc8,sources/upstream/perseus-canonical-greekLit/data/tlg7000/tlg001/tlg7000.tlg001.perseus-grc8.xml,9b81af23cccc9438b885d687105f679157a52d361916e43c7bc1dcb8e4e432f3,https://creativecommons.org/licenses/by-sa/4.0/ Available under a Creative Commons Attribution-ShareAlike 4.0 International License,data/research_batches/tlg_0001_1500_b5_cont22_checkpoint_01_2318_001_0473_003.csv
1474,001,VERIFIED_ALTERNATE_EDITION,OPEN_TEXT_DIFFERENT_EDITION,urn:cts:greekLit:tlg7000.tlg001.perseus-grc8,https://scaife.perseus.org/reader/urn:cts:greekLit:tlg7000.tlg001.perseus-grc8,sources/upstream/perseus-canonical-greekLit/data/tlg7000/tlg001/tlg7000.tlg001.perseus-grc8.xml,9b81af23cccc9438b885d687105f679157a52d361916e43c7bc1dcb8e4e432f3,https://creativecommons.org/licenses/by-sa/4.0/ Available under a Creative Commons Attribution-ShareAlike 4.0 International License,data/research_batches/tlg_0001_1500_b5_cont24_checkpoint_01_9601_002_5002_027.csv
1476,001,VERIFIED_ALTERNATE_EDITION,OPEN_TEXT_DIFFERENT_EDITION,urn:cts:greekLit:tlg7000.tlg001.perseus-grc8,https://scaife.perseus.org/reader/urn:cts:greekLit:tlg7000.tlg001.perseus-grc8,sources/upstream/perseus-canonical-greekLit/data/tlg7000/tlg001/tlg7000.tlg001.perseus-grc8.xml,9b81af23cccc9438b885d687105f679157a52d361916e43c7bc1dcb8e4e432f3,https://creativecommons.org/licenses/by-sa/4.0/ Available under a Creative Commons Attribution-ShareAlike 4.0 International License,data/research_batches/tlg_0001_1500_b5_cont26_checkpoint_01_2157_001_3074_002.csv
1562,002,VERIFIED_ALTERNATE_EDITION,OPEN_TEXT_DIFFERENT_EDITION,urn:cts:greekLit:tlg1562.tlg002.1st1K-grc1,https://scaife.perseus.org/reader/urn:cts:greekLit:tlg1562.tlg002.1st1K-grc1:1,sources/upstream/first1kgreek/data/tlg1562/tlg002/tlg1562.tlg002.1st1K-grc1.xml,d962c37029042c517e1a16a2ce248b8b329923b9e0f59792cc664d666c0365b6,https://creativecommons.org/licenses/by-sa/4.0/ Available under a Creative Commons Attribution-ShareAlike 4.0 International License,data/research_batches/detailed_verified_3001_batch_778.csv
1595,221,VERIFIED_ALTERNATE_EDITION,OPEN_TEXT_DIFFERENT_EDITION,urn:cts:greekLit:tlg1595.tlg221.1st1K-grc1,https://scaife.perseus.org/reader/urn:cts:greekLit:tlg1595.tlg221.1st1K-grc1:1.1,sources/upstream/first1kgreek/data/tlg1595/tlg221/tlg1595.tlg221.1st1K-grc1.xml,57b69b99564380139cca9bcfe79affef3f025a643dbdd4e72f4f88f2cda2516f,"https://creativecommons.org/licenses/by-sa/4.0/ Available under a Creative Commons Attribution-ShareAlike 4.0 International
 License",data/research_batches/detailed_verified_3001_batch_788.csv
1595,370,VERIFIED_ALTERNATE_EDITION,OPEN_TEXT_DIFFERENT_EDITION,urn:cts:greekLit:tlg1595.tlg370.1st1K-grc1,https://scaife.perseus.org/reader/urn:cts:greekLit:tlg1595.tlg370.1st1K-grc1:1.4a,sources/upstream/first1kgreek/data/tlg1595/tlg370/tlg1595.tlg370.1st1K-grc1.xml,59f06acf8f7fd1236e530a2356d27bf45bc8d7e3858b5d1218472e155965ed95,https://creativecommons.org/licenses/by-sa/4.0/ Available under a Creative Commons Attribution-ShareAlike 4.0 International License,data/research_batches/detailed_verified_3001_batch_795.csv
1596,002,VERIFIED_ALTERNATE_EDITION,OPEN_TEXT_DIFFERENT_EDITION,urn:cts:greekLit:tlg1596.tlg002.1st1K-grc1,https://scaife.perseus.org/reader/urn:cts:greekLit:tlg1596.tlg002.1st1K-grc1:1,sources/upstream/first1kgreek/data/tlg1596/tlg002/tlg1596.tlg002.1st1K-grc1.xml,a4026c780eee688edb561243259de127729b06f25ead37279f1398a589f4edb4,https://creativecommons.org/licenses/by-sa/4.0/ Available under a Creative Commons Attribution-ShareAlike 4.0 International License,data/research_batches/detailed_verified_3001_batch_807.csv
1600,001,VERIFIED_ALTERNATE_EDITION,OPEN_TEXT_DIFFERENT_EDITION,urn:cts:greekLit:tlg1600.tlg001.perseus-grc2,https://scaife.perseus.org/reader/urn:cts:greekLit:tlg1600.tlg001.perseus-grc2,sources/upstream/perseus-canonical-greekLit/data/tlg1600/tlg001/tlg1600.tlg001.perseus-grc2.xml,3c8b8e1464ab3a8826c28f3b8541425e1bab3c35ce6e7f11ffaed2369f567955,CC BY-SA 4.0 (repository default; verify file),data/research_batches/detailed_verified_3001_batch_808.csv
1602,001,VERIFIED_ALTERNATE_EDITION,OPEN_TEXT_DIFFERENT_EDITION,urn:cts:greekLit:tlg1602.tlg001.1st1K-grc1,https://scaife.perseus.org/reader/urn:cts:greekLit:tlg1602.tlg001.1st1K-grc1:1,sources/upstream/first1kgreek/data/tlg1602/tlg001/tlg1602.tlg001.1st1K-grc1.xml,f9a100b5712d96b29957cacd845b065de4637e2d1817a7199c385c451bc70d87,https://creativecommons.org/licenses/by-sa/4.0/ Available under a Creative Commons Attribution-ShareAlike 4.0 International License,data/research_batches/detailed_verified_3001_batch_809.csv
1617,001,VERIFIED_ALTERNATE_EDITION,OPEN_TEXT_DIFFERENT_EDITION,urn:cts:greekLit:tlg1617.tlg001.1st1K-grc1,https://scaife.perseus.org/reader/urn:cts:greekLit:tlg1617.tlg001.1st1K-grc1:1.1,sources/upstream/first1kgreek/data/tlg1617/tlg001/tlg1617.tlg001.1st1K-grc1.xml,b873320f8a80881320283607881a87aaaa5c6f0cfff2704de13302f9c35f7805,https://creativecommons.org/licenses/by-sa/4.0/ Available under a Creative Commons Attribution-ShareAlike 4.0 International License,data/research_batches/detailed_verified_3001_batch_813.csv
1622,001,VERIFIED_ALTERNATE_EDITION,OPEN_TEXT_DIFFERENT_EDITION,urn:cts:greekLit:tlg1622.tlg001.1st1K-grc1,https://scaife.perseus.org/reader/urn:cts:greekLit:tlg1622.tlg001.1st1K-grc1:praef.sal,sources/upstream/first1kgreek/data/tlg1622/tlg001/tlg1622.tlg001.1st1K-grc1.xml,0c8a5538881c44d4c33c1461e61a3e3d76549b3e577dfc35236cf72140eab30a,https://creativecommons.org/licenses/by-sa/4.0/ Available under a Creative Commons Attribution-ShareAlike 4.0 International License,data/research_batches/detailed_verified_3001_batch_814.csv
1626,001,VERIFIED_ALTERNATE_EDITION,OPEN_TEXT_DIFFERENT_EDITION,urn:cts:greekLit:tlg1626.tlg001.1st1K-grc1,https://scaife.perseus.org/reader/urn:cts:greekLit:tlg1626.tlg001.1st1K-grc1:1,sources/upstream/first1kgreek/data/tlg1626/tlg001/tlg1626.tlg001.1st1K-grc1.xml,40a17d4ca348f53149497604087fa5dbee36409d06fac32f5762f5ab045d17ec,https://creativecommons.org/licenses/by-sa/4.0/ Available under a Creative Commons Attribution-ShareAlike 4.0 International License,data/research_batches/detailed_verified_3001_batch_816.csv
1634,002,VERIFIED_ALTERNATE_EDITION,OPEN_TEXT_DIFFERENT_EDITION,urn:cts:greekLit:tlg1634.tlg002.1st1K-grc1,https://scaife.perseus.org/reader/urn:cts:greekLit:tlg1634.tlg002.1st1K-grc1:1,sources/upstream/first1kgreek/data/tlg1634/tlg002/tlg1634.tlg002.1st1K-grc1.xml,9d86cec17911412ced8d5f154c520cb382c01d6827c73fbac857ecd7c125e6c3,https://creativecommons.org/licenses/by-sa/4.0/ Available under a Creative Commons Attribution-ShareAlike 4.0 International License,data/research_batches/detailed_verified_3001_batch_818.csv
1664,001,VERIFIED_ALTERNATE_EDITION,OPEN_TEXT_DIFFERENT_EDITION,urn:cts:greekLit:tlg1664.tlg001.1st1K-grc1,https://scaife.perseus.org/reader/urn:cts:greekLit:tlg1664.tlg001.1st1K-grc1:1,sources/upstream/first1kgreek/data/tlg1664/tlg001/tlg1664.tlg001.1st1K-grc1.xml,1fcbd490add763b466f755713a2c7df4b39a221a4955f37f624833b0c00c3050,https://creativecommons.org/licenses/by-sa/4.0/ Available under a Creative Commons Attribution-ShareAlike 4.0 International License,data/research_batches/detailed_verified_3001_batch_830.csv
1665,001,VERIFIED_ALTERNATE_EDITION,OPEN_TEXT_DIFFERENT_EDITION,urn:cts:greekLit:tlg1665.tlg001.1st1K-grc1,https://scaife.perseus.org/reader/urn:cts:greekLit:tlg1665.tlg001.1st1K-grc1:Monitum,sources/upstream/first1kgreek/data/tlg1665/tlg001/tlg1665.tlg001.1st1K-grc1.xml,ae48144d11638ec91c3c54fa2cc599756e66b13a07064a3dbbb3e148cfda4373,"https://creativecommons.org/licenses/by-sa/4.0/ Available under a Creative Commons Attribution-ShareAlike 4.0 International
License",data/research_batches/detailed_verified_3001_batch_830.csv
1669,004,VERIFIED_ALTERNATE_EDITION,OPEN_TEXT_DIFFERENT_EDITION,urn:cts:greekLit:tlg1669.tlg004.1st1K-grc1,https://scaife.perseus.org/reader/urn:cts:greekLit:tlg1669.tlg004.1st1K-grc1:156v.225,sources/upstream/first1kgreek/data/tlg1669/tlg004/tlg1669.tlg004.1st1K-grc1.xml,745f913a25eec09775a344da01e8dfde78e0c4ff184a5675118971c13c0e10df,https://creativecommons.org/licenses/by-sa/4.0/ Available under a Creative Commons Attribution-ShareAlike 4.0 International License,data/research_batches/detailed_verified_3001_batch_833.csv
1681,001,VERIFIED_ALTERNATE_EDITION,OPEN_TEXT_DIFFERENT_EDITION,urn:cts:greekLit:tlg1681.tlg001.1st1K-grc1,https://scaife.perseus.org/reader/urn:cts:greekLit:tlg1681.tlg001.1st1K-grc1:1,sources/upstream/first1kgreek/data/tlg1681/tlg001/tlg1681.tlg001.1st1K-grc1.xml,29fa961250fabdaf7f06bbe39f793196c80d2f38fa2f265aabfdbfdc0e5034d1,https://creativecommons.org/licenses/by-sa/4.0/ Available under a Creative Commons Attribution-ShareAlike 4.0 International License,data/research_batches/detailed_verified_3001_batch_836.csv
1692,005,VERIFIED_ALTERNATE_EDITION,OPEN_TEXT_DIFFERENT_EDITION,urn:cts:greekLit:tlg1692.tlg005.1st1K-grc1,https://scaife.perseus.org/reader/urn:cts:greekLit:tlg1692.tlg005.1st1K-grc1:1,sources/upstream/first1kgreek/data/tlg1692/tlg005/tlg1692.tlg005.1st1K-grc1.xml,a8d053d4facae6144c4b3fd8cca79bf084c49393c6be659b95205bdd52cd4ac9,"https://creativecommons.org/licenses/by-sa/4.0/ Available
        under a Creative Commons Attribution-ShareAlike 4.0 International
        License",data/research_batches/detailed_verified_3001_batch_841.csv
1699,001,VERIFIED_ALTERNATE_EDITION,OPEN_TEXT_DIFFERENT_EDITION,urn:cts:greekLit:tlg1699.tlg001.1st1K-grc1,https://scaife.perseus.org/reader/urn:cts:greekLit:tlg1699.tlg001.1st1K-grc1:1,sources/upstream/first1kgreek/data/tlg1699/tlg001/tlg1699.tlg001.1st1K-grc1.xml,9d5c05c71654d810b6eb62f69cb25476fcfdb606c0e4fec95e85db9698e0b07d,"https://creativecommons.org/licenses/by-sa/4.0/ Available
        under a Creative Commons Attribution-ShareAlike 4.0 International
        License",data/research_batches/detailed_verified_3001_batch_843.csv
1699,002,VERIFIED_ALTERNATE_EDITION,OPEN_TEXT_DIFFERENT_EDITION,urn:cts:greekLit:tlg1699.tlg002.1st1K-grc1,https://scaife.perseus.org/reader/urn:cts:greekLit:tlg1699.tlg002.1st1K-grc1:1,sources/upstream/first1kgreek/data/tlg1699/tlg002/tlg1699.tlg002.1st1K-grc1.xml,c47a6a868da82844685818280f8eaa7f98427263932194345dd8662ecc59e36e,https://creativecommons.org/licenses/by-sa/4.0/ Available under a Creative Commons Attribution-ShareAlike 4.0 International License,data/research_batches/detailed_verified_3001_batch_843.csv
1699,003,VERIFIED_ALTERNATE_EDITION,OPEN_TEXT_DIFFERENT_EDITION,urn:cts:greekLit:tlg1699.tlg003.1st1K-grc1,https://scaife.perseus.org/reader/urn:cts:greekLit:tlg1699.tlg003.1st1K-grc1:1,sources/upstream/first1kgreek/data/tlg1699/tlg003/tlg1699.tlg003.1st1K-grc1.xml,90bbbace47085dd787e27508ec5b1f9ff60f551826454725c0bf936d824acbab,https://creativecommons.org/licenses/by-sa/4.0/ Available under a Creative Commons Attribution-ShareAlike 4.0 International License,data/research_batches/detailed_verified_3001_batch_844.csv
1699,004,VERIFIED_ALTERNATE_EDITION,OPEN_TEXT_DIFFERENT_EDITION,urn:cts:greekLit:tlg1699.tlg004.1st1K-grc1,https://scaife.perseus.org/reader/urn:cts:greekLit:tlg1699.tlg004.1st1K-grc1:1,sources/upstream/first1kgreek/data/tlg1699/tlg004/tlg1699.tlg004.1st1K-grc1.xml,54d0a2435ceacf1abd9008fe4b5ee8b71e4a024ab081dcdd896d8657f0e033fb,https://creativecommons.org/licenses/by-sa/4.0/ Available under a Creative Commons Attribution-ShareAlike 4.0 International License,data/research_batches/detailed_verified_3001_batch_844.csv
1699,005,VERIFIED_ALTERNATE_EDITION,OPEN_TEXT_DIFFERENT_EDITION,urn:cts:greekLit:tlg1699.tlg005.1st1K-grc1,https://scaife.perseus.org/reader/urn:cts:greekLit:tlg1699.tlg005.1st1K-grc1:1,sources/upstream/first1kgreek/data/tlg1699/tlg005/tlg1699.tlg005.1st1K-grc1.xml,f0dd1771abca073407d55dd75ebf377d22cf3eb9a2264b517b349ee339663e15,https://creativecommons.org/licenses/by-sa/4.0/ Available under a Creative Commons Attribution-ShareAlike 4.0 International License,data/research_batches/detailed_verified_3001_batch_844.csv
1699,006,VERIFIED_ALTERNATE_EDITION,OPEN_TEXT_DIFFERENT_EDITION,urn:cts:greekLit:tlg1699.tlg006.1st1K-grc1,https://scaife.perseus.org/reader/urn:cts:greekLit:tlg1699.tlg006.1st1K-grc1:1,sources/upstream/first1kgreek/data/tlg1699/tlg006/tlg1699.tlg006.1st1K-grc1.xml,1727d0fb955d811c2744ac1ab6cc5a174ec93d80e5f33d6041619736a8edeff5,https://creativecommons.org/licenses/by-sa/4.0/ Available under a Creative Commons Attribution-ShareAlike 4.0 International License,data/research_batches/detailed_verified_3001_batch_844.csv
1699,007,VERIFIED_ALTERNATE_EDITION,OPEN_TEXT_DIFFERENT_EDITION,urn:cts:greekLit:tlg1699.tlg007.1st1K-grc1,https://scaife.perseus.org/reader/urn:cts:greekLit:tlg1699.tlg007.1st1K-grc1:1,sources/upstream/first1kgreek/data/tlg1699/tlg007/tlg1699.tlg007.1st1K-grc1.xml,04cf68c037f0ef946d9398da053b8ecb8baeeb39fa593f1a22b1ae1cb6fe0102,https://creativecommons.org/licenses/by-sa/4.0/ Available under a Creative Commons Attribution-ShareAlike 4.0 International License,data/research_batches/detailed_verified_3001_batch_844.csv
1699,008,VERIFIED_ALTERNATE_EDITION,OPEN_TEXT_DIFFERENT_EDITION,urn:cts:greekLit:tlg1699.tlg008.1st1K-grc1,https://scaife.perseus.org/reader/urn:cts:greekLit:tlg1699.tlg008.1st1K-grc1:1,sources/upstream/first1kgreek/data/tlg1699/tlg008/tlg1699.tlg008.1st1K-grc1.xml,a54beea8a5532111752073b2099c279e56763a3f78e2c5c5d7e763a02f4f7a3c,https://creativecommons.org/licenses/by-sa/4.0/ Available under a Creative Commons Attribution-ShareAlike 4.0 International License,data/research_batches/detailed_verified_3001_batch_845.csv
1701,001,VERIFIED_ALTERNATE_EDITION,OPEN_TEXT_DIFFERENT_EDITION,urn:cts:greekLit:tlg1701.tlg001.1st1K-grc1,https://scaife.perseus.org/reader/urn:cts:greekLit:tlg1701.tlg001.1st1K-grc1:1,sources/upstream/first1kgreek/data/tlg1701/tlg001/tlg1701.tlg001.1st1K-grc1.xml,d3c693ce3fd5a0d9ed02e46581d0857fb5ec5d523f86ecc0a145b351eff70fe4,"https://creativecommons.org/licenses/by-sa/4.0/ Available under a Creative Commons Attribution-ShareAlike 4.0 International
                        License",data/research_batches/detailed_verified_3001_batch_845.csv
1701,002,VERIFIED_ALTERNATE_EDITION,OPEN_TEXT_DIFFERENT_EDITION,urn:cts:greekLit:tlg1701.tlg002.1st1K-grc1,https://scaife.perseus.org/reader/urn:cts:greekLit:tlg1701.tlg002.1st1K-grc1:1,sources/upstream/first1kgreek/data/tlg1701/tlg002/tlg1701.tlg002.1st1K-grc1.xml,7f476d8ba0753368b1775942c91ae53d01a1f1e176e23bbd192fb4ea863321a5,"https://creativecommons.org/licenses/by-sa/4.0/ Available under a Creative Commons Attribution-ShareAlike 4.0 International
                        License",data/research_batches/detailed_verified_3001_batch_845.csv
1705,001,VERIFIED_ALTERNATE_EDITION,OPEN_TEXT_DIFFERENT_EDITION,urn:cts:greekLit:tlg1705.tlg001.1st1K-grc1,https://scaife.perseus.org/reader/urn:cts:greekLit:tlg1705.tlg001.1st1K-grc1:1,sources/upstream/first1kgreek/data/tlg1705/tlg001/tlg1705.tlg001.1st1K-grc1.xml,62a87d08028f999cca494d16e4e21f1b68a9d66f660a3864a4439d7049c4ec16,https://creativecommons.org/licenses/by-sa/4.0/ Available under a Creative Commons Attribution-ShareAlike 4.0 International License,data/research_batches/detailed_verified_3001_batch_847.csv
1719,001,VERIFIED_ALTERNATE_EDITION,OPEN_TEXT_DIFFERENT_EDITION,urn:cts:greekLit:tlg1719.tlg001.1st1K-grc1,https://scaife.perseus.org/reader/urn:cts:greekLit:tlg1719.tlg001.1st1K-grc1:1.0.1,sources/upstream/first1kgreek/data/tlg1719/tlg001/tlg1719.tlg001.1st1K-grc1.xml,794c98c35fdd086b86b00d6ab391e5e094850b806845bf8d2fcd09c80e36c74e,https://creativecommons.org/licenses/by-sa/4.0/ Available under a Creative Commons Attribution-ShareAlike 4.0 International License,data/research_batches/detailed_verified_3001_batch_851.csv
1724,001,VERIFIED_ALTERNATE_EDITION,OPEN_TEXT_DIFFERENT_EDITION,urn:cts:greekLit:tlg1724.tlg001.1st1K-grc1,https://scaife.perseus.org/reader/urn:cts:greekLit:tlg1724.tlg001.1st1K-grc1:1,sources/upstream/first1kgreek/data/tlg1724/tlg001/tlg1724.tlg001.1st1K-grc1.xml,35647e3bc8ff97832ff19ed8425305c1783afb63645570c9f4814abcb9069c9f,https://creativecommons.org/licenses/by-sa/4.0/ Available under a Creative Commons Attribution-ShareAlike 4.0 International License,data/research_batches/detailed_verified_3001_batch_853.csv
1725,001,VERIFIED_ALTERNATE_EDITION,OPEN_TEXT_DIFFERENT_EDITION,urn:cts:greekLit:tlg1725.tlg001.perseus-grc1,https://scaife.perseus.org/reader/urn:cts:greekLit:tlg1725.tlg001.perseus-grc1:1.1,sources/upstream/first1kgreek/data/tlg1725/tlg001/tlg1725.tlg001.perseus-grc1.xml,0b4a6d70231ac71abcd9cd2e7212b512739ef160b7764dd3f77351383607799e,"https://creativecommons.org/licenses/by-sa/4.0/ Available under a
			Creative Commons Attribution-ShareAlike 4.0 International License",data/research_batches/detailed_verified_3001_batch_853.csv
1749,001,VERIFIED_ALTERNATE_EDITION,OPEN_TEXT_DIFFERENT_EDITION,urn:cts:greekLit:tlg1749.tlg001.1st1K-grc1,https://scaife.perseus.org/reader/urn:cts:greekLit:tlg1749.tlg001.1st1K-grc1:1,sources/upstream/first1kgreek/data/tlg1749/tlg001/tlg1749.tlg001.1st1K-grc1.xml,dd9747d364fc9be185c095cc4a8a7c4b3058e305024d171538e8200e3b5b8996,https://creativecommons.org/licenses/by-sa/4.0/ Available under a Creative Commons Attribution-ShareAlike 4.0 International License,data/research_batches/detailed_verified_3001_batch_862.csv
1750,001,VERIFIED_ALTERNATE_EDITION,OPEN_TEXT_DIFFERENT_EDITION,urn:cts:greekLit:tlg1750.tlg001.1st1K-grc1,https://scaife.perseus.org/reader/urn:cts:greekLit:tlg1750.tlg001.1st1K-grc1:1,sources/upstream/first1kgreek/data/tlg1750/tlg001/tlg1750.tlg001.1st1K-grc1.xml,3dee5207c6113c4eada20bff4081266451426db77aeb12f22ec1bf143ad953ce,https://creativecommons.org/licenses/by-sa/4.0/ Available under a Creative Commons Attribution-ShareAlike 4.0 International License,data/research_batches/detailed_verified_3001_batch_862.csv
1750,002,VERIFIED_ALTERNATE_EDITION,OPEN_TEXT_DIFFERENT_EDITION,urn:cts:greekLit:tlg1750.tlg002.1st1K-grc1,https://scaife.perseus.org/reader/urn:cts:greekLit:tlg1750.tlg002.1st1K-grc1:1,sources/upstream/first1kgreek/data/tlg1750/tlg002/tlg1750.tlg002.1st1K-grc1.xml,14f16b56fb89a58f2282a2e053036061d23be411bdca45e73aa6983ae0194794,https://creativecommons.org/licenses/by-sa/4.0/ Available under a Creative Commons Attribution-ShareAlike 4.0 International License,data/research_batches/detailed_verified_3001_batch_862.csv
1750,003,VERIFIED_ALTERNATE_EDITION,OPEN_TEXT_DIFFERENT_EDITION,urn:cts:greekLit:tlg1750.tlg003.1st1K-grc1,https://scaife.perseus.org/reader/urn:cts:greekLit:tlg1750.tlg003.1st1K-grc1:1,sources/upstream/first1kgreek/data/tlg1750/tlg003/tlg1750.tlg003.1st1K-grc1.xml,a1b7237a6872ed90d7167b4162555369d55a27e906822525b24801391c3711f2,https://creativecommons.org/licenses/by-sa/4.0/ Available under a Creative Commons Attribution-ShareAlike 4.0 International License,data/research_batches/detailed_verified_3001_batch_862.csv
1750,004,VERIFIED_ALTERNATE_EDITION,OPEN_TEXT_DIFFERENT_EDITION,urn:cts:greekLit:tlg1750.tlg004.1st1K-grc1,https://scaife.perseus.org/reader/urn:cts:greekLit:tlg1750.tlg004.1st1K-grc1:0,sources/upstream/first1kgreek/data/tlg1750/tlg004/tlg1750.tlg004.1st1K-grc1.xml,396a4fcda3c92c07b318f40a3be82c00c3ea42f01ee045f96d2ddd42e25bfaaf,https://creativecommons.org/licenses/by-sa/4.0/ Available under a Creative Commons Attribution-ShareAlike 4.0 International License,data/research_batches/detailed_verified_3001_batch_863.csv
1763,001,VERIFIED_ALTERNATE_EDITION,OPEN_TEXT_DIFFERENT_EDITION,urn:cts:greekLit:tlg1763.tlg001.1st1K-grc1,https://scaife.perseus.org/reader/urn:cts:greekLit:tlg1763.tlg001.1st1K-grc1:p,sources/upstream/first1kgreek/data/tlg1763/tlg001/tlg1763.tlg001.1st1K-grc1.xml,bc2548d6320a7ab3b6d3cbb5552763fef48f1bb21f28e363b0feaa41020030f9,"https://creativecommons.org/licenses/by-sa/4.0/ Available under a
                        Creative Commons Attribution-ShareAlike 4.0 International License",data/research_batches/detailed_verified_3001_batch_869.csv
1764,001,VERIFIED_ALTERNATE_EDITION,OPEN_TEXT_DIFFERENT_EDITION,urn:cts:greekLit:tlg1764.tlg001.1st1K-grc1,https://scaife.perseus.org/reader/urn:cts:greekLit:tlg1764.tlg001.1st1K-grc1:1.1.1,sources/upstream/first1kgreek/data/tlg1764/tlg001/tlg1764.tlg001.1st1K-grc1.xml,dfe1afd6de99a814cdadadf60af96e72ffe088a1af7a9fc9a0e4c297fe531120,"https://creativecommons.org/licenses/by-sa/4.0/ Available under a Creative Commons Attribution-ShareAlike 4.0 International
                        License",data/research_batches/detailed_verified_3001_batch_869.csv
1765,003,VERIFIED_ALTERNATE_EDITION,OPEN_TEXT_DIFFERENT_EDITION,urn:cts:greekLit:tlg1765.tlg003.1st1K-grc1,https://scaife.perseus.org/reader/urn:cts:greekLit:tlg1765.tlg003.1st1K-grc1:prologue,sources/upstream/first1kgreek/data/tlg1765/tlg003/tlg1765.tlg003.1st1K-grc1.xml,bd58297d8f715da8e3610e46e8c6d490bfc7cc037c34be709f4cda5e4af69c34,"https://creativecommons.org/licenses/by-sa/4.0/ Available under a Creative Commons Attribution-ShareAlike 4.0 International
 License",data/research_batches/detailed_verified_3001_batch_871.csv
1765,004,VERIFIED_ALTERNATE_EDITION,OPEN_TEXT_DIFFERENT_EDITION,urn:cts:greekLit:tlg1765.tlg004.1st1K-grc1,https://scaife.perseus.org/reader/urn:cts:greekLit:tlg1765.tlg004.1st1K-grc1:1,sources/upstream/first1kgreek/data/tlg1765/tlg004/tlg1765.tlg004.1st1K-grc1.xml,102aa6a142331aa8489cd5f2153a9a97155e182679587ed3816dbeca43d15156,"https://creativecommons.org/licenses/by-sa/4.0/ Available under a Creative Commons Attribution-ShareAlike 4.0 International
 License",data/research_batches/detailed_verified_3001_batch_871.csv
1765,005,VERIFIED_ALTERNATE_EDITION,OPEN_TEXT_DIFFERENT_EDITION,urn:cts:greekLit:tlg1765.tlg005.1st1K-grc1,https://scaife.perseus.org/reader/urn:cts:greekLit:tlg1765.tlg005.1st1K-grc1:5,sources/upstream/first1kgreek/data/tlg1765/tlg005/tlg1765.tlg005.1st1K-grc1.xml,9fea7e808e6475a3ad78e0d20913950176f1a5ae681ba0bbeda3a59d837de241,"https://creativecommons.org/licenses/by-sa/4.0/ Available under a Creative Commons Attribution-ShareAlike 4.0 International
      License",data/research_batches/detailed_verified_3001_batch_871.csv
1766,001,VERIFIED_ALTERNATE_EDITION,OPEN_TEXT_DIFFERENT_EDITION,urn:cts:greekLit:tlg1766.tlg001.perseus-grc1,https://scaife.perseus.org/reader/urn:cts:greekLit:tlg1766.tlg001.perseus-grc1:1,sources/upstream/first1kgreek/data/tlg1766/tlg001/tlg1766.tlg001.perseus-grc1.xml,bfe1671160c9155552055a24bd86345d2efb5392cd03e70a947d4a7a9ce00e4a,https://creativecommons.org/licenses/by-sa/4.0/ Available under a Creative Commons Attribution-ShareAlike 4.0 International License,data/research_batches/detailed_verified_3001_batch_872.csv
1801,001,VERIFIED_ALTERNATE_EDITION,OPEN_TEXT_DIFFERENT_EDITION,urn:cts:greekLit:tlg1801.tlg001.1st1K-grc1,https://raw.githubusercontent.com/OpenGreekAndLatin/First1KGreek/bfea9acd07ee1b7cea70cdd927c8f092d5637695/data/tlg1801/tlg001/tlg1801.tlg001.1st1K-grc1.xml,sources/upstream/first1kgreek/data/tlg1801/tlg001/tlg1801.tlg001.1st1K-grc1.xml,a1e0eba9dea81030713652f3b3ce752e5bd3f407898f0a5c92acbabd10b3b8fc,https://creativecommons.org/licenses/by-sa/4.0/ Available under a Creative Commons Attribution-ShareAlike 4.0 International License,data/research_batches/detailed_verified_3001_batch_877.csv
1805,001,VERIFIED_ALTERNATE_EDITION,OPEN_TEXT_DIFFERENT_EDITION,urn:cts:greekLit:tlg1805.tlg001.1st1K-grc1,https://scaife.perseus.org/reader/urn:cts:greekLit:tlg1805.tlg001.1st1K-grc1:1,sources/upstream/first1kgreek/data/tlg1805/tlg001/tlg1805.tlg001.1st1K-grc1.xml,98c4518cfaef212a7ca03d35fedab098535cd4d1baffb1d867da009901ba20ec,https://creativecommons.org/licenses/by-sa/4.0/ Available under a Creative Commons Attribution-ShareAlike 4.0 International License,data/research_batches/detailed_verified_3001_batch_878.csv
1805,002,VERIFIED_ALTERNATE_EDITION,OPEN_TEXT_DIFFERENT_EDITION,urn:cts:greekLit:tlg1805.tlg002.1st1K-grc1,https://scaife.perseus.org/reader/urn:cts:greekLit:tlg1805.tlg002.1st1K-grc1:1.1,sources/upstream/first1kgreek/data/tlg1805/tlg002/tlg1805.tlg002.1st1K-grc1.xml,89eb3aec3816ca2a7a4e697c1fe1bd2148ac36b971b06e76acdc3ddac0eeebba,https://creativecommons.org/licenses/by-sa/4.0/ Available under a Creative Commons Attribution-ShareAlike 4.0 International License,data/research_batches/detailed_verified_3001_batch_878.csv
1805,003,VERIFIED_ALTERNATE_EDITION,OPEN_TEXT_DIFFERENT_EDITION,urn:cts:greekLit:tlg1805.tlg003.1st1K-grc1,https://scaife.perseus.org/reader/urn:cts:greekLit:tlg1805.tlg003.1st1K-grc1:1,sources/upstream/first1kgreek/data/tlg1805/tlg003/tlg1805.tlg003.1st1K-grc1.xml,98911370b69425bf56fba0f61fd764eeb545097820cd5796822d0ccfc24d1e74,https://creativecommons.org/licenses/by-sa/4.0/ Available under a Creative Commons Attribution-ShareAlike 4.0 International License,data/research_batches/detailed_verified_3001_batch_878.csv
1805,004,VERIFIED_ALTERNATE_EDITION,OPEN_TEXT_DIFFERENT_EDITION,urn:cts:greekLit:tlg1805.tlg004.1st1K-grc1,https://scaife.perseus.org/reader/urn:cts:greekLit:tlg1805.tlg004.1st1K-grc1:1,sources/upstream/first1kgreek/data/tlg1805/tlg004/tlg1805.tlg004.1st1K-grc1.xml,dfb4485f6999160266b4fe332cf65d442b8e82f820d4e73cf5681c6ef1182801,https://creativecommons.org/licenses/by-sa/4.0/ Available under a Creative Commons Attribution-ShareAlike 4.0 International License,data/research_batches/detailed_verified_3001_batch_879.csv
1805,005,VERIFIED_ALTERNATE_EDITION,OPEN_TEXT_DIFFERENT_EDITION,urn:cts:greekLit:tlg1805.tlg005.1st1K-grc1,https://scaife.perseus.org/reader/urn:cts:greekLit:tlg1805.tlg005.1st1K-grc1:1,sources/upstream/first1kgreek/data/tlg1805/tlg005/tlg1805.tlg005.1st1K-grc1.xml,681005bdc069b322aeb0eaba303af73e80f808e78f40f265482cefe0fb048693,https://creativecommons.org/licenses/by-sa/4.0/ Available under a Creative Commons Attribution-ShareAlike 4.0 International License,data/research_batches/detailed_verified_3001_batch_879.csv
1805,006,VERIFIED_ALTERNATE_EDITION,OPEN_TEXT_DIFFERENT_EDITION,urn:cts:greekLit:tlg1805.tlg006.1st1K-grc1,https://scaife.perseus.org/reader/urn:cts:greekLit:tlg1805.tlg006.1st1K-grc1:1,sources/upstream/first1kgreek/data/tlg1805/tlg006/tlg1805.tlg006.1st1K-grc1.xml,f4a408e7a2acb029a763a1acf7caa2806c73782929a6edcba0b7b576e0d51120,https://creativecommons.org/licenses/by-sa/4.0/ Available under a Creative Commons Attribution-ShareAlike 4.0 International License,data/research_batches/detailed_verified_3001_batch_879.csv
1805,007,VERIFIED_ALTERNATE_EDITION,OPEN_TEXT_DIFFERENT_EDITION,urn:cts:greekLit:tlg1805.tlg007.1st1K-grc1,https://scaife.perseus.org/reader/urn:cts:greekLit:tlg1805.tlg007.1st1K-grc1:1,sources/upstream/first1kgreek/data/tlg1805/tlg007/tlg1805.tlg007.1st1K-grc1.xml,abcc66c24db43e22e2f9554499082e203dd4aafa3761b58be5305450ae2d3582,https://creativecommons.org/licenses/by-sa/4.0/ Available under a Creative Commons Attribution-ShareAlike 4.0 International License,data/research_batches/detailed_verified_3001_batch_879.csv
1805,008,VERIFIED_ALTERNATE_EDITION,OPEN_TEXT_DIFFERENT_EDITION,urn:cts:greekLit:tlg1805.tlg008.1st1K-grc1,https://scaife.perseus.org/reader/urn:cts:greekLit:tlg1805.tlg008.1st1K-grc1:1,sources/upstream/first1kgreek/data/tlg1805/tlg008/tlg1805.tlg008.1st1K-grc1.xml,f21c1ba5759a81b00a6519cfe5c6e982bc1570a163adda312410294115ce7c38,https://creativecommons.org/licenses/by-sa/4.0/ Available under a Creative Commons Attribution-ShareAlike 4.0 International License,data/research_batches/detailed_verified_3001_batch_879.csv
1805,009,VERIFIED_ALTERNATE_EDITION,OPEN_TEXT_DIFFERENT_EDITION,urn:cts:greekLit:tlg1805.tlg009.1st1K-grc1,https://scaife.perseus.org/reader/urn:cts:greekLit:tlg1805.tlg009.1st1K-grc1:2,sources/upstream/first1kgreek/data/tlg1805/tlg009/tlg1805.tlg009.1st1K-grc1.xml,dfa4e4d25fd6b95633c2b6e8d3561d3e0d6c829d2bf9c081b29752ba60442c79,https://creativecommons.org/licenses/by-sa/4.0/ Available under a Creative Commons Attribution-ShareAlike 4.0 International License,data/research_batches/detailed_verified_3001_batch_880.csv
1805,010,VERIFIED_ALTERNATE_EDITION,OPEN_TEXT_DIFFERENT_EDITION,urn:cts:greekLit:tlg1805.tlg010.1st1K-grc1,https://scaife.perseus.org/reader/urn:cts:greekLit:tlg1805.tlg010.1st1K-grc1:1,sources/upstream/first1kgreek/data/tlg1805/tlg010/tlg1805.tlg010.1st1K-grc1.xml,847b529567281715d70c24df942fd7a67bad5cee30941941c8b6822649c08e5f,https://creativecommons.org/licenses/by-sa/4.0/ Available under a Creative Commons Attribution-ShareAlike 4.0 International License,data/research_batches/detailed_verified_3001_batch_880.csv
2000,001,VERIFIED_ALTERNATE_EDITION,OPEN_TEXT_DIFFERENT_EDITION,urn:cts:greekLit:tlg2000.tlg001.1st1K-grc1,https://scaife.perseus.org/reader/urn:cts:greekLit:tlg2000.tlg001.1st1K-grc1:1.1.1,sources/upstream/first1kgreek/data/tlg2000/tlg001/tlg2000.tlg001.1st1K-grc1.xml,6dcdedabeaa968391fd126260f7552d2beacf817c9a571b78c73bb42fcbd9be9,https://creativecommons.org/licenses/by-sa/4.0/ Available under a Creative Commons Attribution-ShareAlike 4.0 International License,data/research_batches/detailed_verified_3001_batch_904.csv
2001,038,VERIFIED_ALTERNATE_EDITION,OPEN_TEXT_DIFFERENT_EDITION,urn:cts:greekLit:tlg2001.tlg038.1st1K-grc1,https://scaife.perseus.org/reader/urn:cts:greekLit:tlg2001.tlg038.1st1K-grc1:1,sources/upstream/first1kgreek/data/tlg2001/tlg038/tlg2001.tlg038.1st1K-grc1.xml,3baf45b5f6c3e5aa837a551da3379d66f4b679be0d55b6b6447cba34721af4b0,"https://creativecommons.org/licenses/by-sa/4.0/ Available under a Creative Commons Attribution-ShareAlike 4.0 International
 License",data/research_batches/detailed_verified_3001_batch_911.csv
2001,039,VERIFIED_ALTERNATE_EDITION,OPEN_TEXT_DIFFERENT_EDITION,urn:cts:greekLit:tlg2001.tlg039.1st1K-grc1,https://scaife.perseus.org/reader/urn:cts:greekLit:tlg2001.tlg039.1st1K-grc1:1,sources/upstream/first1kgreek/data/tlg2001/tlg039/tlg2001.tlg039.1st1K-grc1.xml,a2a33d5181a91c5912266df218f24f595e05dd94aac8a072f7607e10dd6f4447,"https://creativecommons.org/licenses/by-sa/4.0/ Available under a Creative Commons Attribution-ShareAlike 4.0 International
 License",data/research_batches/detailed_verified_3001_batch_912.csv
2001,040,VERIFIED_ALTERNATE_EDITION,OPEN_TEXT_DIFFERENT_EDITION,urn:cts:greekLit:tlg2001.tlg040.1st1K-grc1,https://scaife.perseus.org/reader/urn:cts:greekLit:tlg2001.tlg040.1st1K-grc1:1,sources/upstream/first1kgreek/data/tlg2001/tlg040/tlg2001.tlg040.1st1K-grc1.xml,e5237488058973358264611bcb6440c7224ce3e5a9b6710ce1a1626e0cc3c7b3,"https://creativecommons.org/licenses/by-sa/4.0/ Available under a Creative Commons Attribution-ShareAlike 4.0 International
 License",data/research_batches/detailed_verified_3001_batch_912.csv
2001,041,VERIFIED_ALTERNATE_EDITION,OPEN_TEXT_DIFFERENT_EDITION,urn:cts:greekLit:tlg2001.tlg041.1st1K-grc1,https://scaife.perseus.org/reader/urn:cts:greekLit:tlg2001.tlg041.1st1K-grc1:1,sources/upstream/first1kgreek/data/tlg2001/tlg041/tlg2001.tlg041.1st1K-grc1.xml,4ecd77e3e73f41c1840c31b92e64ddd5fa285d580cbf04b94fbc205c68a13fcc,"https://creativecommons.org/licenses/by-sa/4.0/ Available under a Creative Commons Attribution-ShareAlike 4.0 International
   License",data/research_batches/detailed_verified_3001_batch_912.csv
2001,042,VERIFIED_ALTERNATE_EDITION,OPEN_TEXT_DIFFERENT_EDITION,urn:cts:greekLit:tlg2001.tlg042.1st1K-grc1,https://scaife.perseus.org/reader/urn:cts:greekLit:tlg2001.tlg042.1st1K-grc1:3,sources/upstream/first1kgreek/data/tlg2001/tlg042/tlg2001.tlg042.1st1K-grc1.xml,d7be7e1fe2b9c8254e8c06c7a8f8e7941a775faeccc1c07aaa98861d3b7ca924,https://creativecommons.org/licenses/by-sa/4.0/ Available under a Creative Commons Attribution-ShareAlike 4.0 International License,data/research_batches/detailed_verified_3001_batch_912.csv
2016,001,VERIFIED_ALTERNATE_EDITION,OPEN_TEXT_DIFFERENT_EDITION,urn:cts:greekLit:tlg2016.tlg001.1st1K-grc1,https://scaife.perseus.org/reader/urn:cts:greekLit:tlg2016.tlg001.1st1K-grc1:0,sources/upstream/first1kgreek/data/tlg2016/tlg001/tlg2016.tlg001.1st1K-grc1.xml,794cbdcd539878a994523c04f66e57d4583f6b1a3b03f241b85f1db98b05e8fd,"https://creativecommons.org/licenses/by-sa/4.0/ Available under a Creative Commons
				Attribution-ShareAlike 4.0 International License",data/research_batches/detailed_verified_3001_batch_919.csv
2032,001,VERIFIED_ALTERNATE_EDITION,OPEN_TEXT_DIFFERENT_EDITION,urn:cts:greekLit:tlg2032.tlg001.1st1K-grc1,https://scaife.perseus.org/reader/urn:cts:greekLit:tlg2032.tlg001.1st1K-grc1:1.1,sources/upstream/first1kgreek/data/tlg2032/tlg001/tlg2032.tlg001.1st1K-grc1.xml,97c19de67ffa6f15ca01bb0f47eae655354d4e1e3bfb7d9fb8837f572d40fe78,"https://creativecommons.org/licenses/by-sa/4.0/ Available under a Creative Commons Attribution-ShareAlike 4.0 International
                        License",data/research_batches/detailed_verified_3001_batch_922.csv
2034,002,VERIFIED_ALTERNATE_EDITION,OPEN_TEXT_DIFFERENT_EDITION,urn:cts:greekLit:tlg2034.tlg002.1st1K-grc1,https://scaife.perseus.org/reader/urn:cts:greekLit:tlg2034.tlg002.1st1K-grc1:1,sources/upstream/first1kgreek/data/tlg2034/tlg002/tlg2034.tlg002.1st1K-grc1.xml,2b8afb24c554d923f0f6a8bb38475ebc5e789880e94fc649fc7e72b7b672adac,"https://creativecommons.org/licenses/by-sa/4.0/ Available under a Creative Commons Attribution-ShareAlike 4.0 International 
 License",data/research_batches/detailed_verified_3001_batch_924.csv
2034,003,VERIFIED_ALTERNATE_EDITION,OPEN_TEXT_DIFFERENT_EDITION,urn:cts:greekLit:tlg2034.tlg003.1st1K-grc1,https://scaife.perseus.org/reader/urn:cts:greekLit:tlg2034.tlg003.1st1K-grc1:1.1,sources/upstream/first1kgreek/data/tlg2034/tlg003/tlg2034.tlg003.1st1K-grc1.xml,5e4939ca7c66ca1ebca7b2c774e8887d49628ca764a64fac5c5744d6bdd05847,"https://creativecommons.org/licenses/by-sa/4.0/ Available under a Creative Commons Attribution-ShareAlike 4.0 International
 License",data/research_batches/detailed_verified_3001_batch_924.csv
2034,005,VERIFIED_ALTERNATE_EDITION,OPEN_TEXT_DIFFERENT_EDITION,urn:cts:greekLit:tlg2034.tlg005.1st1K-grc1,https://scaife.perseus.org/reader/urn:cts:greekLit:tlg2034.tlg005.1st1K-grc1:1,sources/upstream/first1kgreek/data/tlg2034/tlg005/tlg2034.tlg005.1st1K-grc1.xml,a1619abe3c06923ba4410ef88c1d826e8399373f1e87c2af8abcc68b61cfb242,"https://creativecommons.org/licenses/by-sa/4.0/ Available under a Creative Commons Attribution-ShareAlike 4.0 International
 License",data/research_batches/detailed_verified_3001_batch_924.csv
2034,006,VERIFIED_ALTERNATE_EDITION,OPEN_TEXT_DIFFERENT_EDITION,urn:cts:greekLit:tlg2034.tlg006.opp-grc1,https://scaife.perseus.org/reader/urn:cts:greekLit:tlg2034.tlg006.opp-grc1:1,sources/upstream/first1kgreek/data/tlg2034/tlg006/tlg2034.tlg006.opp-grc1.xml,928fa29efee5239dedcd9d205a65e4b87aad342f577c732788f27b046139c0dd,https://creativecommons.org/licenses/by-sa/4.0/ Available under a Creative Commons Attribution-ShareAlike 4.0 International License,data/research_batches/detailed_verified_3001_batch_924.csv
2034,007,VERIFIED_ALTERNATE_EDITION,OPEN_TEXT_DIFFERENT_EDITION,urn:cts:greekLit:tlg2034.tlg007.opp-grc1,https://scaife.perseus.org/reader/urn:cts:greekLit:tlg2034.tlg007.opp-grc1:3,sources/upstream/first1kgreek/data/tlg2034/tlg007/tlg2034.tlg007.opp-grc1.xml,b16524a6d0bbeaf1444e80290d6569ffb91a37d41e0e7ade69d95fb818f3b57c,https://creativecommons.org/licenses/by-sa/4.0/ Available under a Creative Commons Attribution-ShareAlike 4.0 International License,data/research_batches/detailed_verified_3001_batch_925.csv
2034,014,VERIFIED_ALTERNATE_EDITION,OPEN_TEXT_DIFFERENT_EDITION,urn:cts:greekLit:tlg2034.tlg014.1st1K-grc1,https://scaife.perseus.org/reader/urn:cts:greekLit:tlg2034.tlg014.1st1K-grc1:1.1,sources/upstream/first1kgreek/data/tlg2034/tlg014/tlg2034.tlg014.1st1K-grc1.xml,998d0c6d91e5e4fc22bcfda783ae7d847fe4aff347dc3526b3097d8effba49b6,"https://creativecommons.org/licenses/by-sa/4.0/ Available under a Creative Commons Attribution-ShareAlike 4.0 International
                        License",data/research_batches/detailed_verified_3001_batch_926.csv
2034,015,VERIFIED_ALTERNATE_EDITION,OPEN_TEXT_DIFFERENT_EDITION,urn:cts:greekLit:tlg2034.tlg015.1st1K-grc1,https://scaife.perseus.org/reader/urn:cts:greekLit:tlg2034.tlg015.1st1K-grc1:1.1,sources/upstream/first1kgreek/data/tlg2034/tlg015/tlg2034.tlg015.1st1K-grc1.xml,f354281c46697c789431221101fe2e804fc458f76963b84ff5a6ef14f66f5280,"https://creativecommons.org/licenses/by-sa/4.0/ Available under a Creative Commons Attribution-ShareAlike 4.0 International
                        License",data/research_batches/detailed_verified_3001_batch_926.csv
2034,027,VERIFIED_ALTERNATE_EDITION,OPEN_TEXT_DIFFERENT_EDITION,urn:cts:greekLit:tlg2034.tlg027.1st1K-grc1,https://scaife.perseus.org/reader/urn:cts:greekLit:tlg2034.tlg027.1st1K-grc1:praef.1,sources/upstream/first1kgreek/data/tlg2034/tlg027/tlg2034.tlg027.1st1K-grc1.xml,66fbd8d4239e856b0a85b34f16e7ac0a864222cfa83444e15613ef340dfbb6d3,"https://creativecommons.org/licenses/by-sa/4.0/ Available under a Creative Commons Attribution-ShareAlike 4.0 International
 License",data/research_batches/detailed_verified_3001_batch_928.csv
2038,001,VERIFIED_ALTERNATE_EDITION,OPEN_TEXT_DIFFERENT_EDITION,urn:cts:greekLit:tlg2038.tlg001.1st1K-grc1,https://scaife.perseus.org/reader/urn:cts:greekLit:tlg2038.tlg001.1st1K-grc1:1,sources/upstream/first1kgreek/data/tlg2038/tlg001/tlg2038.tlg001.1st1K-grc1.xml,a438ef18808cd8d1e2c425db55c5741682407e25fb0f0ca5df111804dd561883,https://creativecommons.org/licenses/by-sa/4.0/ Available under a Creative Commons Attribution-ShareAlike 4.0 International License,data/research_batches/detailed_verified_3001_batch_930.csv
2042,001,VERIFIED_ALTERNATE_EDITION,OPEN_TEXT_DIFFERENT_EDITION,urn:cts:greekLit:tlg2042.tlg001.perseus-grc1,https://scaife.perseus.org/reader/urn:cts:greekLit:tlg2042.tlg001.perseus-grc1:praef.1,sources/upstream/first1kgreek/data/tlg2042/tlg001/tlg2042.tlg001.perseus-grc1.xml,9ca7246da545316e6ec858f2485350948a4aceace694bb188ea1439c8431481d,https://creativecommons.org/licenses/by-sa/4.0/ Available under a Creative Commons Attribution-ShareAlike 4.0 International License,data/research_batches/detailed_verified_3001_batch_931.csv
2042,005,VERIFIED_ALTERNATE_EDITION,OPEN_TEXT_DIFFERENT_EDITION,urn:cts:greekLit:tlg2042.tlg005.1st1K-grc1,https://scaife.perseus.org/reader/urn:cts:greekLit:tlg2042.tlg005.1st1K-grc1:1.1,sources/upstream/first1kgreek/data/tlg2042/tlg005/tlg2042.tlg005.1st1K-grc1.xml,1b6849ba6cf3e699db20813de17ae594de3be9b737a6edf08404a152325819ac,"https://creativecommons.org/licenses/by-sa/4.0/ Available under a Creative Commons Attribution-ShareAlike 4.0 International
                        License",data/research_batches/detailed_verified_3001_batch_931.csv
2042,006,VERIFIED_ALTERNATE_EDITION,OPEN_TEXT_DIFFERENT_EDITION,urn:cts:greekLit:tlg2042.tlg006.1st1K-grc1,https://scaife.perseus.org/reader/urn:cts:greekLit:tlg2042.tlg006.1st1K-grc1:1,sources/upstream/first1kgreek/data/tlg2042/tlg006/tlg2042.tlg006.1st1K-grc1.xml,8b18b05884fe520e7b6d093429841d2dab1ce30a94fe1d672d399d5ab6238647,"https://creativecommons.org/licenses/by-sa/4.0/ Available under a Creative Commons Attribution-ShareAlike 4.0 International
                        License",data/research_batches/detailed_verified_3001_batch_932.csv
2042,007,VERIFIED_ALTERNATE_EDITION,OPEN_TEXT_DIFFERENT_EDITION,urn:cts:greekLit:tlg2042.tlg007.perseus-grc1,https://scaife.perseus.org/reader/urn:cts:greekLit:tlg2042.tlg007.perseus-grc1:1,sources/upstream/first1kgreek/data/tlg2042/tlg007/tlg2042.tlg007.perseus-grc1.xml,dedb6ae89519545a0ab274061c858a0549760bb3ac97223a5f744130c13fb83b,https://creativecommons.org/licenses/by-sa/4.0/ Available under a Creative Commons Attribution-ShareAlike 4.0 International License,data/research_batches/detailed_verified_3001_batch_932.csv
2042,008,VERIFIED_ALTERNATE_EDITION,OPEN_TEXT_DIFFERENT_EDITION,urn:cts:greekLit:tlg2042.tlg008.perseus-grc1,https://scaife.perseus.org/reader/urn:cts:greekLit:tlg2042.tlg008.perseus-grc1:1.1,sources/upstream/first1kgreek/data/tlg2042/tlg008/tlg2042.tlg008.perseus-grc1.xml,1bc5446843d8880bf20c1ae7f44bf0717f7c9645f6365fccc09c18d93a4bd6fc,https://creativecommons.org/licenses/by-sa/4.0/ Available under a Creative Commons Attribution-ShareAlike 4.0 International License,data/research_batches/detailed_verified_3001_batch_932.csv
2042,009,VERIFIED_ALTERNATE_EDITION,OPEN_TEXT_DIFFERENT_EDITION,urn:cts:greekLit:tlg2042.tlg009.opp-grc1,https://scaife.perseus.org/reader/urn:cts:greekLit:tlg2042.tlg009.opp-grc1:1.1,sources/upstream/first1kgreek/data/tlg2042/tlg009/tlg2042.tlg009.opp-grc1.xml,dc765756d37f0514dcbdcd589758efd6ae522b76168645bff7e6f562f8bacee8,"https://creativecommons.org/licenses/by-sa/4.0/ Available under a Creative Commons Attribution-ShareAlike 4.0 International
                        License",data/research_batches/detailed_verified_3001_batch_932.csv
2042,010,VERIFIED_ALTERNATE_EDITION,OPEN_TEXT_DIFFERENT_EDITION,urn:cts:greekLit:tlg2042.tlg010.opp-grc1,https://scaife.perseus.org/reader/urn:cts:greekLit:tlg2042.tlg010.opp-grc1:1,sources/upstream/first1kgreek/data/tlg2042/tlg010/tlg2042.tlg010.opp-grc1.xml,788f95c88d525fea85d3760d0265e6c0efa53d6c2e5df83c4053501f6fdd2a59,https://creativecommons.org/licenses/by-sa/4.0/ Available under a Creative Commons Attribution-ShareAlike 4.0 International License,data/research_batches/detailed_verified_3001_batch_932.csv
2042,011,VERIFIED_ALTERNATE_EDITION,OPEN_TEXT_DIFFERENT_EDITION,urn:cts:greekLit:tlg2042.tlg011.opp-grc1,https://scaife.perseus.org/reader/urn:cts:greekLit:tlg2042.tlg011.opp-grc1:1,sources/upstream/first1kgreek/data/tlg2042/tlg011/tlg2042.tlg011.opp-grc1.xml,96f2b1722e18b737d48b55369a7293f5655824d561d29a54775772ee56cfe89e,https://creativecommons.org/licenses/by-sa/4.0/ Available under a Creative Commons Attribution-ShareAlike 4.0 International License,data/research_batches/detailed_verified_3001_batch_933.csv
2042,012,VERIFIED_ALTERNATE_EDITION,OPEN_TEXT_DIFFERENT_EDITION,urn:cts:greekLit:tlg2042.tlg012.opp-grc1,https://scaife.perseus.org/reader/urn:cts:greekLit:tlg2042.tlg012.opp-grc1:1,sources/upstream/first1kgreek/data/tlg2042/tlg012/tlg2042.tlg012.opp-grc1.xml,abf79b9cad35ca8b10bfbc94787b46a93a0cd9b1e4cc79cf332f9d5d73b1f98b,"https://creativecommons.org/licenses/by-sa/4.0/ Available under a Creative Commons Attribution-ShareAlike 4.0 International
    License",data/research_batches/detailed_verified_3001_batch_933.csv
2042,013,VERIFIED_ALTERNATE_EDITION,OPEN_TEXT_DIFFERENT_EDITION,urn:cts:greekLit:tlg2042.tlg013.opp-grc1,https://scaife.perseus.org/reader/urn:cts:greekLit:tlg2042.tlg013.opp-grc1:1,sources/upstream/first1kgreek/data/tlg2042/tlg013/tlg2042.tlg013.opp-grc1.xml,4fa5d8a6250ed28ef2dbc0c3bfbda1dda19ce06a1c448cbad0ff9da016fe4ef8,https://creativecommons.org/licenses/by-sa/4.0/ Available under a Creative Commons Attribution-ShareAlike 4.0 International License,data/research_batches/detailed_verified_3001_batch_933.csv
2042,014,VERIFIED_ALTERNATE_EDITION,OPEN_TEXT_DIFFERENT_EDITION,urn:cts:greekLit:tlg2042.tlg014.opp-grc1,https://scaife.perseus.org/reader/urn:cts:greekLit:tlg2042.tlg014.opp-grc1:1,sources/upstream/first1kgreek/data/tlg2042/tlg014/tlg2042.tlg014.opp-grc1.xml,8acdfb48055d9daee6826e5d8203a2ba7c6de28005b9ac8a815fde7ddf931883,"https://creativecommons.org/licenses/by-sa/4.0/ Available under a Creative Commons Attribution-ShareAlike 4.0 International
                        License",data/research_batches/detailed_verified_3001_batch_933.csv
2042,015,VERIFIED_ALTERNATE_EDITION,OPEN_TEXT_DIFFERENT_EDITION,urn:cts:greekLit:tlg2042.tlg015.opp-grc1,https://scaife.perseus.org/reader/urn:cts:greekLit:tlg2042.tlg015.opp-grc1:1,sources/upstream/first1kgreek/data/tlg2042/tlg015/tlg2042.tlg015.opp-grc1.xml,de3815af7131ed7b7c9dc26ae96efe51c04d2d0a02958e901f3aeb3fc572c408,"https://creativecommons.org/licenses/by-sa/4.0/ Available under a Creative Commons Attribution-ShareAlike 4.0 International
                        License",data/research_batches/detailed_verified_3001_batch_933.csv
2042,016,VERIFIED_ALTERNATE_EDITION,OPEN_TEXT_DIFFERENT_EDITION,urn:cts:greekLit:tlg2042.tlg016.opp-grc1,https://scaife.perseus.org/reader/urn:cts:greekLit:tlg2042.tlg016.opp-grc1:praef,sources/upstream/first1kgreek/data/tlg2042/tlg016/tlg2042.tlg016.opp-grc1.xml,3bcdd268819133e48ae6a4e2afb7f674530446bf721f5cd3daf61b9be13a2c70,"https://creativecommons.org/licenses/by-sa/4.0/ Available under a Creative Commons Attribution-ShareAlike 4.0 International
License",data/research_batches/detailed_verified_3001_batch_934.csv
2042,017,VERIFIED_ALTERNATE_EDITION,OPEN_TEXT_DIFFERENT_EDITION,urn:cts:greekLit:tlg2042.tlg017.opp-grc1,https://scaife.perseus.org/reader/urn:cts:greekLit:tlg2042.tlg017.opp-grc1:1,sources/upstream/first1kgreek/data/tlg2042/tlg017/tlg2042.tlg017.opp-grc1.xml,a592c857730e91cd0f1bb1d6c2c83a32889793afa50aba06d3cdf94ea3e812f3,"https://creativecommons.org/licenses/by-sa/4.0/ Available under a Creative Commons Attribution-ShareAlike 4.0 International
                        License",data/research_batches/detailed_verified_3001_batch_934.csv
2042,019,VERIFIED_ALTERNATE_EDITION,OPEN_TEXT_DIFFERENT_EDITION,urn:cts:greekLit:tlg2042.tlg019.1st1K-grc1,https://scaife.perseus.org/reader/urn:cts:greekLit:tlg2042.tlg019.1st1K-grc1:pr.pr.pr,sources/upstream/first1kgreek/data/tlg2042/tlg019/tlg2042.tlg019.1st1K-grc1.xml,449753df2a7363a4b63cd08e9dab0a06efecfc6e5abc800e9dfb4ee6d8773348,https://creativecommons.org/licenses/by-sa/4.0/ Available under a Creative Commons Attribution-ShareAlike 4.0 International License,data/research_batches/detailed_verified_3001_batch_934.csv
2042,021,VERIFIED_ALTERNATE_EDITION,OPEN_TEXT_DIFFERENT_EDITION,urn:cts:greekLit:tlg2042.tlg021.opp-grc1,https://scaife.perseus.org/reader/urn:cts:greekLit:tlg2042.tlg021.opp-grc1:12.1,sources/upstream/first1kgreek/data/tlg2042/tlg021/tlg2042.tlg021.opp-grc1.xml,f327202f853334893f25d1fe7feb21502e35a1423695efd5100453cf37f6e147,"https://creativecommons.org/licenses/by-sa/4.0/ Available under a Creative Commons Attribution-ShareAlike 4.0 International
                        License",data/research_batches/detailed_verified_3001_batch_935.csv
2042,029,VERIFIED_ALTERNATE_EDITION,OPEN_TEXT_DIFFERENT_EDITION,urn:cts:greekLit:tlg2042.tlg029.opp-grc1,https://scaife.perseus.org/reader/urn:cts:greekLit:tlg2042.tlg029.opp-grc1:10.1,sources/upstream/first1kgreek/data/tlg2042/tlg029/tlg2042.tlg029.opp-grc1.xml,a35bf8b8484de02ca3b5dd848174639046eef28651619866f6859b295fc43dea,"https://creativecommons.org/licenses/by-sa/4.0/ Available under a Creative Commons Attribution-ShareAlike 4.0 International
                        License",data/research_batches/detailed_verified_3001_batch_936.csv
2042,030,VERIFIED_ALTERNATE_EDITION,OPEN_TEXT_DIFFERENT_EDITION,urn:cts:greekLit:tlg2042.tlg030.opp-grc1,https://scaife.perseus.org/reader/urn:cts:greekLit:tlg2042.tlg030.opp-grc1:12.1,sources/upstream/first1kgreek/data/tlg2042/tlg030/tlg2042.tlg030.opp-grc1.xml,44464237f70e0e2f98abd5877d62a6168c75db0b18ceef05a9f9fe9d472f3430,"https://creativecommons.org/licenses/by-sa/4.0/ Available under a Creative Commons Attribution-ShareAlike 4.0 International
License",data/research_batches/detailed_verified_3001_batch_936.csv
2042,044,VERIFIED_ALTERNATE_EDITION,OPEN_TEXT_DIFFERENT_EDITION,urn:cts:greekLit:tlg2042.tlg044.1st1K-grc1,https://scaife.perseus.org/reader/urn:cts:greekLit:tlg2042.tlg044.1st1K-grc1:1.2,sources/upstream/first1kgreek/data/tlg2042/tlg044/tlg2042.tlg044.1st1K-grc1.xml,98cd722ba90ffec6fad4d49b1796ccb239715af520f17b20b491689357b959da,https://creativecommons.org/licenses/by-sa/4.0/ Available under a Creative Commons Attribution-ShareAlike 4.0 International License,data/research_batches/detailed_verified_3001_batch_939.csv
2042,045,VERIFIED_ALTERNATE_EDITION,OPEN_TEXT_DIFFERENT_EDITION,urn:cts:greekLit:tlg2042.tlg045.1st1K-grc1,https://scaife.perseus.org/reader/urn:cts:greekLit:tlg2042.tlg045.1st1K-grc1:1.1,sources/upstream/first1kgreek/data/tlg2042/tlg045/tlg2042.tlg045.1st1K-grc1.xml,ef2a182af1d9c4e7db2e160a91a1cb3fb3576aef6a0753648b502c620317ac0f,https://creativecommons.org/licenses/by-sa/4.0/ Available under a Creative Commons Attribution-ShareAlike 4.0 International License,data/research_batches/detailed_verified_3001_batch_939.csv
2042,048,VERIFIED_ALTERNATE_EDITION,OPEN_TEXT_DIFFERENT_EDITION,urn:cts:greekLit:tlg2042.tlg048.1st1K-grc1,https://scaife.perseus.org/reader/urn:cts:greekLit:tlg2042.tlg048.1st1K-grc1:praef.1,sources/upstream/first1kgreek/data/tlg2042/tlg048/tlg2042.tlg048.1st1K-grc1.xml,27716a36711e2f5f5b868b1e4d1903e40e321bbe2ee2fa9058a84418502ce451,"https://creativecommons.org/licenses/by-sa/4.0/ Available under a Creative Commons Attribution-ShareAlike 4.0 International
                        License",data/research_batches/detailed_verified_3001_batch_940.csv
2042,050,VERIFIED_ALTERNATE_EDITION,OPEN_TEXT_DIFFERENT_EDITION,urn:cts:greekLit:tlg2042.tlg050.1st1K-grc1,https://scaife.perseus.org/reader/urn:cts:greekLit:tlg2042.tlg050.1st1K-grc1:1,sources/upstream/first1kgreek/data/tlg2042/tlg050/tlg2042.tlg050.1st1K-grc1.xml,2ba2402ae74da20e3456ac0c7837b47d8fcd7392777184e6c88c8add892a7b93,"https://creativecommons.org/licenses/by-sa/4.0/ Available under a Creative Commons Attribution-ShareAlike 4.0 International
                        License",data/research_batches/detailed_verified_3001_batch_940.csv
2042,051,VERIFIED_ALTERNATE_EDITION,OPEN_TEXT_DIFFERENT_EDITION,urn:cts:greekLit:tlg2042.tlg051.1st1K-grc1,https://scaife.perseus.org/reader/urn:cts:greekLit:tlg2042.tlg051.1st1K-grc1:1,sources/upstream/first1kgreek/data/tlg2042/tlg051/tlg2042.tlg051.1st1K-grc1.xml,bdecaafd44a2367fd70c053af4e761c87e50903ade0bfb91aebcb387869be14d,"https://creativecommons.org/licenses/by-sa/4.0/ Available under a Creative Commons Attribution-ShareAlike 4.0 International
                        License",data/research_batches/detailed_verified_3001_batch_941.csv
2042,052,VERIFIED_ALTERNATE_EDITION,OPEN_TEXT_DIFFERENT_EDITION,urn:cts:greekLit:tlg2042.tlg052.1st1K-grc1,https://scaife.perseus.org/reader/urn:cts:greekLit:tlg2042.tlg052.1st1K-grc1:1,sources/upstream/first1kgreek/data/tlg2042/tlg052/tlg2042.tlg052.1st1K-grc1.xml,82019653981beb5162012a46cbee7f0a9865c7010f180945c38897115339ad54,"https://creativecommons.org/licenses/by-sa/4.0/ Available under a Creative Commons Attribution-ShareAlike 4.0 International
                        License",data/research_batches/detailed_verified_3001_batch_941.csv
2042,053,VERIFIED_ALTERNATE_EDITION,OPEN_TEXT_DIFFERENT_EDITION,urn:cts:greekLit:tlg2042.tlg053.1st1K-grc1,https://scaife.perseus.org/reader/urn:cts:greekLit:tlg2042.tlg053.1st1K-grc1:1,sources/upstream/first1kgreek/data/tlg2042/tlg053/tlg2042.tlg053.1st1K-grc1.xml,13aab7d8cefa2ed7bc3db0c8041f03009318dfffac8c503868f764b377652802,"https://creativecommons.org/licenses/by-sa/4.0/ Available under a Creative Commons Attribution-ShareAlike 4.0 International
                        License",data/research_batches/detailed_verified_3001_batch_941.csv
2042,054,VERIFIED_ALTERNATE_EDITION,OPEN_TEXT_DIFFERENT_EDITION,urn:cts:greekLit:tlg2042.tlg054.1st1K-grc1,https://scaife.perseus.org/reader/urn:cts:greekLit:tlg2042.tlg054.1st1K-grc1:1,sources/upstream/first1kgreek/data/tlg2042/tlg054/tlg2042.tlg054.1st1K-grc1.xml,d723a2251814a6438e73b6e54abc48cfb8831adc80b6c3e4607c8f9e21dafc31,"https://creativecommons.org/licenses/by-sa/4.0/ Available under a Creative Commons Attribution-ShareAlike 4.0 International
                        License",data/research_batches/detailed_verified_3001_batch_941.csv
2042,055,VERIFIED_ALTERNATE_EDITION,OPEN_TEXT_DIFFERENT_EDITION,urn:cts:greekLit:tlg2042.tlg055.1st1K-grc1,https://scaife.perseus.org/reader/urn:cts:greekLit:tlg2042.tlg055.1st1K-grc1:1,sources/upstream/first1kgreek/data/tlg2042/tlg055/tlg2042.tlg055.1st1K-grc1.xml,1b03ecdc556f731f8dcfa3753094189f3bb0138988f603f91f65cdfec85db248,"https://creativecommons.org/licenses/by-sa/4.0/ Available under a Creative Commons Attribution-ShareAlike 4.0 International
                        License",data/research_batches/detailed_verified_3001_batch_941.csv
2042,057,VERIFIED_ALTERNATE_EDITION,OPEN_TEXT_DIFFERENT_EDITION,urn:cts:greekLit:tlg2042.tlg057.1st1K-grc1,https://scaife.perseus.org/reader/urn:cts:greekLit:tlg2042.tlg057.1st1K-grc1:1,sources/upstream/first1kgreek/data/tlg2042/tlg057/tlg2042.tlg057.1st1K-grc1.xml,ea582fe4a21588086af44f5f975a3cbea51f16645caa55dfb5f7b57a88bf4eb7,"https://creativecommons.org/licenses/by-sa/4.0/ Available under a Creative Commons Attribution-ShareAlike 4.0 International
                        License",data/research_batches/detailed_verified_3001_batch_942.csv
2042,058,VERIFIED_ALTERNATE_EDITION,OPEN_TEXT_DIFFERENT_EDITION,urn:cts:greekLit:tlg2042.tlg058.1st1K-grc1,https://scaife.perseus.org/reader/urn:cts:greekLit:tlg2042.tlg058.1st1K-grc1:pr1.1,sources/upstream/first1kgreek/data/tlg2042/tlg058/tlg2042.tlg058.1st1K-grc1.xml,e50871f15e133831601027b5c272e72e909d0a1bc9f07ee81855ef49e2a16a5c,https://creativecommons.org/licenses/by-sa/4.0/ Available under a Creative Commons Attribution-ShareAlike 4.0 International License,data/research_batches/detailed_verified_3001_batch_942.csv
2042,061,VERIFIED_ALTERNATE_EDITION,OPEN_TEXT_DIFFERENT_EDITION,urn:cts:greekLit:tlg2042.tlg061.1st1K-grc1,https://scaife.perseus.org/reader/urn:cts:greekLit:tlg2042.tlg061.1st1K-grc1:30.25,sources/upstream/first1kgreek/data/tlg2042/tlg061/tlg2042.tlg061.1st1K-grc1.xml,bb39c7518aa835f90bb45fa2831a42f0c523b57016dee8e602cad0df981b7d23,https://creativecommons.org/licenses/by-sa/4.0/ Available under a Creative Commons Attribution-ShareAlike 4.0 International License,data/research_batches/detailed_verified_3001_batch_943.csv
2042,066,VERIFIED_ALTERNATE_EDITION,OPEN_TEXT_DIFFERENT_EDITION,urn:cts:greekLit:tlg2042.tlg066.1st1K-grc1,https://scaife.perseus.org/reader/urn:cts:greekLit:tlg2042.tlg066.1st1K-grc1:7.4,sources/upstream/first1kgreek/data/tlg2042/tlg066/tlg2042.tlg066.1st1K-grc1.xml,3b8ecf5c3b820d717fb10bbc80af8334b5edac6d208238acd46c396fab23d315,https://creativecommons.org/licenses/by-sa/4.0/ Available under a Creative Commons Attribution-ShareAlike 4.0 International License,data/research_batches/detailed_verified_3001_batch_944.csv
2042,067,VERIFIED_ALTERNATE_EDITION,OPEN_TEXT_DIFFERENT_EDITION,urn:cts:greekLit:tlg2042.tlg067.1st1K-grc1,https://scaife.perseus.org/reader/urn:cts:greekLit:tlg2042.tlg067.1st1K-grc1:15.25,sources/upstream/first1kgreek/data/tlg2042/tlg067/tlg2042.tlg067.1st1K-grc1.xml,d974fddb4b5f2db47b1ce9f13e930821ae1e8877aa0201dc884000aa091166d9,https://creativecommons.org/licenses/by-sa/4.0/ Available under a Creative Commons Attribution-ShareAlike 4.0 International License,data/research_batches/detailed_verified_3001_batch_944.csv
2042,068,VERIFIED_ALTERNATE_EDITION,OPEN_TEXT_DIFFERENT_EDITION,urn:cts:greekLit:tlg2042.tlg068.1st1K-grc1,https://scaife.perseus.org/reader/urn:cts:greekLit:tlg2042.tlg068.1st1K-grc1:4.27,sources/upstream/first1kgreek/data/tlg2042/tlg068/tlg2042.tlg068.1st1K-grc1.xml,fcb973af8fcacefa0af2a0c28a0f9072d75edde80954f5a3394e4f4b78953a93,https://creativecommons.org/licenses/by-sa/4.0/ Available under a Creative Commons Attribution-ShareAlike 4.0 International License,data/research_batches/detailed_verified_3001_batch_944.csv
2042,069,VERIFIED_ALTERNATE_EDITION,OPEN_TEXT_DIFFERENT_EDITION,urn:cts:greekLit:tlg2042.tlg069.1st1K-grc1,https://scaife.perseus.org/reader/urn:cts:greekLit:tlg2042.tlg069.1st1K-grc1:11.7,sources/upstream/first1kgreek/data/tlg2042/tlg069/tlg2042.tlg069.1st1K-grc1.xml,47f031d389be8043d1b342ec774d80e8cbf621b85908cc5a22838e1b26817904,https://creativecommons.org/licenses/by-sa/4.0/ Available under a Creative Commons Attribution-ShareAlike 4.0 International License,data/research_batches/detailed_verified_3001_batch_944.csv
2042,070,VERIFIED_ALTERNATE_EDITION,OPEN_TEXT_DIFFERENT_EDITION,urn:cts:greekLit:tlg2042.tlg070.1st1K-grc1,https://scaife.perseus.org/reader/urn:cts:greekLit:tlg2042.tlg070.1st1K-grc1:1.7,sources/upstream/first1kgreek/data/tlg2042/tlg070/tlg2042.tlg070.1st1K-grc1.xml,b46b0eece9502994610dcc1ee94aff4126ad5e5d23f4fc2bfe87277a499da6b8,https://creativecommons.org/licenses/by-sa/4.0/ Available under a Creative Commons Attribution-ShareAlike 4.0 International License,data/research_batches/detailed_verified_3001_batch_944.csv
2042,071,VERIFIED_ALTERNATE_EDITION,OPEN_TEXT_DIFFERENT_EDITION,urn:cts:greekLit:tlg2042.tlg071.1st1K-grc1,https://scaife.perseus.org/reader/urn:cts:greekLit:tlg2042.tlg071.1st1K-grc1:3.14,sources/upstream/first1kgreek/data/tlg2042/tlg071/tlg2042.tlg071.1st1K-grc1.xml,2f7e4aafc321aa0261e67e14049116f8999a21c05b194eb27ab6fbbc7157a83c,https://creativecommons.org/licenses/by-sa/4.0/ Available under a Creative Commons Attribution-ShareAlike 4.0 International License,data/research_batches/detailed_verified_3001_batch_945.csv
2042,072,VERIFIED_ALTERNATE_EDITION,OPEN_TEXT_DIFFERENT_EDITION,urn:cts:greekLit:tlg2042.tlg072.1st1K-grc1,https://scaife.perseus.org/reader/urn:cts:greekLit:tlg2042.tlg072.1st1K-grc1:15.19,sources/upstream/first1kgreek/data/tlg2042/tlg072/tlg2042.tlg072.1st1K-grc1.xml,f5ec3ae544b4ce200b5e7f87f6b0490299532eb4f3bebcac3078ade7a188afeb,https://creativecommons.org/licenses/by-sa/4.0/ Available under a Creative Commons Attribution-ShareAlike 4.0 International License,data/research_batches/detailed_verified_3001_batch_945.csv
2042,073,VERIFIED_ALTERNATE_EDITION,OPEN_TEXT_DIFFERENT_EDITION,urn:cts:greekLit:tlg2042.tlg073.1st1K-grc1,https://scaife.perseus.org/reader/urn:cts:greekLit:tlg2042.tlg073.1st1K-grc1:1.10,sources/upstream/first1kgreek/data/tlg2042/tlg073/tlg2042.tlg073.1st1K-grc1.xml,0d80128f827d8c9e2889bd0e40ea3e7a765a90c09931031efd22088c7788ec04,https://creativecommons.org/licenses/by-sa/4.0/ Available under a Creative Commons Attribution-ShareAlike 4.0 International License,data/research_batches/detailed_verified_3001_batch_945.csv
2042,074,VERIFIED_ALTERNATE_EDITION,OPEN_TEXT_DIFFERENT_EDITION,urn:cts:greekLit:tlg2042.tlg074.1st1K-grc1,https://scaife.perseus.org/reader/urn:cts:greekLit:tlg2042.tlg074.1st1K-grc1:9.8,sources/upstream/first1kgreek/data/tlg2042/tlg074/tlg2042.tlg074.1st1K-grc1.xml,d7a9d4baa732ffb2fc44cba60bef8848d6a57d8ed993beebd38945dc7d41716c,https://creativecommons.org/licenses/by-sa/4.0/ Available under a Creative Commons Attribution-ShareAlike 4.0 International License,data/research_batches/detailed_verified_3001_batch_945.csv
2042,075,VERIFIED_ALTERNATE_EDITION,OPEN_TEXT_DIFFERENT_EDITION,urn:cts:greekLit:tlg2042.tlg075.1st1K-grc1,https://scaife.perseus.org/reader/urn:cts:greekLit:tlg2042.tlg075.1st1K-grc1:1.1,sources/upstream/first1kgreek/data/tlg2042/tlg075/tlg2042.tlg075.1st1K-grc1.xml,7b065c76fda7d7daf958a8b24783c9fef970e9bf69ff2dcc41bd40448636777f,https://creativecommons.org/licenses/by-sa/4.0/ Available under a Creative Commons Attribution-ShareAlike 4.0 International License,data/research_batches/detailed_verified_3001_batch_945.csv
2042,076,VERIFIED_ALTERNATE_EDITION,OPEN_TEXT_DIFFERENT_EDITION,urn:cts:greekLit:tlg2042.tlg076.1st1K-grc1,https://scaife.perseus.org/reader/urn:cts:greekLit:tlg2042.tlg076.1st1K-grc1:pr.1,sources/upstream/first1kgreek/data/tlg2042/tlg076/tlg2042.tlg076.1st1K-grc1.xml,d6d68c75a4d05f8dc266ee443373a5ce1915c32c9a94cfa159cc37454d1f361d,https://creativecommons.org/licenses/by-sa/4.0/ Available under a Creative Commons Attribution-ShareAlike 4.0 International License,data/research_batches/detailed_verified_3001_batch_946.csv
2042,077,VERIFIED_ALTERNATE_EDITION,OPEN_TEXT_DIFFERENT_EDITION,urn:cts:greekLit:tlg2042.tlg077.1st1K-grc1,https://scaife.perseus.org/reader/urn:cts:greekLit:tlg2042.tlg077.1st1K-grc1:1.18,sources/upstream/first1kgreek/data/tlg2042/tlg077/tlg2042.tlg077.1st1K-grc1.xml,5e61aabe04e9c2b24085791bf7c5198f357cfdd5a2691c972045e849904d4fd6,https://creativecommons.org/licenses/by-sa/4.0/ Available under a Creative Commons Attribution-ShareAlike 4.0 International License,data/research_batches/detailed_verified_3001_batch_946.csv
2042,078,VERIFIED_ALTERNATE_EDITION,OPEN_TEXT_DIFFERENT_EDITION,urn:cts:greekLit:tlg2042.tlg078.1st1K-grc1,https://scaife.perseus.org/reader/urn:cts:greekLit:tlg2042.tlg078.1st1K-grc1:1.1.1,sources/upstream/first1kgreek/data/tlg2042/tlg078/tlg2042.tlg078.1st1K-grc1.xml,0986bf1dd4acbea1e7c8b2547a9e7026bdf3529d84da36a3b644eb2170a9e768,https://creativecommons.org/licenses/by-sa/4.0/ Available under a Creative Commons Attribution-ShareAlike 4.0 International License,data/research_batches/detailed_verified_3001_batch_946.csv
2042,079,VERIFIED_ALTERNATE_EDITION,OPEN_TEXT_DIFFERENT_EDITION,urn:cts:greekLit:tlg2042.tlg079.1st1K-grc1,https://scaife.perseus.org/reader/urn:cts:greekLit:tlg2042.tlg079.1st1K-grc1:19.1.1,sources/upstream/first1kgreek/data/tlg2042/tlg079/tlg2042.tlg079.1st1K-grc1.xml,e34cc511c7c961061496f96947b558f3d9a4a95d816dcbdd63e4264783c54f29,https://creativecommons.org/licenses/by-sa/4.0/ Available under a Creative Commons Attribution-ShareAlike 4.0 International License,data/research_batches/detailed_verified_3001_batch_946.csv
2042,084,VERIFIED_ALTERNATE_EDITION,OPEN_TEXT_DIFFERENT_EDITION,urn:cts:greekLit:tlg2042.tlg084.opp-grc1,https://scaife.perseus.org/reader/urn:cts:greekLit:tlg2042.tlg084.opp-grc1:1.1,sources/upstream/first1kgreek/data/tlg2042/tlg084/tlg2042.tlg084.opp-grc1.xml,e1bc40b1bd087fdb71b1a13911bb276c3f36e22cd9c2e23dc03a9e1e9dccecea,"https://creativecommons.org/licenses/by-sa/4.0/ Available under a Creative Commons Attribution-ShareAlike 4.0 International
                        License",data/research_batches/detailed_verified_3001_batch_947.csv
2042,086,VERIFIED_ALTERNATE_EDITION,OPEN_TEXT_DIFFERENT_EDITION,urn:cts:greekLit:tlg2042.tlg086.1st1K-grc1,https://scaife.perseus.org/reader/urn:cts:greekLit:tlg2042.tlg086.1st1K-grc1:1.2,sources/upstream/first1kgreek/data/tlg2042/tlg086/tlg2042.tlg086.1st1K-grc1.xml,d5b85f2e3cfbc714ed6e882250efccbfd9eaecf6ba3c345a3d630b68f7edce88,https://creativecommons.org/licenses/by-sa/4.0/ Available under a Creative Commons Attribution-ShareAlike 4.0 International License,data/research_batches/detailed_verified_3001_batch_947.csv
2045,001,VERIFIED_ALTERNATE_EDITION,OPEN_TEXT_DIFFERENT_EDITION,urn:cts:greekLit:tlg2045.tlg001.perseus-grc2,https://scaife.perseus.org/reader/urn:cts:greekLit:tlg2045.tlg001.perseus-grc2,sources/upstream/perseus-canonical-greekLit/data/tlg2045/tlg001/tlg2045.tlg001.perseus-grc2.xml,706b08fee2f8a707e42d6ac177b40823b71ca8457b511534ea434ff7f835350d,https://creativecommons.org/licenses/by-sa/4.0/ Available under a Creative Commons Attribution-ShareAlike 4.0 International License,data/research_batches/detailed_verified_3001_batch_948.csv
2046,001,VERIFIED_ALTERNATE_EDITION,OPEN_TEXT_DIFFERENT_EDITION,urn:cts:greekLit:tlg2046.tlg001.perseus-grc2,https://scaife.perseus.org/reader/urn:cts:greekLit:tlg2046.tlg001.perseus-grc2,sources/upstream/perseus-canonical-greekLit/data/tlg2046/tlg001/tlg2046.tlg001.perseus-grc2.xml,ea4efa9c970e0e8fac76b504fd8d4a7f535d24d0891f6c6297439a41f7b56b74,https://creativecommons.org/licenses/by-sa/4.0/ Available under a Creative Commons Attribution-ShareAlike 4.0 International License,data/research_batches/detailed_verified_3001_batch_948.csv
2048,001,VERIFIED_ALTERNATE_EDITION,OPEN_TEXT_DIFFERENT_EDITION,urn:cts:greekLit:tlg2048.tlg001.1st1K-grc1,https://scaife.perseus.org/reader/urn:cts:greekLit:tlg2048.tlg001.1st1K-grc1:1.praef.1,sources/upstream/first1kgreek/data/tlg2048/tlg001/tlg2048.tlg001.1st1K-grc1.xml,9444a9002aa1cc77c15e47bdc82520adf4d9fb9fea0b0bf7c0acdef9d46ccd0c,https://creativecommons.org/licenses/by-sa/4.0/ Available under a Creative Commons Attribution-ShareAlike 4.0 International License,data/research_batches/detailed_verified_3001_batch_949.csv
2049,001,VERIFIED_ALTERNATE_EDITION,OPEN_TEXT_DIFFERENT_EDITION,urn:cts:greekLit:tlg2049.tlg001.1st1K-grc1,https://scaife.perseus.org/reader/urn:cts:greekLit:tlg2049.tlg001.1st1K-grc1:1,sources/upstream/first1kgreek/data/tlg2049/tlg001/tlg2049.tlg001.1st1K-grc1.xml,57af6f9b173d328cf07ca21f4c8b0eaaba85f6d0634f3c0c47e92d74f96c7e20,"https://creativecommons.org/licenses/by-sa/4.0/ Available
        under a Creative Commons Attribution-ShareAlike 4.0 International
        License",data/research_batches/detailed_verified_3001_batch_949.csv
2057,002,VERIFIED_ALTERNATE_EDITION,OPEN_TEXT_DIFFERENT_EDITION,urn:cts:greekLit:tlg2057.tlg002.1st1K-grc1,https://scaife.perseus.org/reader/urn:cts:greekLit:tlg2057.tlg002.1st1K-grc1:1.1,sources/upstream/first1kgreek/data/tlg2057/tlg002/tlg2057.tlg002.1st1K-grc1.xml,54b908164359b920bd7dc89a2c44fe7d4975460353b219efc3cd6b75223bd09c,https://creativecommons.org/licenses/by-sa/4.0/ Available under a Creative Commons Attribution-ShareAlike 4.0 International License,data/research_batches/detailed_verified_3001_batch_950.csv
2058,001,VERIFIED_ALTERNATE_EDITION,OPEN_TEXT_DIFFERENT_EDITION,urn:cts:greekLit:tlg2058.tlg001.1st1K-grc1,https://scaife.perseus.org/reader/urn:cts:greekLit:tlg2058.tlg001.1st1K-grc1:1.1,sources/upstream/first1kgreek/data/tlg2058/tlg001/tlg2058.tlg001.1st1K-grc1.xml,4dd2ba10627736fb4b44708e6d3ec52af60b1033626d586f0d8c277dcffec35c,"https://creativecommons.org/licenses/by-sa/4.0/ Available under a Creative Commons Attribution-ShareAlike 4.0 International
 License",data/research_batches/detailed_verified_3001_batch_950.csv
2115,001,VERIFIED_ALTERNATE_EDITION,OPEN_TEXT_DIFFERENT_EDITION,urn:cts:greekLit:tlg2115.tlg060.opp-grc1,https://scaife.perseus.org/reader/urn:cts:greekLit:tlg2115.tlg060.opp-grc1:1.summary.1,sources/upstream/first1kgreek/data/tlg2115/tlg060/tlg2115.tlg060.opp-grc1.xml,3287cdc7f5b3537edebf1385cc505b1d91e8cdb4d63a97411d8132f14f6dfef9,"https://creativecommons.org/licenses/by-sa/4.0/ Available under a Creative Commons Attribution-ShareAlike 4.0 International
            License",data/research_batches/tlg_0001_1500_b5_cont3_checkpoint_03_0627_042_2115_001.csv
2583,002,VERIFIED_ALTERNATE_EDITION,OPEN_TEXT_DIFFERENT_EDITION,urn:cts:greekLit:tlg2583.tlg001.1st1K-grc1,https://scaife.perseus.org/reader/urn:cts:greekLit:tlg2583.tlg001.1st1K-grc1:2.1.1,sources/upstream/first1kgreek/data/tlg2583/tlg001/tlg2583.tlg001.1st1K-grc1.xml,2ada16526f10454abddc46b7c043d11b7eb03d2e7c31113d9162ab1e9062d471,https://creativecommons.org/licenses/by-sa/4.0/ Available under a Creative Commons Attribution-ShareAlike 4.0 International License,data/research_batches/tlg_0001_1500_b5_cont27_checkpoint_01_3074_004_5515_001.csv
2583,526,VERIFIED_ALTERNATE_EDITION,OPEN_TEXT_DIFFERENT_EDITION,urn:cts:greekLit:tlg2583.tlg001.1st1K-grc1,https://scaife.perseus.org/reader/urn:cts:greekLit:tlg2583.tlg001.1st1K-grc1:2.1.1,sources/upstream/first1kgreek/data/tlg2583/tlg001/tlg2583.tlg001.1st1K-grc1.xml,2ada16526f10454abddc46b7c043d11b7eb03d2e7c31113d9162ab1e9062d471,https://creativecommons.org/licenses/by-sa/4.0/ Available under a Creative Commons Attribution-ShareAlike 4.0 International License,data/research_batches/tlg_0001_1500_b5_cont27_checkpoint_01_3074_004_5515_001.csv
2586,001,VERIFIED_ALTERNATE_EDITION,OPEN_TEXT_DIFFERENT_EDITION,urn:cts:greekLit:tlg2586.tlg001.1st1K-grc1,https://scaife.perseus.org/reader/urn:cts:greekLit:tlg2586.tlg001.1st1K-grc1:1.1,sources/upstream/first1kgreek/data/tlg2586/tlg001/tlg2586.tlg001.1st1K-grc1.xml,dfdfabb26e48fdcc9347a9177b45b3c82fa131d4908e8278cab8498a32f95aff,"https://creativecommons.org/licenses/by-sa/4.0/ Available under a Creative Commons Attribution-ShareAlike 4.0 International
                        License",data/research_batches/tlg_0001_1500_b5_cont240_checkpoint_01_2586_001.csv
2586,002,VERIFIED_ALTERNATE_EDITION,OPEN_TEXT_DIFFERENT_EDITION,urn:cts:greekLit:tlg2586.tlg002.1st1K-grc1,https://scaife.perseus.org/reader/urn:cts:greekLit:tlg2586.tlg002.1st1K-grc1:1.1,sources/upstream/first1kgreek/data/tlg2586/tlg002/tlg2586.tlg002.1st1K-grc1.xml,d4b63ed65741f8b04fb94ae02913b2356ac1405a8b2cccc0317d41b73cd3fb62,"https://creativecommons.org/licenses/by-sa/4.0/ Available under a Creative Commons Attribution-ShareAlike 4.0 International
                        License",data/research_batches/tlg_0001_1500_b5_cont241_checkpoint_01_2586_002.csv
4064,001,VERIFIED_ALTERNATE_EDITION,OPEN_TEXT_DIFFERENT_EDITION,urn:cts:greekLit:tlg7000.tlg001.perseus-grc8,https://scaife.perseus.org/reader/urn:cts:greekLit:tlg7000.tlg001.perseus-grc8,sources/upstream/perseus-canonical-greekLit/data/tlg7000/tlg001/tlg7000.tlg001.perseus-grc8.xml,9b81af23cccc9438b885d687105f679157a52d361916e43c7bc1dcb8e4e432f3,https://creativecommons.org/licenses/by-sa/4.0/ Available under a Creative Commons Attribution-ShareAlike 4.0 International License,data/research_batches/tlg_0001_1500_b5_cont22_checkpoint_01_2318_001_0473_003.csv
4073,001,VERIFIED_ALTERNATE_EDITION,OPEN_TEXT_DIFFERENT_EDITION,urn:cts:greekLit:tlg7000.tlg001.perseus-grc8,https://scaife.perseus.org/reader/urn:cts:greekLit:tlg7000.tlg001.perseus-grc8,sources/upstream/perseus-canonical-greekLit/data/tlg7000/tlg001/tlg7000.tlg001.perseus-grc8.xml,9b81af23cccc9438b885d687105f679157a52d361916e43c7bc1dcb8e4e432f3,https://creativecommons.org/licenses/by-sa/4.0/ Available under a Creative Commons Attribution-ShareAlike 4.0 International License,data/research_batches/tlg_0001_1500_b5_cont31_checkpoint_01_4427_004_4074_001.csv
4074,001,VERIFIED_ALTERNATE_EDITION,OPEN_TEXT_DIFFERENT_EDITION,urn:cts:greekLit:tlg7000.tlg001.perseus-grc8,https://scaife.perseus.org/reader/urn:cts:greekLit:tlg7000.tlg001.perseus-grc8,sources/upstream/perseus-canonical-greekLit/data/tlg7000/tlg001/tlg7000.tlg001.perseus-grc8.xml,9b81af23cccc9438b885d687105f679157a52d361916e43c7bc1dcb8e4e432f3,https://creativecommons.org/licenses/by-sa/4.0/ Available under a Creative Commons Attribution-ShareAlike 4.0 International License,data/research_batches/tlg_0001_1500_b5_cont31_checkpoint_01_4427_004_4074_001.csv
4075,001,VERIFIED_ALTERNATE_EDITION,OPEN_TEXT_DIFFERENT_EDITION,urn:cts:greekLit:tlg7000.tlg001.perseus-grc8,https://scaife.perseus.org/reader/urn:cts:greekLit:tlg7000.tlg001.perseus-grc8,sources/upstream/perseus-canonical-greekLit/data/tlg7000/tlg001/tlg7000.tlg001.perseus-grc8.xml,9b81af23cccc9438b885d687105f679157a52d361916e43c7bc1dcb8e4e432f3,https://creativecommons.org/licenses/by-sa/4.0/ Available under a Creative Commons Attribution-ShareAlike 4.0 International License,data/research_batches/tlg_0001_1500_b5_cont32_checkpoint_01_4075_001_1481_001.csv
5019,001,VERIFIED_ALTERNATE_EDITION,OPEN_TEXT_DIFFERENT_EDITION,urn:cts:greekLit:tlg5019.tlg001.1st1K-grc1,https://scaife.perseus.org/reader/urn:cts:greekLit:tlg5019.tlg001.1st1K-grc1:vita,sources/upstream/first1kgreek/data/tlg5019/tlg001/tlg5019.tlg001.1st1K-grc1.xml,50f4d2dd84e3f968a63e04eaa22c0f57a6b1842ff849128f00bbca3ae1206752,https://creativecommons.org/licenses/by-sa/4.0/ Available under a Creative Commons Attribution-ShareAlike 4.0 International License,data/research_batches/detailed_verified_3001_batch_971.csv
5019,002,VERIFIED_ALTERNATE_EDITION,OPEN_TEXT_DIFFERENT_EDITION,urn:cts:greekLit:tlg5019.tlg002.1st1K-grc1,https://scaife.perseus.org/reader/urn:cts:greekLit:tlg5019.tlg002.1st1K-grc1:vita,sources/upstream/first1kgreek/data/tlg5019/tlg002/tlg5019.tlg002.1st1K-grc1.xml,690a3d54d8421d7e3ab05e4db88c8882244acba51b3811394967e00ec1fcd8bb,https://creativecommons.org/licenses/by-sa/4.0/ Available under a Creative Commons Attribution-ShareAlike 4.0 International License,data/research_batches/detailed_verified_3001_batch_972.csv
5022,002,VERIFIED_ALTERNATE_EDITION,OPEN_TEXT_DIFFERENT_EDITION,urn:cts:greekLit:tlg5022.tlg002.1st1K-grc1,https://scaife.perseus.org/reader/urn:cts:greekLit:tlg5022.tlg002.1st1K-grc1:scholia.1,sources/upstream/first1kgreek/data/tlg5022/tlg002/tlg5022.tlg002.1st1K-grc1.xml,2ef6dbb803574baefa6eb705f13276a4396b8b77c0d42331a355322e2f339b1e,"https://creativecommons.org/licenses/by-sa/4.0/ Available under a Creative Commons Attribution-ShareAlike 4.0 International
 License",data/research_batches/detailed_verified_3001_batch_972.csv
5022,003,VERIFIED_ALTERNATE_EDITION,OPEN_TEXT_DIFFERENT_EDITION,urn:cts:greekLit:tlg5022.tlg003.1st1K-grc1,https://scaife.perseus.org/reader/urn:cts:greekLit:tlg5022.tlg003.1st1K-grc1:1,sources/upstream/first1kgreek/data/tlg5022/tlg003/tlg5022.tlg003.1st1K-grc1.xml,635f024e5493ac49df3487dcaf17a6b84e0d186a3664220b824dc6b5f5cf6956,"https://creativecommons.org/licenses/by-sa/4.0/ Available under a Creative Commons Attribution-ShareAlike 4.0 International
                        License",data/research_batches/detailed_verified_3001_batch_973.csv
5022,004,VERIFIED_ALTERNATE_EDITION,OPEN_TEXT_DIFFERENT_EDITION,urn:cts:greekLit:tlg5022.tlg004.1st1K-grc1,https://scaife.perseus.org/reader/urn:cts:greekLit:tlg5022.tlg004.1st1K-grc1:1,sources/upstream/first1kgreek/data/tlg5022/tlg004/tlg5022.tlg004.1st1K-grc1.xml,87b791751d27ee3a896ebec3e5c80ec239de20fdaf03b0a5228023720b3d9619,"https://creativecommons.org/licenses/by-sa/4.0/ Available under a Creative Commons Attribution-ShareAlike 4.0 International
                        License",data/research_batches/detailed_verified_3001_batch_973.csv
5022,005,VERIFIED_ALTERNATE_EDITION,OPEN_TEXT_DIFFERENT_EDITION,urn:cts:greekLit:tlg5022.tlg005.1st1K-grc1,https://scaife.perseus.org/reader/urn:cts:greekLit:tlg5022.tlg005.1st1K-grc1:1,sources/upstream/first1kgreek/data/tlg5022/tlg005/tlg5022.tlg005.1st1K-grc1.xml,bba20ec08aa5e8fc90b1584136a68269b1babec3e9979590d9085076f111ffdd,"https://creativecommons.org/licenses/by-sa/4.0/ Available under a Creative Commons Attribution-ShareAlike 4.0 International
                        License",data/research_batches/detailed_verified_3001_batch_973.csv
5022,006,VERIFIED_ALTERNATE_EDITION,OPEN_TEXT_DIFFERENT_EDITION,urn:cts:greekLit:tlg5022.tlg006.1st1K-grc1,https://scaife.perseus.org/reader/urn:cts:greekLit:tlg5022.tlg006.1st1K-grc1:pr.1,sources/upstream/first1kgreek/data/tlg5022/tlg006/tlg5022.tlg006.1st1K-grc1.xml,b640bde9f7b34df4d99daca3bfe7bf4b500d54d40098db5611bbbecc73c88ba1,"https://creativecommons.org/licenses/by-sa/4.0/ Available under a Creative Commons Attribution-ShareAlike 4.0 International
                        License",data/research_batches/detailed_verified_3001_batch_973.csv
5022,007,VERIFIED_ALTERNATE_EDITION,OPEN_TEXT_DIFFERENT_EDITION,urn:cts:greekLit:tlg5022.tlg007.1st1K-grc1,https://scaife.perseus.org/reader/urn:cts:greekLit:tlg5022.tlg007.1st1K-grc1:1,sources/upstream/first1kgreek/data/tlg5022/tlg007/tlg5022.tlg007.1st1K-grc1.xml,e5bbdde427d6686db58bfc80632958decf5574ff7a86ce60a8cb92b45d1779dd,"https://creativecommons.org/licenses/by-sa/4.0/ Available under a Creative Commons Attribution-ShareAlike 4.0 International
                        License",data/research_batches/detailed_verified_3001_batch_973.csv
5023,001,VERIFIED_ALTERNATE_EDITION,OPEN_TEXT_DIFFERENT_EDITION,urn:cts:greekLit:tlg5023.tlg001.1st1K-grc1,https://scaife.perseus.org/reader/urn:cts:greekLit:tlg5023.tlg001.1st1K-grc1:vita.1.1,sources/upstream/first1kgreek/data/tlg5023/tlg001/tlg5023.tlg001.1st1K-grc1.xml,cf133518f0ffeb627776ec5f9d846ffc3907ed6f8142789c66c020420a90d4ba,https://creativecommons.org/licenses/by-sa/4.0/ Available under a Creative Commons Attribution-ShareAlike 4.0 International License,data/research_batches/detailed_verified_3001_batch_974.csv
5023,010,VERIFIED_ALTERNATE_EDITION,OPEN_TEXT_DIFFERENT_EDITION,urn:cts:greekLit:tlg5023.tlg010.1st1K-grc1,https://scaife.perseus.org/reader/urn:cts:greekLit:tlg5023.tlg010.1st1K-grc1:1,sources/upstream/first1kgreek/data/tlg5023/tlg010/tlg5023.tlg010.1st1K-grc1.xml,524827ab723c070fb019188c38d0a1f4b0ada4128a590ff913c0720f429b79a9,"https://creativecommons.org/licenses/by-sa/4.0/ Available under a Creative Commons Attribution-ShareAlike 4.0 International
                        License",data/research_batches/detailed_verified_3001_batch_975.csv
5023,011,VERIFIED_ALTERNATE_EDITION,OPEN_TEXT_DIFFERENT_EDITION,urn:cts:greekLit:tlg5023.tlg011.1st1K-grc1,https://scaife.perseus.org/reader/urn:cts:greekLit:tlg5023.tlg011.1st1K-grc1:1.1,sources/upstream/first1kgreek/data/tlg5023/tlg011/tlg5023.tlg011.1st1K-grc1.xml,2644edf7550b6591a2969386b46338fcadc9562c585b71b4ba107c71be0f2f81,"https://creativecommons.org/licenses/by-sa/4.0/ Available under a Creative Commons Attribution-ShareAlike 4.0 International
                        License",data/research_batches/detailed_verified_3001_batch_975.csv
5023,012,VERIFIED_ALTERNATE_EDITION,OPEN_TEXT_DIFFERENT_EDITION,urn:cts:greekLit:tlg5023.tlg012.1st1K-grc1,https://scaife.perseus.org/reader/urn:cts:greekLit:tlg5023.tlg012.1st1K-grc1:1.1,sources/upstream/first1kgreek/data/tlg5023/tlg012/tlg5023.tlg012.1st1K-grc1.xml,3d84ab775f9db6614910408392edc26d1ec499f450c0c8121fd68abbb52d7a83,"https://creativecommons.org/licenses/by-sa/4.0/ Available under a Creative Commons Attribution-ShareAlike 4.0 International
                        License",data/research_batches/detailed_verified_3001_batch_976.csv
5023,013,VERIFIED_ALTERNATE_EDITION,OPEN_TEXT_DIFFERENT_EDITION,urn:cts:greekLit:tlg5023.tlg013.1st1K-grc1,https://scaife.perseus.org/reader/urn:cts:greekLit:tlg5023.tlg013.1st1K-grc1:1.1,sources/upstream/first1kgreek/data/tlg5023/tlg013/tlg5023.tlg013.1st1K-grc1.xml,823bc89e665264ce6bf721fd3d51282411302bb839b2d2f09ba114647733684a,"https://creativecommons.org/licenses/by-sa/4.0/ Available under a Creative Commons Attribution-ShareAlike 4.0 International
                        License",data/research_batches/detailed_verified_3001_batch_976.csv
5023,014,VERIFIED_ALTERNATE_EDITION,OPEN_TEXT_DIFFERENT_EDITION,urn:cts:greekLit:tlg5023.tlg014.1st1K-grc1,https://scaife.perseus.org/reader/urn:cts:greekLit:tlg5023.tlg014.1st1K-grc1:1.1,sources/upstream/first1kgreek/data/tlg5023/tlg014/tlg5023.tlg014.1st1K-grc1.xml,b82226f80d50f56d8e4ae5c2258293b5bfbb9cbb46bcc197597bfad882d38cd9,"https://creativecommons.org/licenses/by-sa/4.0/ Available under a Creative Commons Attribution-ShareAlike 4.0 International
                        License",data/research_batches/detailed_verified_3001_batch_976.csv
5023,015,VERIFIED_ALTERNATE_EDITION,OPEN_TEXT_DIFFERENT_EDITION,urn:cts:greekLit:tlg5023.tlg015.1st1K-grc1,https://scaife.perseus.org/reader/urn:cts:greekLit:tlg5023.tlg015.1st1K-grc1:arg.1.1,sources/upstream/first1kgreek/data/tlg5023/tlg015/tlg5023.tlg015.1st1K-grc1.xml,b9702901682bcc0e054f86dc9e04eb9288d0083919808812099f08b97bdf2395,https://creativecommons.org/licenses/by-sa/4.0/ Available under a Creative Commons Attribution-ShareAlike 4.0 International License,data/research_batches/detailed_verified_3001_batch_976.csv
5023,016,VERIFIED_ALTERNATE_EDITION,OPEN_TEXT_DIFFERENT_EDITION,urn:cts:greekLit:tlg5023.tlg016.1st1K-grc1,https://scaife.perseus.org/reader/urn:cts:greekLit:tlg5023.tlg016.1st1K-grc1:arg.1.1,sources/upstream/first1kgreek/data/tlg5023/tlg016/tlg5023.tlg016.1st1K-grc1.xml,de994584ed78dd85bff73c4dcd63a0ba6665efb0e61614c58a4eec539d3cbc31,https://creativecommons.org/licenses/by-sa/4.0/ Available under a Creative Commons Attribution-ShareAlike 4.0 International License,data/research_batches/detailed_verified_3001_batch_976.csv
5026,001,VERIFIED_ALTERNATE_EDITION,OPEN_TEXT_DIFFERENT_EDITION,urn:cts:greekLit:tlg5026.tlg001.1st1K-grc1,https://scaife.perseus.org/reader/urn:cts:greekLit:tlg5026.tlg001.1st1K-grc1:1.1.1,sources/upstream/first1kgreek/data/tlg5026/tlg001/tlg5026.tlg001.1st1K-grc1.xml,65cf5390d39e9d6628e9ce23682ead3094755ab8fc4118ecd694656ec704ee4d,"https://creativecommons.org/licenses/by-sa/4.0/ Available under a Creative Commons Attribution-ShareAlike 4.0 International
 License",data/research_batches/detailed_verified_3001_batch_979.csv
5026,007,VERIFIED_ALTERNATE_EDITION,OPEN_TEXT_DIFFERENT_EDITION,urn:cts:greekLit:tlg5026.tlg007.1st1K-grc1,https://scaife.perseus.org/reader/urn:cts:greekLit:tlg5026.tlg007.1st1K-grc1:1.epigraph.pr,sources/upstream/first1kgreek/data/tlg5026/tlg007/tlg5026.tlg007.1st1K-grc1.xml,b730b8a9f984f518a26dbe1287d61112b2ac184519e47874c09f12faf42b69b3,"https://creativecommons.org/licenses/by-sa/4.0/ Available under a Creative Commons Attribution-ShareAlike 4.0 International
 License",data/research_batches/detailed_verified_3001_batch_980.csv
5029,001,VERIFIED_ALTERNATE_EDITION,OPEN_TEXT_DIFFERENT_EDITION,urn:cts:greekLit:tlg5029.tlg001.1st1K-grc1,https://scaife.perseus.org/reader/urn:cts:greekLit:tlg5029.tlg001.1st1K-grc1:epigr.1,sources/upstream/first1kgreek/data/tlg5029/tlg001/tlg5029.tlg001.1st1K-grc1.xml,f050caca5cb65cf490a15f33784ede726cb910b6de641c3a78d8851de05615be,"https://creativecommons.org/licenses/by-sa/4.0/ Available
        under a Creative Commons Attribution-ShareAlike 4.0 International
        License",data/research_batches/detailed_verified_3001_batch_983.csv
5031,001,VERIFIED_ALTERNATE_EDITION,OPEN_TEXT_DIFFERENT_EDITION,urn:cts:greekLit:tlg5031.tlg001.1st1K-grc1,https://scaife.perseus.org/reader/urn:cts:greekLit:tlg5031.tlg001.1st1K-grc1:0,sources/upstream/first1kgreek/data/tlg5031/tlg001/tlg5031.tlg001.1st1K-grc1.xml,a1aa10c0d5193e8d50bcff42d33d15bdf2d0b5894619c45acebb7928cfa35a30,https://creativecommons.org/licenses/by-sa/4.0/ Available under a Creative Commons Attribution-ShareAlike 4.0 International License,data/research_batches/detailed_verified_3001_batch_984.csv
5031,002,VERIFIED_ALTERNATE_EDITION,OPEN_TEXT_DIFFERENT_EDITION,urn:cts:greekLit:tlg5031.tlg002.1st1K-grc1,https://scaife.perseus.org/reader/urn:cts:greekLit:tlg5031.tlg002.1st1K-grc1:0,sources/upstream/first1kgreek/data/tlg5031/tlg002/tlg5031.tlg002.1st1K-grc1.xml,f59d90064b324394d84c3cd7c29adfe6d8660e34430a28a7c099aa48f4ffc599,https://creativecommons.org/licenses/by-sa/4.0/ Available under a Creative Commons Attribution-ShareAlike 4.0 International License,data/research_batches/detailed_verified_3001_batch_985.csv
5037,004,VERIFIED_ALTERNATE_EDITION,OPEN_TEXT_DIFFERENT_EDITION,urn:cts:greekLit:tlg5037.tlg004.1st1K-grc1,https://scaife.perseus.org/reader/urn:cts:greekLit:tlg5037.tlg004.1st1K-grc1:1.1,sources/upstream/first1kgreek/data/tlg5037/tlg004/tlg5037.tlg004.1st1K-grc1.xml,8670e7149acbefddb5a6146dcad473bda2526fef2db09917eee8984ca24f9f79,"https://creativecommons.org/licenses/by-sa/4.0/ Available under a Creative Commons Attribution-ShareAlike 4.0 International
                        License",data/research_batches/detailed_verified_3001_batch_989.csv
