tlg_author_id,tlg_work_id,mapping_type,scan_identifier,hf_repo,source_root,hf_archives,rights,quality_status,evidence_file
0057,011,ARCHIVED_DIRECT_REGISTRY_MAPPING,BIUSante_45674x02,Zual/TLG_libre_scans,scans/volumes/galen-kuhn-v2-1821,webdataset/volumes--galen-kuhn-v2-1821--efbc784c5fac.tar,Licence ouverte / Open Licence Etalab,SAMPLE_VISUALLY_GOOD,data/scan_sources.csv
0057,012,ARCHIVED_DIRECT_REGISTRY_MAPPING,BIUSante_45674x02,Zual/TLG_libre_scans,scans/volumes/galen-kuhn-v2-1821,webdataset/volumes--galen-kuhn-v2-1821--efbc784c5fac.tar,Licence ouverte / Open Licence Etalab,SAMPLE_VISUALLY_GOOD,data/scan_sources.csv
0057,013,ARCHIVED_DIRECT_REGISTRY_MAPPING,BIUSante_45674x02,Zual/TLG_libre_scans,scans/volumes/galen-kuhn-v2-1821,webdataset/volumes--galen-kuhn-v2-1821--efbc784c5fac.tar,Licence ouverte / Open Licence Etalab,SAMPLE_VISUALLY_GOOD,data/scan_sources.csv
0057,014,ARCHIVED_DIRECT_REGISTRY_MAPPING,BIUSante_45674x02,Zual/TLG_libre_scans,scans/volumes/galen-kuhn-v2-1821,webdataset/volumes--galen-kuhn-v2-1821--efbc784c5fac.tar,Licence ouverte / Open Licence Etalab,SAMPLE_VISUALLY_GOOD,data/scan_sources.csv
0057,018,ARCHIVED_DIRECT_REGISTRY_MAPPING,BIUSante_45674x04,Zual/TLG_libre_scans,scans/volumes/galen-kuhn-v4-1822,webdataset/volumes--galen-kuhn-v4-1822--2322e711bc1b.tar,Licence ouverte / Open Licence Etalab,SAMPLE_VISUALLY_GOOD,data/scan_sources.csv
0057,021,ARCHIVED_DIRECT_REGISTRY_MAPPING,BIUSante_45674x04,Zual/TLG_libre_scans,scans/volumes/galen-kuhn-v4-1822,webdataset/volumes--galen-kuhn-v4-1822--2322e711bc1b.tar,Licence ouverte / Open Licence Etalab,SAMPLE_VISUALLY_GOOD,data/scan_sources.csv
0057,022,ARCHIVED_DIRECT_REGISTRY_MAPPING,BIUSante_45674x04,Zual/TLG_libre_scans,scans/volumes/galen-kuhn-v4-1822,webdataset/volumes--galen-kuhn-v4-1822--2322e711bc1b.tar,Licence ouverte / Open Licence Etalab,SAMPLE_VISUALLY_GOOD,data/scan_sources.csv
0057,031,ARCHIVED_DIRECT_REGISTRY_MAPPING,BIUSante_45674x05,Zual/TLG_libre_scans,scans/volumes/galen-kuhn-v5-1823,webdataset/volumes--galen-kuhn-v5-1823--d36e594aef2f.tar,Licence ouverte / Open Licence Etalab,SAMPLE_VISUALLY_GOOD,data/scan_sources.csv
0057,040,ARCHIVED_DIRECT_REGISTRY_MAPPING,BIUSante_45674x06,Zual/TLG_libre_scans,scans/volumes/galen-kuhn-v6-1823,webdataset/volumes--galen-kuhn-v6-1823--f9f813d84fa4.tar,Licence ouverte / Open Licence Etalab,SAMPLE_VISUALLY_GOOD,data/scan_sources.csv
0057,041,ARCHIVED_DIRECT_REGISTRY_MAPPING,BIUSante_45674x06,Zual/TLG_libre_scans,scans/volumes/galen-kuhn-v6-1823,webdataset/volumes--galen-kuhn-v6-1823--f9f813d84fa4.tar,Licence ouverte / Open Licence Etalab,SAMPLE_VISUALLY_GOOD,data/scan_sources.csv
0057,042,ARCHIVED_DIRECT_REGISTRY_MAPPING,BIUSante_45674x07,Zual/TLG_libre_scans,scans/volumes/galen-kuhn-v7-1824,webdataset/volumes--galen-kuhn-v7-1824--d6a863756855.tar,Licence ouverte / Open Licence Etalab,SAMPLE_VISUALLY_GOOD,data/scan_sources.csv
0057,043,ARCHIVED_DIRECT_REGISTRY_MAPPING,BIUSante_45674x07,Zual/TLG_libre_scans,scans/volumes/galen-kuhn-v7-1824,webdataset/volumes--galen-kuhn-v7-1824--d6a863756855.tar,Licence ouverte / Open Licence Etalab,SAMPLE_VISUALLY_GOOD,data/scan_sources.csv
0057,044,ARCHIVED_DIRECT_REGISTRY_MAPPING,BIUSante_45674x07,Zual/TLG_libre_scans,scans/volumes/galen-kuhn-v7-1824,webdataset/volumes--galen-kuhn-v7-1824--d6a863756855.tar,Licence ouverte / Open Licence Etalab,SAMPLE_VISUALLY_GOOD,data/scan_sources.csv
0057,045,ARCHIVED_DIRECT_REGISTRY_MAPPING,BIUSante_45674x07,Zual/TLG_libre_scans,scans/volumes/galen-kuhn-v7-1824,webdataset/volumes--galen-kuhn-v7-1824--d6a863756855.tar,Licence ouverte / Open Licence Etalab,SAMPLE_VISUALLY_GOOD,data/scan_sources.csv
0057,048,ARCHIVED_DIRECT_REGISTRY_MAPPING,BIUSante_45674x07,Zual/TLG_libre_scans,scans/volumes/galen-kuhn-v7-1824,webdataset/volumes--galen-kuhn-v7-1824--d6a863756855.tar,Licence ouverte / Open Licence Etalab,SAMPLE_VISUALLY_GOOD,data/scan_sources.csv
0057,049,ARCHIVED_DIRECT_REGISTRY_MAPPING,BIUSante_45674x07,Zual/TLG_libre_scans,scans/volumes/galen-kuhn-v7-1824,webdataset/volumes--galen-kuhn-v7-1824--d6a863756855.tar,Licence ouverte / Open Licence Etalab,SAMPLE_VISUALLY_GOOD,data/scan_sources.csv
0057,050,ARCHIVED_DIRECT_REGISTRY_MAPPING,BIUSante_45674x07,Zual/TLG_libre_scans,scans/volumes/galen-kuhn-v7-1824,webdataset/volumes--galen-kuhn-v7-1824--d6a863756855.tar,Licence ouverte / Open Licence Etalab,SAMPLE_VISUALLY_GOOD,data/scan_sources.csv
0057,051,ARCHIVED_DIRECT_REGISTRY_MAPPING,BIUSante_45674x07,Zual/TLG_libre_scans,scans/volumes/galen-kuhn-v7-1824,webdataset/volumes--galen-kuhn-v7-1824--d6a863756855.tar,Licence ouverte / Open Licence Etalab,SAMPLE_VISUALLY_GOOD,data/scan_sources.csv
0057,053,ARCHIVED_DIRECT_REGISTRY_MAPPING,BIUSante_45674x07,Zual/TLG_libre_scans,scans/volumes/galen-kuhn-v7-1824,webdataset/volumes--galen-kuhn-v7-1824--d6a863756855.tar,Licence ouverte / Open Licence Etalab,SAMPLE_VISUALLY_GOOD,data/scan_sources.csv
0057,055,ARCHIVED_DIRECT_REGISTRY_MAPPING,BIUSante_45674x07,Zual/TLG_libre_scans,scans/volumes/galen-kuhn-v7-1824,webdataset/volumes--galen-kuhn-v7-1824--d6a863756855.tar,Licence ouverte / Open Licence Etalab,SAMPLE_VISUALLY_GOOD,data/scan_sources.csv
0057,056,ARCHIVED_DIRECT_REGISTRY_MAPPING,BIUSante_45674x07,Zual/TLG_libre_scans,scans/volumes/galen-kuhn-v7-1824,webdataset/volumes--galen-kuhn-v7-1824--d6a863756855.tar,Licence ouverte / Open Licence Etalab,SAMPLE_VISUALLY_GOOD,data/scan_sources.csv
0057,057,ARCHIVED_DIRECT_REGISTRY_MAPPING,BIUSante_45674x08,Zual/TLG_libre_scans,scans/volumes/galen-kuhn-v8-1824,webdataset/volumes--galen-kuhn-v8-1824--4892a12c5db2.tar,Licence ouverte / Open Licence Etalab,SAMPLE_VISUALLY_GOOD,data/scan_sources.csv
0057,058,ARCHIVED_DIRECT_REGISTRY_MAPPING,BIUSante_45674x08,Zual/TLG_libre_scans,scans/volumes/galen-kuhn-v8-1824,webdataset/volumes--galen-kuhn-v8-1824--4892a12c5db2.tar,Licence ouverte / Open Licence Etalab,SAMPLE_VISUALLY_GOOD,data/scan_sources.csv
0057,059,ARCHIVED_DIRECT_REGISTRY_MAPPING,BIUSante_45674x08,Zual/TLG_libre_scans,scans/volumes/galen-kuhn-v8-1824,webdataset/volumes--galen-kuhn-v8-1824--4892a12c5db2.tar,Licence ouverte / Open Licence Etalab,SAMPLE_VISUALLY_GOOD,data/scan_sources.csv
0057,060,ARCHIVED_DIRECT_REGISTRY_MAPPING,BIUSante_45674x08,Zual/TLG_libre_scans,scans/volumes/galen-kuhn-v8-1824,webdataset/volumes--galen-kuhn-v8-1824--4892a12c5db2.tar,Licence ouverte / Open Licence Etalab,SAMPLE_VISUALLY_GOOD,data/scan_sources.csv
0057,061,ARCHIVED_DIRECT_REGISTRY_MAPPING,BIUSante_45674x09,Zual/TLG_libre_scans,scans/volumes/galen-kuhn-v9-1825,webdataset/volumes--galen-kuhn-v9-1825--554c04caa9c0.tar,Licence ouverte / Open Licence Etalab,SAMPLE_VISUALLY_GOOD,data/scan_sources.csv
0057,062,ARCHIVED_DIRECT_REGISTRY_MAPPING,BIUSante_45674x09,Zual/TLG_libre_scans,scans/volumes/galen-kuhn-v9-1825,webdataset/volumes--galen-kuhn-v9-1825--554c04caa9c0.tar,Licence ouverte / Open Licence Etalab,SAMPLE_VISUALLY_GOOD,data/scan_sources.csv
0057,063,ARCHIVED_DIRECT_REGISTRY_MAPPING,BIUSante_45674x09,Zual/TLG_libre_scans,scans/volumes/galen-kuhn-v9-1825,webdataset/volumes--galen-kuhn-v9-1825--554c04caa9c0.tar,Licence ouverte / Open Licence Etalab,SAMPLE_VISUALLY_GOOD,data/scan_sources.csv
0057,065,ARCHIVED_DIRECT_REGISTRY_MAPPING,BIUSante_45674x09,Zual/TLG_libre_scans,scans/volumes/galen-kuhn-v9-1825,webdataset/volumes--galen-kuhn-v9-1825--554c04caa9c0.tar,Licence ouverte / Open Licence Etalab,SAMPLE_VISUALLY_GOOD,data/scan_sources.csv
0057,066,ARCHIVED_DIRECT_REGISTRY_MAPPING,BIUSante_45674x10,Zual/TLG_libre_scans,scans/volumes/galen-kuhn-v10-1825,webdataset/volumes--galen-kuhn-v10-1825--c0c5f8092c32.tar,Licence ouverte / Open Licence Etalab,SAMPLE_VISUALLY_GOOD,data/scan_sources.csv
0057,067,ARCHIVED_DIRECT_REGISTRY_MAPPING,BIUSante_45674x11,Zual/TLG_libre_scans,scans/volumes/galen-kuhn-v11-1826,webdataset/volumes--galen-kuhn-v11-1826--9a9bc585bd1d.tar,Licence ouverte / Open Licence Etalab,SAMPLE_VISUALLY_GOOD,data/scan_sources.csv
0057,068,ARCHIVED_DIRECT_REGISTRY_MAPPING,BIUSante_45674x11,Zual/TLG_libre_scans,scans/volumes/galen-kuhn-v11-1826,webdataset/volumes--galen-kuhn-v11-1826--9a9bc585bd1d.tar,Licence ouverte / Open Licence Etalab,SAMPLE_VISUALLY_GOOD,data/scan_sources.csv
0057,069,ARCHIVED_DIRECT_REGISTRY_MAPPING,BIUSante_45674x11,Zual/TLG_libre_scans,scans/volumes/galen-kuhn-v11-1826,webdataset/volumes--galen-kuhn-v11-1826--9a9bc585bd1d.tar,Licence ouverte / Open Licence Etalab,SAMPLE_VISUALLY_GOOD,data/scan_sources.csv
0057,070,ARCHIVED_DIRECT_REGISTRY_MAPPING,BIUSante_45674x11,Zual/TLG_libre_scans,scans/volumes/galen-kuhn-v11-1826,webdataset/volumes--galen-kuhn-v11-1826--9a9bc585bd1d.tar,Licence ouverte / Open Licence Etalab,SAMPLE_VISUALLY_GOOD,data/scan_sources.csv
0057,071,ARCHIVED_DIRECT_REGISTRY_MAPPING,BIUSante_45674x11,Zual/TLG_libre_scans,scans/volumes/galen-kuhn-v11-1826,webdataset/volumes--galen-kuhn-v11-1826--9a9bc585bd1d.tar,Licence ouverte / Open Licence Etalab,SAMPLE_VISUALLY_GOOD,data/scan_sources.csv
0057,075,ARCHIVED_DIRECT_REGISTRY_MAPPING,BIUSante_45674x11,Zual/TLG_libre_scans,scans/volumes/galen-kuhn-v11-1826,webdataset/volumes--galen-kuhn-v11-1826--9a9bc585bd1d.tar,Licence ouverte / Open Licence Etalab,SAMPLE_VISUALLY_GOOD,data/scan_sources.csv
0057,075,ARCHIVED_DIRECT_REGISTRY_MAPPING,BIUSante_45674x12,Zual/TLG_libre_scans,scans/volumes/galen-kuhn-v12-1826,webdataset/volumes--galen-kuhn-v12-1826--0b88dac1a285.tar,Licence ouverte / Open Licence Etalab,SAMPLE_VISUALLY_GOOD,data/scan_sources.csv
0057,076,ARCHIVED_DIRECT_REGISTRY_MAPPING,BIUSante_45674x12,Zual/TLG_libre_scans,scans/volumes/galen-kuhn-v12-1826,webdataset/volumes--galen-kuhn-v12-1826--0b88dac1a285.tar,Licence ouverte / Open Licence Etalab,SAMPLE_VISUALLY_GOOD,data/scan_sources.csv
0057,076,ARCHIVED_DIRECT_REGISTRY_MAPPING,BIUSante_45674x13,Zual/TLG_libre_scans,scans/volumes/galen-kuhn-v13-1827,webdataset/volumes--galen-kuhn-v13-1827--9401e424016c.tar,Licence ouverte / Open Licence Etalab,SAMPLE_VISUALLY_GOOD,data/scan_sources.csv
0057,077,ARCHIVED_DIRECT_REGISTRY_MAPPING,BIUSante_45674x13,Zual/TLG_libre_scans,scans/volumes/galen-kuhn-v13-1827,webdataset/volumes--galen-kuhn-v13-1827--9401e424016c.tar,Licence ouverte / Open Licence Etalab,SAMPLE_VISUALLY_GOOD,data/scan_sources.csv
0057,078,ARCHIVED_DIRECT_REGISTRY_MAPPING,BIUSante_45674x14,Zual/TLG_libre_scans,scans/volumes/galen-kuhn-v14-1827,webdataset/volumes--galen-kuhn-v14-1827--7081c9909774.tar,Licence ouverte / Open Licence Etalab,SAMPLE_VISUALLY_GOOD,data/scan_sources.csv
0057,079,ARCHIVED_DIRECT_REGISTRY_MAPPING,BIUSante_45674x14,Zual/TLG_libre_scans,scans/volumes/galen-kuhn-v14-1827,webdataset/volumes--galen-kuhn-v14-1827--7081c9909774.tar,Licence ouverte / Open Licence Etalab,SAMPLE_VISUALLY_GOOD,data/scan_sources.csv
0057,083,ARCHIVED_DIRECT_REGISTRY_MAPPING,BIUSante_45674x14,Zual/TLG_libre_scans,scans/volumes/galen-kuhn-v14-1827,webdataset/volumes--galen-kuhn-v14-1827--7081c9909774.tar,Licence ouverte / Open Licence Etalab,SAMPLE_VISUALLY_GOOD,data/scan_sources.csv
0057,084,ARCHIVED_DIRECT_REGISTRY_MAPPING,BIUSante_45674x04,Zual/TLG_libre_scans,scans/volumes/galen-kuhn-v4-1822,webdataset/volumes--galen-kuhn-v4-1822--2322e711bc1b.tar,Licence ouverte / Open Licence Etalab,SAMPLE_VISUALLY_GOOD,data/scan_sources.csv
0057,095,ARCHIVED_DIRECT_REGISTRY_MAPPING,BIUSante_45674x18a,Zual/TLG_libre_scans,scans/volumes/galen-kuhn-v18a-1829,webdataset/volumes--galen-kuhn-v18a-1829--9dc7fcea0342.tar,Licence ouverte / Open Licence Etalab,SAMPLE_VISUALLY_GOOD,data/scan_sources.csv
0057,096,ARCHIVED_DIRECT_REGISTRY_MAPPING,BIUSante_45674x18a,Zual/TLG_libre_scans,scans/volumes/galen-kuhn-v18a-1829,webdataset/volumes--galen-kuhn-v18a-1829--9dc7fcea0342.tar,Licence ouverte / Open Licence Etalab,SAMPLE_VISUALLY_GOOD,data/scan_sources.csv
0057,106,ARCHIVED_DIRECT_REGISTRY_MAPPING,BIUSante_45674x19,Zual/TLG_libre_scans,scans/volumes/galen-kuhn-v19-1830,webdataset/volumes--galen-kuhn-v19-1830--15fc768bfa4f.tar,Licence ouverte / Open Licence Etalab,SAMPLE_VISUALLY_GOOD,data/scan_sources.csv
0057,114,ARCHIVED_DIRECT_REGISTRY_MAPPING,BIUSante_45674x04,Zual/TLG_libre_scans,scans/volumes/galen-kuhn-v4-1822,webdataset/volumes--galen-kuhn-v4-1822--2322e711bc1b.tar,Licence ouverte / Open Licence Etalab,SAMPLE_VISUALLY_GOOD,data/scan_sources.csv
0064,001,ARCHIVED_DIRECT_REGISTRY_MAPPING,Geographi_graeci_minores_IA_geographigraeci03mlgoog.pdf,Zual/TLG_libre_scans,scans/volumes/muller-geographi-graeci-minores-v1-1855,webdataset/volumes--muller-geographi-graeci-minores-v1-1855--04768e34cb7e.tar,Public domain,SAMPLE_VISUALLY_GOOD,data/scan_sources.csv
0065,001,ARCHIVED_DIRECT_REGISTRY_MAPPING,Geographi_graeci_minores_IA_geographigraeci03mlgoog.pdf,Zual/TLG_libre_scans,scans/volumes/muller-geographi-graeci-minores-v1-1855,webdataset/volumes--muller-geographi-graeci-minores-v1-1855--04768e34cb7e.tar,Public domain,SAMPLE_VISUALLY_GOOD,data/scan_sources.csv
0067,001,ARCHIVED_DIRECT_REGISTRY_MAPPING,Geographi_graeci_minores_IA_geographigraeci03mlgoog.pdf,Zual/TLG_libre_scans,scans/volumes/muller-geographi-graeci-minores-v1-1855,webdataset/volumes--muller-geographi-graeci-minores-v1-1855--04768e34cb7e.tar,Public domain,SAMPLE_VISUALLY_GOOD,data/scan_sources.csv
0068,001,ARCHIVED_DIRECT_REGISTRY_MAPPING,Geographi_graeci_minores_IA_geographigraeci03mlgoog.pdf,Zual/TLG_libre_scans,scans/volumes/muller-geographi-graeci-minores-v1-1855,webdataset/volumes--muller-geographi-graeci-minores-v1-1855--04768e34cb7e.tar,Public domain,SAMPLE_VISUALLY_GOOD,data/scan_sources.csv
0071,001,ARCHIVED_DIRECT_REGISTRY_MAPPING,Geographi_graeci_minores_IA_geographigraeci03mlgoog.pdf,Zual/TLG_libre_scans,scans/volumes/muller-geographi-graeci-minores-v1-1855,webdataset/volumes--muller-geographi-graeci-minores-v1-1855--04768e34cb7e.tar,Public domain,SAMPLE_VISUALLY_GOOD,data/scan_sources.csv
0075,001,ARCHIVED_DIRECT_REGISTRY_MAPPING,Geographi_graeci_minores_IA_geographigraeci03mlgoog.pdf,Zual/TLG_libre_scans,scans/volumes/muller-geographi-graeci-minores-v1-1855,webdataset/volumes--muller-geographi-graeci-minores-v1-1855--04768e34cb7e.tar,Public domain,SAMPLE_VISUALLY_GOOD,data/scan_sources.csv
0077,001,ARCHIVED_DIRECT_REGISTRY_MAPPING,Geographi_graeci_minores_IA_geographigraeci03mlgoog.pdf,Zual/TLG_libre_scans,scans/volumes/muller-geographi-graeci-minores-v1-1855,webdataset/volumes--muller-geographi-graeci-minores-v1-1855--04768e34cb7e.tar,Public domain,SAMPLE_VISUALLY_GOOD,data/scan_sources.csv
0079,002,ARCHIVED_DIRECT_REGISTRY_MAPPING,Geographi_graeci_minores_IA_geographigraeci03mlgoog.pdf,Zual/TLG_libre_scans,scans/volumes/muller-geographi-graeci-minores-v1-1855,webdataset/volumes--muller-geographi-graeci-minores-v1-1855--04768e34cb7e.tar,Public domain,SAMPLE_VISUALLY_GOOD,data/scan_sources.csv
0087,045,ARCHIVED_DIRECT_REGISTRY_MAPPING,anecdotagraecaec0003cram,Zual/TLG_libre_scans,scans/tlg0087/tlg045/cramer-1836-pp228-236,webdataset/tlg0087--tlg045--cramer-1836-pp228-236--db8793741518.tar,Creative Commons Public Domain Mark 1.0,SAMPLE_VISUALLY_GOOD,data/scan_sources.csv
0405,001,ARCHIVED_DIRECT_REGISTRY_MAPPING,comicorumatticor02kockuoft,Zual/TLG_libre_scans,scans/volumes/kock-caf2-1884,webdataset/volumes--kock-caf2-1884--a17896f25039.tar,Public-domain-era edition; IA scan licence/status absent; private repository,SAMPLE_VISUALLY_GOOD,data/scan_sources.csv
0405,003,ARCHIVED_DIRECT_REGISTRY_MAPPING,supplementumcomi00demiuoft,Zual/TLG_libre_scans,scans/tlg0405/tlg003/demianczuk-1912,webdataset/tlg0405--tlg003--demianczuk-1912--654492fafdda.tar,NOT_IN_COPYRIGHT; IA rights/license fields absent; private repository,SAMPLE_VISUALLY_GOOD,data/scan_sources.csv
0406,001,ARCHIVED_DIRECT_REGISTRY_MAPPING,comicorumatticor02kockuoft,Zual/TLG_libre_scans,scans/volumes/kock-caf2-1884,webdataset/volumes--kock-caf2-1884--a17896f25039.tar,Public-domain-era edition; IA scan licence/status absent; private repository,SAMPLE_VISUALLY_GOOD,data/scan_sources.csv
0407,001,ARCHIVED_DIRECT_REGISTRY_MAPPING,comicorumatticor03kockuoft,Zual/TLG_libre_scans,scans/volumes/kock-caf3-1888,webdataset/volumes--kock-caf3-1888--eb18be6a710d.tar,Public-domain-era edition; no explicit IA rights field,SAMPLE_VISUALLY_GOOD,data/scan_sources.csv
0407,002,ARCHIVED_DIRECT_REGISTRY_MAPPING,fragmentacomicor04meinuoft,Zual/TLG_libre_scans,scans/volumes/meineke-fcg4-1841,webdataset/volumes--meineke-fcg4-1841--a53d12b7427c.tar,NOT_IN_COPYRIGHT; IA rights/license fields absent; private repository,SAMPLE_VISUALLY_GOOD,data/scan_sources.csv
0530,005,ARCHIVED_DIRECT_REGISTRY_MAPPING,BIUSante_45674x18a,Zual/TLG_libre_scans,scans/volumes/galen-kuhn-v18a-1829,webdataset/volumes--galen-kuhn-v18a-1829--9dc7fcea0342.tar,Licence ouverte / Open Licence Etalab,SAMPLE_VISUALLY_GOOD,data/scan_sources.csv
0530,009,ARCHIVED_DIRECT_REGISTRY_MAPPING,BIUSante_45674x19,Zual/TLG_libre_scans,scans/volumes/galen-kuhn-v19-1830,webdataset/volumes--galen-kuhn-v19-1830--15fc768bfa4f.tar,Licence ouverte / Open Licence Etalab,SAMPLE_VISUALLY_GOOD,data/scan_sources.csv
0530,012,ARCHIVED_DIRECT_REGISTRY_MAPPING,BIUSante_45674x14,Zual/TLG_libre_scans,scans/volumes/galen-kuhn-v14-1827,webdataset/volumes--galen-kuhn-v14-1827--7081c9909774.tar,Licence ouverte / Open Licence Etalab,SAMPLE_VISUALLY_GOOD,data/scan_sources.csv
0530,023,ARCHIVED_DIRECT_REGISTRY_MAPPING,BIUSante_45674x19,Zual/TLG_libre_scans,scans/volumes/galen-kuhn-v19-1830,webdataset/volumes--galen-kuhn-v19-1830--15fc768bfa4f.tar,Licence ouverte / Open Licence Etalab,SAMPLE_VISUALLY_GOOD,data/scan_sources.csv
0530,024,ARCHIVED_DIRECT_REGISTRY_MAPPING,BIUSante_45674x19,Zual/TLG_libre_scans,scans/volumes/galen-kuhn-v19-1830,webdataset/volumes--galen-kuhn-v19-1830--15fc768bfa4f.tar,Licence ouverte / Open Licence Etalab,SAMPLE_VISUALLY_GOOD,data/scan_sources.csv
0530,026,ARCHIVED_DIRECT_REGISTRY_MAPPING,BIUSante_45674x19,Zual/TLG_libre_scans,scans/volumes/galen-kuhn-v19-1830,webdataset/volumes--galen-kuhn-v19-1830--15fc768bfa4f.tar,Licence ouverte / Open Licence Etalab,SAMPLE_VISUALLY_GOOD,data/scan_sources.csv
0530,029,ARCHIVED_DIRECT_REGISTRY_MAPPING,BIUSante_45674x14,Zual/TLG_libre_scans,scans/volumes/galen-kuhn-v14-1827,webdataset/volumes--galen-kuhn-v14-1827--7081c9909774.tar,Licence ouverte / Open Licence Etalab,SAMPLE_VISUALLY_GOOD,data/scan_sources.csv
0530,031,ARCHIVED_DIRECT_REGISTRY_MAPPING,BIUSante_45674x19,Zual/TLG_libre_scans,scans/volumes/galen-kuhn-v19-1830,webdataset/volumes--galen-kuhn-v19-1830--15fc768bfa4f.tar,Licence ouverte / Open Licence Etalab,SAMPLE_VISUALLY_GOOD,data/scan_sources.csv
0530,032,ARCHIVED_DIRECT_REGISTRY_MAPPING,BIUSante_45674x14,Zual/TLG_libre_scans,scans/volumes/galen-kuhn-v14-1827,webdataset/volumes--galen-kuhn-v14-1827--7081c9909774.tar,Licence ouverte / Open Licence Etalab,SAMPLE_VISUALLY_GOOD,data/scan_sources.csv
0530,033,ARCHIVED_DIRECT_REGISTRY_MAPPING,BIUSante_45674x19,Zual/TLG_libre_scans,scans/volumes/galen-kuhn-v19-1830,webdataset/volumes--galen-kuhn-v19-1830--15fc768bfa4f.tar,Licence ouverte / Open Licence Etalab,SAMPLE_VISUALLY_GOOD,data/scan_sources.csv
0530,034,ARCHIVED_DIRECT_REGISTRY_MAPPING,BIUSante_45674x19,Zual/TLG_libre_scans,scans/volumes/galen-kuhn-v19-1830,webdataset/volumes--galen-kuhn-v19-1830--15fc768bfa4f.tar,Licence ouverte / Open Licence Etalab,SAMPLE_VISUALLY_GOOD,data/scan_sources.csv
0530,035,ARCHIVED_DIRECT_REGISTRY_MAPPING,BIUSante_45674x19,Zual/TLG_libre_scans,scans/volumes/galen-kuhn-v19-1830,webdataset/volumes--galen-kuhn-v19-1830--15fc768bfa4f.tar,Licence ouverte / Open Licence Etalab,SAMPLE_VISUALLY_GOOD,data/scan_sources.csv
0530,036,ARCHIVED_DIRECT_REGISTRY_MAPPING,BIUSante_45674x19,Zual/TLG_libre_scans,scans/volumes/galen-kuhn-v19-1830,webdataset/volumes--galen-kuhn-v19-1830--15fc768bfa4f.tar,Licence ouverte / Open Licence Etalab,SAMPLE_VISUALLY_GOOD,data/scan_sources.csv
0530,041,ARCHIVED_DIRECT_REGISTRY_MAPPING,BIUSante_45674x19,Zual/TLG_libre_scans,scans/volumes/galen-kuhn-v19-1830,webdataset/volumes--galen-kuhn-v19-1830--15fc768bfa4f.tar,Licence ouverte / Open Licence Etalab,SAMPLE_VISUALLY_GOOD,data/scan_sources.csv
0530,045,ARCHIVED_DIRECT_REGISTRY_MAPPING,BIUSante_45674x19,Zual/TLG_libre_scans,scans/volumes/galen-kuhn-v19-1830,webdataset/volumes--galen-kuhn-v19-1830--15fc768bfa4f.tar,Licence ouverte / Open Licence Etalab,SAMPLE_VISUALLY_GOOD,data/scan_sources.csv
0541,023,ARCHIVED_DIRECT_REGISTRY_MAPPING,TM61510,Zual/TLG_libre_scans,scans/tlg0541/tlg023/koeln-tm61510,webdataset/tlg0541--tlg023--koeln-tm61510--4b706f11c033.tar,Creative Commons Attribution 4.0,SOURCE_PAGE_VERIFIED,data/scan_sources.csv
0643,001,ARCHIVED_DIRECT_REGISTRY_MAPPING,p1anonymilondine03diel,Zual/TLG_libre_scans,scans/tlg0643/tlg001/diels-1893,webdataset/tlg0643--tlg001--diels-1893--4a456b419eff.tar,Public-domain-era edition; IA scan licence not stated; private repository,SAMPLE_VISUALLY_GOOD,data/scan_sources.csv
0721,003,ARCHIVED_DIRECT_REGISTRY_MAPPING,b33490983_0001,Zual/TLG_libre_scans,scans/volumes/ideler-physici-medici-v1-1841,webdataset/volumes--ideler-physici-medici-v1-1841--31c139c594d8.tar,Creative Commons Public Domain Mark 1.0,SAMPLE_VISUALLY_GOOD,data/scan_sources.csv
0721,004,ARCHIVED_DIRECT_REGISTRY_MAPPING,b33490983_0001,Zual/TLG_libre_scans,scans/volumes/ideler-physici-medici-v1-1841,webdataset/volumes--ideler-physici-medici-v1-1841--31c139c594d8.tar,Creative Commons Public Domain Mark 1.0,SAMPLE_VISUALLY_GOOD,data/scan_sources.csv
0721,005,ARCHIVED_DIRECT_REGISTRY_MAPPING,b33490983_0001,Zual/TLG_libre_scans,scans/volumes/ideler-physici-medici-v1-1841,webdataset/volumes--ideler-physici-medici-v1-1841--31c139c594d8.tar,Creative Commons Public Domain Mark 1.0,SAMPLE_VISUALLY_GOOD,data/scan_sources.csv
0721,006,ARCHIVED_DIRECT_REGISTRY_MAPPING,b33490983_0001,Zual/TLG_libre_scans,scans/volumes/ideler-physici-medici-v1-1841,webdataset/volumes--ideler-physici-medici-v1-1841--31c139c594d8.tar,Creative Commons Public Domain Mark 1.0,SAMPLE_VISUALLY_GOOD,data/scan_sources.csv
0721,007,ARCHIVED_DIRECT_REGISTRY_MAPPING,b33490983_0001,Zual/TLG_libre_scans,scans/volumes/ideler-physici-medici-v1-1841,webdataset/volumes--ideler-physici-medici-v1-1841--31c139c594d8.tar,Creative Commons Public Domain Mark 1.0,SAMPLE_VISUALLY_GOOD,data/scan_sources.csv
0721,008,ARCHIVED_DIRECT_REGISTRY_MAPPING,b33490983_0001,Zual/TLG_libre_scans,scans/volumes/ideler-physici-medici-v1-1841,webdataset/volumes--ideler-physici-medici-v1-1841--31c139c594d8.tar,Creative Commons Public Domain Mark 1.0,SAMPLE_VISUALLY_GOOD,data/scan_sources.csv
0721,009,ARCHIVED_DIRECT_REGISTRY_MAPPING,b33490983_0002,Zual/TLG_libre_scans,scans/volumes/ideler-physici-medici-v2-1842,webdataset/volumes--ideler-physici-medici-v2-1842--6d4321b03fa6.tar,Creative Commons Public Domain Mark 1.0,SAMPLE_VISUALLY_GOOD,data/scan_sources.csv
0721,011,ARCHIVED_DIRECT_REGISTRY_MAPPING,b33490983_0002,Zual/TLG_libre_scans,scans/volumes/ideler-physici-medici-v2-1842,webdataset/volumes--ideler-physici-medici-v2-1842--6d4321b03fa6.tar,Creative Commons Public Domain Mark 1.0,SAMPLE_VISUALLY_GOOD,data/scan_sources.csv
0721,012,ARCHIVED_DIRECT_REGISTRY_MAPPING,b33490983_0002,Zual/TLG_libre_scans,scans/volumes/ideler-physici-medici-v2-1842,webdataset/volumes--ideler-physici-medici-v2-1842--6d4321b03fa6.tar,Creative Commons Public Domain Mark 1.0,SAMPLE_VISUALLY_GOOD,data/scan_sources.csv
0721,013,ARCHIVED_DIRECT_REGISTRY_MAPPING,b33490983_0002,Zual/TLG_libre_scans,scans/volumes/ideler-physici-medici-v2-1842,webdataset/volumes--ideler-physici-medici-v2-1842--6d4321b03fa6.tar,Creative Commons Public Domain Mark 1.0,SAMPLE_VISUALLY_GOOD,data/scan_sources.csv
0721,014,ARCHIVED_DIRECT_REGISTRY_MAPPING,b33490983_0002,Zual/TLG_libre_scans,scans/volumes/ideler-physici-medici-v2-1842,webdataset/volumes--ideler-physici-medici-v2-1842--6d4321b03fa6.tar,Creative Commons Public Domain Mark 1.0,SAMPLE_VISUALLY_GOOD,data/scan_sources.csv
0721,015,ARCHIVED_DIRECT_REGISTRY_MAPPING,b33490983_0002,Zual/TLG_libre_scans,scans/volumes/ideler-physici-medici-v2-1842,webdataset/volumes--ideler-physici-medici-v2-1842--6d4321b03fa6.tar,Creative Commons Public Domain Mark 1.0,SAMPLE_VISUALLY_GOOD,data/scan_sources.csv
0721,016,ARCHIVED_DIRECT_REGISTRY_MAPPING,b33490983_0002,Zual/TLG_libre_scans,scans/volumes/ideler-physici-medici-v2-1842,webdataset/volumes--ideler-physici-medici-v2-1842--6d4321b03fa6.tar,Creative Commons Public Domain Mark 1.0,SAMPLE_VISUALLY_GOOD,data/scan_sources.csv
0721,017,ARCHIVED_DIRECT_REGISTRY_MAPPING,anecdotamedicagr00erme,Zual/TLG_libre_scans,scans/tlg0721/tlg017/ermerins-1840,webdataset/tlg0721--tlg017--ermerins-1840--00b0a67a5763.tar,Public-domain-era edition; no explicit IA rights field,SAMPLE_VISUALLY_GOOD,data/scan_sources.csv
0723,002,ARCHIVED_DIRECT_REGISTRY_MAPPING,BIUSante_32591,Zual/TLG_libre_scans,scans/tlg0723/tlg002/ermerins-1840,webdataset/tlg0723--tlg002--ermerins-1840--332f4d0955fe.tar,Open Licence Etalab,SAMPLE_VISUALLY_GOOD,data/scan_sources.csv
0730,001,ARCHIVED_DIRECT_REGISTRY_MAPPING,anecdotagraecaec0003cram,Zual/TLG_libre_scans,scans/volumes/cramer-anecdota-graeca-v3-1836,webdataset/volumes--cramer-anecdota-graeca-v3-1836--af029ce7327b.tar,Creative Commons Public Domain Mark 1.0,SAMPLE_VISUALLY_GOOD,data/scan_sources.csv
0730,002,ARCHIVED_DIRECT_REGISTRY_MAPPING,anecdotagraecaec0003cram,Zual/TLG_libre_scans,scans/volumes/cramer-anecdota-graeca-v3-1836,webdataset/volumes--cramer-anecdota-graeca-v3-1836--af029ce7327b.tar,Creative Commons Public Domain Mark 1.0,SAMPLE_VISUALLY_GOOD,data/scan_sources.csv
0737,001,ARCHIVED_DIRECT_REGISTRY_MAPPING,BIUSante_33176x02,Zual/TLG_libre_scans,scans/volumes/ideler-biusante-physici-medici-v2-1842,webdataset/volumes--ideler-biusante-physici-medici-v2-1842--2aa3fda8cb58.tar,Licence ouverte / Open Licence Etalab,SAMPLE_VISUALLY_GOOD,data/scan_sources.csv
0744,003,ARCHIVED_DIRECT_REGISTRY_MAPPING,BIUSante_44233x01,Zual/TLG_libre_scans,scans/volumes/puschmann-alexander-1878/vol1,webdataset/volumes--puschmann-alexander-1878--vol1--c1e6fac554f6.tar,Open Licence Etalab,SAMPLE_VISUALLY_GOOD,data/scan_sources.csv
0744,003,ARCHIVED_DIRECT_REGISTRY_MAPPING,BIUSante_44233x02,Zual/TLG_libre_scans,scans/volumes/puschmann-alexander-1878/vol2,webdataset/volumes--puschmann-alexander-1878--vol2--c149e0515019.tar,Open Licence Etalab,SAMPLE_VISUALLY_GOOD,data/scan_sources.csv
1021,001,ARCHIVED_DIRECT_REGISTRY_MAPPING,TM59146,Zual/TLG_libre_scans,scans/tlg1021/tlg001/koeln-tm59146,scans/tlg1021/tlg001/koeln-tm59146,Creative Commons Attribution 4.0,SOURCE_PAGES_VISUALLY_GREEK,data/scan_sources.csv
1118,001,ARCHIVED_DIRECT_REGISTRY_MAPPING,BIUSante_dioscsprengelx02,Zual/TLG_libre_scans,scans/tlg1118/tlg001/sprengel-dioscorides-v2-1830,webdataset/tlg1118--tlg001--sprengel-dioscorides-v2-1830--4ba9e545dc7d.tar,Licence ouverte / Open Licence Etalab,SAMPLE_VISUALLY_GOOD,data/scan_sources.csv
1121,001,ARCHIVED_DIRECT_REGISTRY_MAPPING,epistolographoih00hercuoft,Zual/TLG_libre_scans,scans/volumes/hercher-epistolographi-1873,webdataset/volumes--hercher-epistolographi-1873--a9dd86c05bc9.tar,NOT_IN_COPYRIGHT; IA rights/license fields absent; private repository,SAMPLE_VISUALLY_GOOD,data/scan_sources.csv
1128,001,ARCHIVED_DIRECT_REGISTRY_MAPPING,anonymerkommenta00diel,Zual/TLG_libre_scans,scans/tlg1128/tlg001/diels-schubart-1905,webdataset/tlg1128--tlg001--diels-schubart-1905--2b2187c10e21.tar,Public-domain-era edition; no explicit IA rights field,SAMPLE_VISUALLY_GOOD,data/scan_sources.csv
1144,004,ARCHIVED_DIRECT_REGISTRY_MAPPING,CatalogusCodicumAstrologorumGraec8p3,Zual/TLG_libre_scans,scans/volumes/ccag8-3-boudreaux-1912,webdataset/volumes--ccag8-3-boudreaux-1912--d40e3ab66168.tar,Public Domain Mark 1.0,SAMPLE_VISUALLY_GOOD,data/scan_sources.csv
1312,002,ARCHIVED_DIRECT_REGISTRY_MAPPING,didymichalcente02schmgoog,Zual/TLG_libre_scans,scans/volumes/schmidt-didymus-1854,webdataset/volumes--schmidt-didymus-1854--57d9d77816d6.tar,NOT_IN_COPYRIGHT; IA rights/license fields absent; private repository,SAMPLE_VISUALLY_GOOD,data/scan_sources.csv
1365,001,ARCHIVED_DIRECT_REGISTRY_MAPPING,BIUSante_150173,Zual/TLG_libre_scans,scans/volumes/franz-scriptores-physiognomoniae-1780,webdataset/volumes--franz-scriptores-physiognomoniae-1780--be8676094103.tar,Licence ouverte / Open Licence Etalab,SAMPLE_VISUALLY_GOOD,data/scan_sources.csv
1402,001,ARCHIVED_DIRECT_REGISTRY_MAPPING,hephaestionisenc00hephuoft,Zual/TLG_libre_scans,scans/volumes/hephaestion-consbruch-1906,webdataset/volumes--hephaestion-consbruch-1906--e7b5d4dd11a9.tar,Public-domain-era edition; no explicit IA rights field,SAMPLE_VISUALLY_GOOD,data/scan_sources.csv
1402,002,ARCHIVED_DIRECT_REGISTRY_MAPPING,hephaestionisenc00hephuoft,Zual/TLG_libre_scans,scans/volumes/hephaestion-consbruch-1906,webdataset/volumes--hephaestion-consbruch-1906--e7b5d4dd11a9.tar,Public-domain-era edition; no explicit IA rights field,SAMPLE_VISUALLY_GOOD,data/scan_sources.csv
1402,003,ARCHIVED_DIRECT_REGISTRY_MAPPING,hephaestionisenc00hephuoft,Zual/TLG_libre_scans,scans/volumes/hephaestion-consbruch-1906,webdataset/volumes--hephaestion-consbruch-1906--e7b5d4dd11a9.tar,Public-domain-era edition; no explicit IA rights field,SAMPLE_VISUALLY_GOOD,data/scan_sources.csv
1402,004,ARCHIVED_DIRECT_REGISTRY_MAPPING,hephaestionisenc00hephuoft,Zual/TLG_libre_scans,scans/volumes/hephaestion-consbruch-1906,webdataset/volumes--hephaestion-consbruch-1906--e7b5d4dd11a9.tar,Public-domain-era edition; no explicit IA rights field,SAMPLE_VISUALLY_GOOD,data/scan_sources.csv
1402,005,ARCHIVED_DIRECT_REGISTRY_MAPPING,hephaestionisenc00hephuoft,Zual/TLG_libre_scans,scans/volumes/hephaestion-consbruch-1906,webdataset/volumes--hephaestion-consbruch-1906--e7b5d4dd11a9.tar,Public-domain-era edition; no explicit IA rights field,SAMPLE_VISUALLY_GOOD,data/scan_sources.csv
1405,001,ARCHIVED_DIRECT_REGISTRY_MAPPING,Geographi_graeci_minores_IA_geographigraeci03mlgoog.pdf,Zual/TLG_libre_scans,scans/volumes/muller-geographi-graeci-minores-v1-1855,webdataset/volumes--muller-geographi-graeci-minores-v1-1855--04768e34cb7e.tar,Public domain,SAMPLE_VISUALLY_GOOD,data/scan_sources.csv
1493,001,ARCHIVED_DIRECT_REGISTRY_MAPPING,adw8682.0003.001.umich.edu,Zual/TLG_libre_scans,scans/tlg1493/tlg001/hense-1894-p312,webdataset/tlg1493--tlg001--hense-1894-p312--649b5e5aafd4.tar,Public Domain / PD-1923,SOURCE_PAGE_VERIFIED,data/scan_sources.csv
1495,001,ARCHIVED_DIRECT_REGISTRY_MAPPING,oxyrhynchusppt1300grenuoft,Zual/TLG_libre_scans,scans/tlg1495/tlg001/poxy13-1600,webdataset/tlg1495--tlg001--poxy13-1600--373e182813b3.tar,Creative Commons Public Domain Mark 1.0,SAMPLE_VISUALLY_GOOD,data/scan_sources.csv
1497,001,ARCHIVED_DIRECT_REGISTRY_MAPPING,fgrhist-die-fragmente-der-griechischen-historiker-vols-1-8,Zual/TLG_libre_scans,scans/tlg1497/tlg001/fgrh131-p673,webdataset/fgrh131-pages-673-676.tar,CC Public Domain Mark 1.0,ALL_SELECTED_SEGMENTS_VISUALLY_GREEK,data/scan_sources.csv
1497,002,ARCHIVED_DIRECT_REGISTRY_MAPPING,fgrhist-die-fragmente-der-griechischen-historiker-vols-1-8,Zual/TLG_libre_scans,scans/tlg1497/tlg002/fgrh131-pp673-676,webdataset/fgrh131-pages-673-676.tar,CC Public Domain Mark 1.0,ALL_SELECTED_SEGMENTS_VISUALLY_GREEK,data/scan_sources.csv
1530,004,ARCHIVED_DIRECT_REGISTRY_MAPPING,4737915,Zual/TLG_libre_scans,scans/tlg1530/tlg004/carnuth-1875,webdataset/tlg1530--tlg004--carnuth-1875--f8efac38df2a.tar,NOT_IN_COPYRIGHT; no explicit rights or licenseurl field,SAMPLE_VISUALLY_GOOD,data/scan_sources.csv
1560,001,ARCHIVED_DIRECT_REGISTRY_MAPPING,antilegomenadier00preu,Zual/TLG_libre_scans,scans/tlg1560/tlg001/preuschen-1905,webdataset/tlg1560--tlg001--preuschen-1905--fdb827023986.tar,Public-domain-era edition; IA scan licence/status absent; private repository,SAMPLE_VISUALLY_GOOD,data/scan_sources.csv
1617,002,ARCHIVED_DIRECT_REGISTRY_MAPPING,anecdotagraecae02unkngoog,Zual/TLG_libre_scans,scans/tlg1617/tlg002/cramer-1836-p255,webdataset/tlg1617--tlg002--cramer-1836-p255--8cbce3c703ef.tar,Creative Commons Public Domain Mark 1.0,SAMPLE_VISUALLY_GOOD,data/scan_sources.csv
1809,001,ARCHIVED_DIRECT_REGISTRY_MAPPING,didymichalcente02schmgoog,Zual/TLG_libre_scans,scans/volumes/schmidt-didymus-1854,webdataset/volumes--schmidt-didymus-1854--57d9d77816d6.tar,NOT_IN_COPYRIGHT; IA rights/license fields absent; private repository,SAMPLE_VISUALLY_GOOD,data/scan_sources.csv
2012,002,READY_REPORT_EXACT_MAPPING,Patrologia_Graeca_Vol._115.pdf,Zual/TLG_libre_scans,scans/volumes/pg115-symeon-metaphrastes,webdataset/volumes--pg115-symeon-metaphrastes--abc55701924d.tar,Creative Commons Public Domain Mark 1.0,SAMPLE_VISUALLY_GOOD,data/research_batches/scan_validation_pg115_symeon_metaphrastes.md
2017,053,ARCHIVED_DIRECT_REGISTRY_MAPPING,Patrologia_Graeca_Vol._044.pdf,Zual/TLG_libre_scans,scans/volumes/pg44-gregory-nyssa,webdataset/volumes--pg44-gregory-nyssa--40d4f3862ecb.tar,Creative Commons Public Domain Mark 1.0,SAMPLE_VISUALLY_GOOD,data/scan_sources.csv
2017,054,ARCHIVED_DIRECT_REGISTRY_MAPPING,Patrologia_Graeca_Vol._044.pdf,Zual/TLG_libre_scans,scans/volumes/pg44-gregory-nyssa,webdataset/volumes--pg44-gregory-nyssa--40d4f3862ecb.tar,Creative Commons Public Domain Mark 1.0,SAMPLE_VISUALLY_GOOD,data/scan_sources.csv
2017,055,ARCHIVED_DIRECT_REGISTRY_MAPPING,Patrologia_Graeca_Vol._044.pdf,Zual/TLG_libre_scans,scans/volumes/pg44-gregory-nyssa,webdataset/volumes--pg44-gregory-nyssa--40d4f3862ecb.tar,Creative Commons Public Domain Mark 1.0,SAMPLE_VISUALLY_GOOD,data/scan_sources.csv
2017,056,ARCHIVED_DIRECT_REGISTRY_MAPPING,patrologiaecursu46mignuoft,Zual/TLG_libre_scans,scans/volumes/pg46-gregory-nyssa-1857,webdataset/volumes--pg46-gregory-nyssa-1857--2b3ae17fbaa0.tar,Creative Commons Public Domain Mark 1.0,SAMPLE_VISUALLY_GOOD,data/scan_sources.csv
2017,057,ARCHIVED_DIRECT_REGISTRY_MAPPING,patrologiaecursu46mignuoft,Zual/TLG_libre_scans,scans/volumes/pg46-gregory-nyssa-1857,webdataset/volumes--pg46-gregory-nyssa-1857--2b3ae17fbaa0.tar,Creative Commons Public Domain Mark 1.0,SAMPLE_VISUALLY_GOOD,data/scan_sources.csv
2017,058,ARCHIVED_DIRECT_REGISTRY_MAPPING,patrologiaecursu46mignuoft,Zual/TLG_libre_scans,scans/volumes/pg46-gregory-nyssa-1857,webdataset/volumes--pg46-gregory-nyssa-1857--2b3ae17fbaa0.tar,Creative Commons Public Domain Mark 1.0,SAMPLE_VISUALLY_GOOD,data/scan_sources.csv
2017,059,ARCHIVED_DIRECT_REGISTRY_MAPPING,patrologiaecursu46mignuoft,Zual/TLG_libre_scans,scans/volumes/pg46-gregory-nyssa-1857,webdataset/volumes--pg46-gregory-nyssa-1857--2b3ae17fbaa0.tar,Creative Commons Public Domain Mark 1.0,SAMPLE_VISUALLY_GOOD,data/scan_sources.csv
2017,060,ARCHIVED_DIRECT_REGISTRY_MAPPING,patrologiaecursu46mignuoft,Zual/TLG_libre_scans,scans/volumes/pg46-gregory-nyssa-1857,webdataset/volumes--pg46-gregory-nyssa-1857--2b3ae17fbaa0.tar,Creative Commons Public Domain Mark 1.0,SAMPLE_VISUALLY_GOOD,data/scan_sources.csv
2017,061,ARCHIVED_DIRECT_REGISTRY_MAPPING,patrologiaecursu46mignuoft,Zual/TLG_libre_scans,scans/volumes/pg46-gregory-nyssa-1857,webdataset/volumes--pg46-gregory-nyssa-1857--2b3ae17fbaa0.tar,Creative Commons Public Domain Mark 1.0,SAMPLE_VISUALLY_GOOD,data/scan_sources.csv
2017,062,ARCHIVED_DIRECT_REGISTRY_MAPPING,patrologiaecursu46mignuoft,Zual/TLG_libre_scans,scans/volumes/pg46-gregory-nyssa-1857,webdataset/volumes--pg46-gregory-nyssa-1857--2b3ae17fbaa0.tar,Creative Commons Public Domain Mark 1.0,SAMPLE_VISUALLY_GOOD,data/scan_sources.csv
2017,063,ARCHIVED_DIRECT_REGISTRY_MAPPING,patrologiaecursu46mignuoft,Zual/TLG_libre_scans,scans/volumes/pg46-gregory-nyssa-1857,webdataset/volumes--pg46-gregory-nyssa-1857--2b3ae17fbaa0.tar,Creative Commons Public Domain Mark 1.0,SAMPLE_VISUALLY_GOOD,data/scan_sources.csv
2017,064,ARCHIVED_DIRECT_REGISTRY_MAPPING,patrologiaecursu46mignuoft,Zual/TLG_libre_scans,scans/volumes/pg46-gregory-nyssa-1857,webdataset/volumes--pg46-gregory-nyssa-1857--2b3ae17fbaa0.tar,Creative Commons Public Domain Mark 1.0,SAMPLE_VISUALLY_GOOD,data/scan_sources.csv
2017,065,ARCHIVED_DIRECT_REGISTRY_MAPPING,patrologiaecursu46mignuoft,Zual/TLG_libre_scans,scans/volumes/pg46-gregory-nyssa-1857,webdataset/volumes--pg46-gregory-nyssa-1857--2b3ae17fbaa0.tar,Creative Commons Public Domain Mark 1.0,SAMPLE_VISUALLY_GOOD,data/scan_sources.csv
2017,066,ARCHIVED_DIRECT_REGISTRY_MAPPING,patrologiaecursu46mignuoft,Zual/TLG_libre_scans,scans/volumes/pg46-gregory-nyssa-1857,webdataset/volumes--pg46-gregory-nyssa-1857--2b3ae17fbaa0.tar,Creative Commons Public Domain Mark 1.0,SAMPLE_VISUALLY_GOOD,data/scan_sources.csv
2017,067,ARCHIVED_DIRECT_REGISTRY_MAPPING,patrologiaecursu46mignuoft,Zual/TLG_libre_scans,scans/volumes/pg46-gregory-nyssa-1857,webdataset/volumes--pg46-gregory-nyssa-1857--2b3ae17fbaa0.tar,Creative Commons Public Domain Mark 1.0,SAMPLE_VISUALLY_GOOD,data/scan_sources.csv
2017,068,ARCHIVED_DIRECT_REGISTRY_MAPPING,patrologiaecursu46mignuoft,Zual/TLG_libre_scans,scans/volumes/pg46-gregory-nyssa-1857,webdataset/volumes--pg46-gregory-nyssa-1857--2b3ae17fbaa0.tar,Creative Commons Public Domain Mark 1.0,SAMPLE_VISUALLY_GOOD,data/scan_sources.csv
2017,069,ARCHIVED_DIRECT_REGISTRY_MAPPING,patrologiaecursu46mignuoft,Zual/TLG_libre_scans,scans/volumes/pg46-gregory-nyssa-1857,webdataset/volumes--pg46-gregory-nyssa-1857--2b3ae17fbaa0.tar,Creative Commons Public Domain Mark 1.0,SAMPLE_VISUALLY_GOOD,data/scan_sources.csv
2017,070,ARCHIVED_DIRECT_REGISTRY_MAPPING,patrologiaecursu46mignuoft,Zual/TLG_libre_scans,scans/volumes/pg46-gregory-nyssa-1857,webdataset/volumes--pg46-gregory-nyssa-1857--2b3ae17fbaa0.tar,Creative Commons Public Domain Mark 1.0,SAMPLE_VISUALLY_GOOD,data/scan_sources.csv
2017,071,ARCHIVED_DIRECT_REGISTRY_MAPPING,patrologiaecursu46mignuoft,Zual/TLG_libre_scans,scans/volumes/pg46-gregory-nyssa-1857,webdataset/volumes--pg46-gregory-nyssa-1857--2b3ae17fbaa0.tar,Creative Commons Public Domain Mark 1.0,SAMPLE_VISUALLY_GOOD,data/scan_sources.csv
2017,072,ARCHIVED_DIRECT_REGISTRY_MAPPING,patrologiaecursu46mignuoft,Zual/TLG_libre_scans,scans/volumes/pg46-gregory-nyssa-1857,webdataset/volumes--pg46-gregory-nyssa-1857--2b3ae17fbaa0.tar,Creative Commons Public Domain Mark 1.0,SAMPLE_VISUALLY_GOOD,data/scan_sources.csv
2017,073,ARCHIVED_DIRECT_REGISTRY_MAPPING,patrologiaecursu46mignuoft,Zual/TLG_libre_scans,scans/volumes/pg46-gregory-nyssa-1857,webdataset/volumes--pg46-gregory-nyssa-1857--2b3ae17fbaa0.tar,Creative Commons Public Domain Mark 1.0,SAMPLE_VISUALLY_GOOD,data/scan_sources.csv
2017,075,READY_REPORT_EXACT_MAPPING,Patrologia_Graeca_Vol._096.pdf,Zual/TLG_libre_scans,scans/volumes/pg96-john-damascene,scans/volumes/pg96-john-damascene/pg96-original-image-only.pdf,Creative Commons Public Domain Mark 1.0,SAMPLE_VISUALLY_GOOD,data/research_batches/scan_validation_pg96_john_damascene.md
2017,076,ARCHIVED_DIRECT_REGISTRY_MAPPING,Patrologia_Graeca_Vol._045.pdf,Zual/TLG_libre_scans,scans/volumes/pg45-gregory-nyssa,webdataset/volumes--pg45-gregory-nyssa--ca7e12e5c285.tar,Creative Commons Public Domain Mark 1.0,SAMPLE_VISUALLY_GOOD,data/scan_sources.csv
2017,078,ARCHIVED_DIRECT_REGISTRY_MAPPING,Patrologia_Graeca_Vol._044.pdf,Zual/TLG_libre_scans,scans/volumes/pg44-gregory-nyssa,webdataset/volumes--pg44-gregory-nyssa--40d4f3862ecb.tar,Creative Commons Public Domain Mark 1.0,SAMPLE_VISUALLY_GOOD,data/scan_sources.csv
2017,079,ARCHIVED_DIRECT_REGISTRY_MAPPING,Patrologia_Graeca_Vol._044.pdf,Zual/TLG_libre_scans,scans/volumes/pg44-gregory-nyssa,webdataset/volumes--pg44-gregory-nyssa--40d4f3862ecb.tar,Creative Commons Public Domain Mark 1.0,SAMPLE_VISUALLY_GOOD,data/scan_sources.csv
2017,080,ARCHIVED_DIRECT_REGISTRY_MAPPING,patrologiaecursu46mignuoft,Zual/TLG_libre_scans,scans/volumes/pg46-gregory-nyssa-1857,webdataset/volumes--pg46-gregory-nyssa-1857--2b3ae17fbaa0.tar,Creative Commons Public Domain Mark 1.0,SAMPLE_VISUALLY_GOOD,data/scan_sources.csv
2021,005,READY_REPORT_EXACT_MAPPING,Patrologia_Graeca_Vol._089.pdf,Zual/TLG_libre_scans,scans/volumes/pg89-anastasius-sinaita,webdataset/volumes--pg89-anastasius-sinaita--pages-310-311--cec1be123942.tar;webdataset/volumes--pg89-anastasius-sinaita--pages-315-315--e1d538e14956.tar;webdataset/volumes--pg89-anastasius-sinaita--pages-615-615--252ad0769a2e.tar;webdataset/volumes--pg89-anastasius-sinaita--pages-622-661--f327befb1fdb.tar;webdataset/volumes--pg89-anastasius-sinaita--pages-701-719--9c7d572f536f.tar;webdataset/volumes--pg89-anastasius-sinaita--pages-731-948--e4ed197fb498.tar,Creative Commons Public Domain Mark 1.0,SAMPLE_VISUALLY_GOOD,data/research_batches/scan_validation_pg89_anastasius_sinaita.md
2021,006,READY_REPORT_EXACT_MAPPING,Patrologia_Graeca_Vol._089.pdf,Zual/TLG_libre_scans,scans/volumes/pg89-anastasius-sinaita,webdataset/volumes--pg89-anastasius-sinaita--pages-310-311--cec1be123942.tar;webdataset/volumes--pg89-anastasius-sinaita--pages-315-315--e1d538e14956.tar;webdataset/volumes--pg89-anastasius-sinaita--pages-615-615--252ad0769a2e.tar;webdataset/volumes--pg89-anastasius-sinaita--pages-622-661--f327befb1fdb.tar;webdataset/volumes--pg89-anastasius-sinaita--pages-701-719--9c7d572f536f.tar;webdataset/volumes--pg89-anastasius-sinaita--pages-731-948--e4ed197fb498.tar,Creative Commons Public Domain Mark 1.0,SAMPLE_VISUALLY_GOOD,data/research_batches/scan_validation_pg89_anastasius_sinaita.md
2021,028,READY_REPORT_EXACT_MAPPING,Patrologia_Graeca_Vol._065.pdf,Zual/TLG_libre_scans,scans/volumes/pg65-proclus-apophthegmata,webdataset/volumes--pg65-proclus-apophthegmata--0668c3e0bc2d.tar,Creative Commons Public Domain Mark 1.0,SAMPLE_VISUALLY_GOOD,data/research_batches/scan_validation_pg65_proclus_apophthegmata.md
2022,015,ARCHIVED_DIRECT_REGISTRY_MAPPING,Patrologia_Graeca_Vol._035.pdf,Zual/TLG_libre_scans,scans/volumes/pg35-gregory-nazianzen,webdataset/volumes--pg35-gregory-nazianzen--d0b7f912208a.tar,Creative Commons Public Domain Mark 1.0,SAMPLE_VISUALLY_GOOD,data/scan_sources.csv
2022,016,ARCHIVED_DIRECT_REGISTRY_MAPPING,Patrologia_Graeca_Vol._035.pdf,Zual/TLG_libre_scans,scans/volumes/pg35-gregory-nazianzen,webdataset/volumes--pg35-gregory-nazianzen--d0b7f912208a.tar,Creative Commons Public Domain Mark 1.0,SAMPLE_VISUALLY_GOOD,data/scan_sources.csv
2022,017,ARCHIVED_DIRECT_REGISTRY_MAPPING,Patrologia_Graeca_Vol._035.pdf,Zual/TLG_libre_scans,scans/volumes/pg35-gregory-nazianzen,webdataset/volumes--pg35-gregory-nazianzen--d0b7f912208a.tar,Creative Commons Public Domain Mark 1.0,SAMPLE_VISUALLY_GOOD,data/scan_sources.csv
2022,018,ARCHIVED_DIRECT_REGISTRY_MAPPING,Patrologia_Graeca_Vol._035.pdf,Zual/TLG_libre_scans,scans/volumes/pg35-gregory-nazianzen,webdataset/volumes--pg35-gregory-nazianzen--d0b7f912208a.tar,Creative Commons Public Domain Mark 1.0,SAMPLE_VISUALLY_GOOD,data/scan_sources.csv
2022,019,ARCHIVED_DIRECT_REGISTRY_MAPPING,Patrologia_Graeca_Vol._035.pdf,Zual/TLG_libre_scans,scans/volumes/pg35-gregory-nazianzen,webdataset/volumes--pg35-gregory-nazianzen--d0b7f912208a.tar,Creative Commons Public Domain Mark 1.0,SAMPLE_VISUALLY_GOOD,data/scan_sources.csv
2022,020,ARCHIVED_DIRECT_REGISTRY_MAPPING,Patrologia_Graeca_Vol._035.pdf,Zual/TLG_libre_scans,scans/volumes/pg35-gregory-nazianzen,webdataset/volumes--pg35-gregory-nazianzen--d0b7f912208a.tar,Creative Commons Public Domain Mark 1.0,SAMPLE_VISUALLY_GOOD,data/scan_sources.csv
2022,021,ARCHIVED_DIRECT_REGISTRY_MAPPING,Patrologia_Graeca_Vol._035.pdf,Zual/TLG_libre_scans,scans/volumes/pg35-gregory-nazianzen,webdataset/volumes--pg35-gregory-nazianzen--d0b7f912208a.tar,Creative Commons Public Domain Mark 1.0,SAMPLE_VISUALLY_GOOD,data/scan_sources.csv
2022,022,ARCHIVED_DIRECT_REGISTRY_MAPPING,Patrologia_Graeca_Vol._035.pdf,Zual/TLG_libre_scans,scans/volumes/pg35-gregory-nazianzen,webdataset/volumes--pg35-gregory-nazianzen--d0b7f912208a.tar,Creative Commons Public Domain Mark 1.0,SAMPLE_VISUALLY_GOOD,data/scan_sources.csv
2022,023,ARCHIVED_DIRECT_REGISTRY_MAPPING,Patrologia_Graeca_Vol._035.pdf,Zual/TLG_libre_scans,scans/volumes/pg35-gregory-nazianzen,webdataset/volumes--pg35-gregory-nazianzen--d0b7f912208a.tar,Creative Commons Public Domain Mark 1.0,SAMPLE_VISUALLY_GOOD,data/scan_sources.csv
2022,024,ARCHIVED_DIRECT_REGISTRY_MAPPING,Patrologia_Graeca_Vol._035.pdf,Zual/TLG_libre_scans,scans/volumes/pg35-gregory-nazianzen,webdataset/volumes--pg35-gregory-nazianzen--d0b7f912208a.tar,Creative Commons Public Domain Mark 1.0,SAMPLE_VISUALLY_GOOD,data/scan_sources.csv
2022,025,ARCHIVED_DIRECT_REGISTRY_MAPPING,Patrologia_Graeca_Vol._035.pdf,Zual/TLG_libre_scans,scans/volumes/pg35-gregory-nazianzen,webdataset/volumes--pg35-gregory-nazianzen--d0b7f912208a.tar,Creative Commons Public Domain Mark 1.0,SAMPLE_VISUALLY_GOOD,data/scan_sources.csv
2022,026,ARCHIVED_DIRECT_REGISTRY_MAPPING,Patrologia_Graeca_Vol._035.pdf,Zual/TLG_libre_scans,scans/volumes/pg35-gregory-nazianzen,webdataset/volumes--pg35-gregory-nazianzen--d0b7f912208a.tar,Creative Commons Public Domain Mark 1.0,SAMPLE_VISUALLY_GOOD,data/scan_sources.csv
2022,027,ARCHIVED_DIRECT_REGISTRY_MAPPING,Patrologia_Graeca_Vol._035.pdf,Zual/TLG_libre_scans,scans/volumes/pg35-gregory-nazianzen,webdataset/volumes--pg35-gregory-nazianzen--d0b7f912208a.tar,Creative Commons Public Domain Mark 1.0,SAMPLE_VISUALLY_GOOD,data/scan_sources.csv
2022,028,ARCHIVED_DIRECT_REGISTRY_MAPPING,Patrologia_Graeca_Vol._035.pdf,Zual/TLG_libre_scans,scans/volumes/pg35-gregory-nazianzen,webdataset/volumes--pg35-gregory-nazianzen--d0b7f912208a.tar,Creative Commons Public Domain Mark 1.0,SAMPLE_VISUALLY_GOOD,data/scan_sources.csv
2022,029,ARCHIVED_DIRECT_REGISTRY_MAPPING,Patrologia_Graeca_Vol._035.pdf,Zual/TLG_libre_scans,scans/volumes/pg35-gregory-nazianzen,webdataset/volumes--pg35-gregory-nazianzen--d0b7f912208a.tar,Creative Commons Public Domain Mark 1.0,SAMPLE_VISUALLY_GOOD,data/scan_sources.csv
2022,030,ARCHIVED_DIRECT_REGISTRY_MAPPING,Patrologia_Graeca_Vol._035.pdf,Zual/TLG_libre_scans,scans/volumes/pg35-gregory-nazianzen,webdataset/volumes--pg35-gregory-nazianzen--d0b7f912208a.tar,Creative Commons Public Domain Mark 1.0,SAMPLE_VISUALLY_GOOD,data/scan_sources.csv
2022,031,ARCHIVED_DIRECT_REGISTRY_MAPPING,Patrologia_Graeca_Vol._035.pdf,Zual/TLG_libre_scans,scans/volumes/pg35-gregory-nazianzen,webdataset/volumes--pg35-gregory-nazianzen--d0b7f912208a.tar,Creative Commons Public Domain Mark 1.0,SAMPLE_VISUALLY_GOOD,data/scan_sources.csv
2022,032,ARCHIVED_DIRECT_REGISTRY_MAPPING,Patrologia_Graeca_Vol._035.pdf,Zual/TLG_libre_scans,scans/volumes/pg35-gregory-nazianzen,webdataset/volumes--pg35-gregory-nazianzen--d0b7f912208a.tar,Creative Commons Public Domain Mark 1.0,SAMPLE_VISUALLY_GOOD,data/scan_sources.csv
2022,033,ARCHIVED_DIRECT_REGISTRY_MAPPING,Patrologia_Graeca_Vol._035.pdf,Zual/TLG_libre_scans,scans/volumes/pg35-gregory-nazianzen,webdataset/volumes--pg35-gregory-nazianzen--d0b7f912208a.tar,Creative Commons Public Domain Mark 1.0,SAMPLE_VISUALLY_GOOD,data/scan_sources.csv
2022,034,ARCHIVED_DIRECT_REGISTRY_MAPPING,Patrologia_Graeca_Vol._035.pdf,Zual/TLG_libre_scans,scans/volumes/pg35-gregory-nazianzen,webdataset/volumes--pg35-gregory-nazianzen--d0b7f912208a.tar,Creative Commons Public Domain Mark 1.0,SAMPLE_VISUALLY_GOOD,data/scan_sources.csv
2022,035,ARCHIVED_DIRECT_REGISTRY_MAPPING,Patrologia_Graeca_Vol._035.pdf,Zual/TLG_libre_scans,scans/volumes/pg35-gregory-nazianzen,webdataset/volumes--pg35-gregory-nazianzen--d0b7f912208a.tar,Creative Commons Public Domain Mark 1.0,SAMPLE_VISUALLY_GOOD,data/scan_sources.csv
2022,036,ARCHIVED_DIRECT_REGISTRY_MAPPING,Patrologia_Graeca_Vol._035.pdf,Zual/TLG_libre_scans,scans/volumes/pg35-gregory-nazianzen,webdataset/volumes--pg35-gregory-nazianzen--d0b7f912208a.tar,Creative Commons Public Domain Mark 1.0,SAMPLE_VISUALLY_GOOD,data/scan_sources.csv
2022,037,ARCHIVED_DIRECT_REGISTRY_MAPPING,Patrologia_Graeca_Vol._035.pdf,Zual/TLG_libre_scans,scans/volumes/pg35-gregory-nazianzen,webdataset/volumes--pg35-gregory-nazianzen--d0b7f912208a.tar,Creative Commons Public Domain Mark 1.0,SAMPLE_VISUALLY_GOOD,data/scan_sources.csv
2022,038,ARCHIVED_DIRECT_REGISTRY_MAPPING,Patrologia_Graeca_Vol._035.pdf,Zual/TLG_libre_scans,scans/volumes/pg35-gregory-nazianzen,webdataset/volumes--pg35-gregory-nazianzen--d0b7f912208a.tar,Creative Commons Public Domain Mark 1.0,SAMPLE_VISUALLY_GOOD,data/scan_sources.csv
2022,039,ARCHIVED_DIRECT_REGISTRY_MAPPING,Patrologia_Graeca_Vol._035.pdf,Zual/TLG_libre_scans,scans/volumes/pg35-gregory-nazianzen,webdataset/volumes--pg35-gregory-nazianzen--d0b7f912208a.tar,Creative Commons Public Domain Mark 1.0,SAMPLE_VISUALLY_GOOD,data/scan_sources.csv
2022,047,ARCHIVED_DIRECT_REGISTRY_MAPPING,Patrologia_Graeca_Vol._036.pdf,Zual/TLG_libre_scans,scans/volumes/pg36-gregory-nazianzen,webdataset/volumes--pg36-gregory-nazianzen--f2db448424dd.tar,Creative Commons Public Domain Mark 1.0,SAMPLE_VISUALLY_GOOD,data/scan_sources.csv
2022,048,ARCHIVED_DIRECT_REGISTRY_MAPPING,Patrologia_Graeca_Vol._036.pdf,Zual/TLG_libre_scans,scans/volumes/pg36-gregory-nazianzen,webdataset/volumes--pg36-gregory-nazianzen--f2db448424dd.tar,Creative Commons Public Domain Mark 1.0,SAMPLE_VISUALLY_GOOD,data/scan_sources.csv
2022,049,ARCHIVED_DIRECT_REGISTRY_MAPPING,Patrologia_Graeca_Vol._036.pdf,Zual/TLG_libre_scans,scans/volumes/pg36-gregory-nazianzen,webdataset/volumes--pg36-gregory-nazianzen--f2db448424dd.tar,Creative Commons Public Domain Mark 1.0,SAMPLE_VISUALLY_GOOD,data/scan_sources.csv
2022,050,ARCHIVED_DIRECT_REGISTRY_MAPPING,Patrologia_Graeca_Vol._036.pdf,Zual/TLG_libre_scans,scans/volumes/pg36-gregory-nazianzen,webdataset/volumes--pg36-gregory-nazianzen--f2db448424dd.tar,Creative Commons Public Domain Mark 1.0,SAMPLE_VISUALLY_GOOD,data/scan_sources.csv
2022,051,ARCHIVED_DIRECT_REGISTRY_MAPPING,Patrologia_Graeca_Vol._036.pdf,Zual/TLG_libre_scans,scans/volumes/pg36-gregory-nazianzen,webdataset/volumes--pg36-gregory-nazianzen--f2db448424dd.tar,Creative Commons Public Domain Mark 1.0,SAMPLE_VISUALLY_GOOD,data/scan_sources.csv
2022,052,ARCHIVED_DIRECT_REGISTRY_MAPPING,Patrologia_Graeca_Vol._036.pdf,Zual/TLG_libre_scans,scans/volumes/pg36-gregory-nazianzen,webdataset/volumes--pg36-gregory-nazianzen--f2db448424dd.tar,Creative Commons Public Domain Mark 1.0,SAMPLE_VISUALLY_GOOD,data/scan_sources.csv
2022,053,ARCHIVED_DIRECT_REGISTRY_MAPPING,Patrologia_Graeca_Vol._036.pdf,Zual/TLG_libre_scans,scans/volumes/pg36-gregory-nazianzen,webdataset/volumes--pg36-gregory-nazianzen--f2db448424dd.tar,Creative Commons Public Domain Mark 1.0,SAMPLE_VISUALLY_GOOD,data/scan_sources.csv
2022,054,ARCHIVED_DIRECT_REGISTRY_MAPPING,Patrologia_Graeca_Vol._036.pdf,Zual/TLG_libre_scans,scans/volumes/pg36-gregory-nazianzen,webdataset/volumes--pg36-gregory-nazianzen--f2db448424dd.tar,Creative Commons Public Domain Mark 1.0,SAMPLE_VISUALLY_GOOD,data/scan_sources.csv
2022,055,ARCHIVED_DIRECT_REGISTRY_MAPPING,Patrologia_Graeca_Vol._036.pdf,Zual/TLG_libre_scans,scans/volumes/pg36-gregory-nazianzen,webdataset/volumes--pg36-gregory-nazianzen--f2db448424dd.tar,Creative Commons Public Domain Mark 1.0,SAMPLE_VISUALLY_GOOD,data/scan_sources.csv
2022,059,ARCHIVED_DIRECT_REGISTRY_MAPPING,Patrologia_Graeca_Vol._037.pdf,Zual/TLG_libre_scans,scans/volumes/pg37-gregory-nazianzen,scans/volumes/pg37-gregory-nazianzen/pg37-original-image-only.pdf,Creative Commons Public Domain Mark 1.0,SAMPLE_VISUALLY_GOOD,data/scan_sources.csv
2022,060,ARCHIVED_DIRECT_REGISTRY_MAPPING,Patrologia_Graeca_Vol._037.pdf,Zual/TLG_libre_scans,scans/volumes/pg37-gregory-nazianzen,scans/volumes/pg37-gregory-nazianzen/pg37-original-image-only.pdf,Creative Commons Public Domain Mark 1.0,SAMPLE_VISUALLY_GOOD,data/scan_sources.csv
2022,061,ARCHIVED_DIRECT_REGISTRY_MAPPING,Patrologia_Graeca_Vol._037.pdf,Zual/TLG_libre_scans,scans/volumes/pg37-gregory-nazianzen,scans/volumes/pg37-gregory-nazianzen/pg37-original-image-only.pdf,Creative Commons Public Domain Mark 1.0,SAMPLE_VISUALLY_GOOD,data/scan_sources.csv
2022,062,ARCHIVED_DIRECT_REGISTRY_MAPPING,Patrologia_Graeca_Vol._037.pdf,Zual/TLG_libre_scans,scans/volumes/pg37-gregory-nazianzen,scans/volumes/pg37-gregory-nazianzen/pg37-original-image-only.pdf,Creative Commons Public Domain Mark 1.0,SAMPLE_VISUALLY_GOOD,data/scan_sources.csv
2022,063,ARCHIVED_DIRECT_REGISTRY_MAPPING,Patrologia_Graeca_Vol._038.pdf,Zual/TLG_libre_scans,scans/volumes/pg38-gregory-nazianzen,webdataset/volumes--pg38-gregory-nazianzen--54cea3c8f6b2.tar,Creative Commons Public Domain Mark 1.0,SAMPLE_VISUALLY_GOOD,data/scan_sources.csv
2022,064,ARCHIVED_DIRECT_REGISTRY_MAPPING,Patrologia_Graeca_Vol._038.pdf,Zual/TLG_libre_scans,scans/volumes/pg38-gregory-nazianzen,webdataset/volumes--pg38-gregory-nazianzen--54cea3c8f6b2.tar,Creative Commons Public Domain Mark 1.0,SAMPLE_VISUALLY_GOOD,data/scan_sources.csv
2035,042,ARCHIVED_DIRECT_REGISTRY_MAPPING,Patrologia_Graeca_Vol._026.pdf,Zual/TLG_libre_scans,scans/volumes/pg26-athanasius,webdataset/volumes--pg26-athanasius--f1bbb16acebe.tar,Creative Commons Public Domain Mark 1.0,SAMPLE_VISUALLY_GOOD,data/scan_sources.csv
2035,043,ARCHIVED_DIRECT_REGISTRY_MAPPING,Patrologia_Graeca_Vol._026.pdf,Zual/TLG_libre_scans,scans/volumes/pg26-athanasius,webdataset/volumes--pg26-athanasius--f1bbb16acebe.tar,Creative Commons Public Domain Mark 1.0,SAMPLE_VISUALLY_GOOD,data/scan_sources.csv
2035,044,ARCHIVED_DIRECT_REGISTRY_MAPPING,Patrologia_Graeca_Vol._026.pdf,Zual/TLG_libre_scans,scans/volumes/pg26-athanasius,webdataset/volumes--pg26-athanasius--f1bbb16acebe.tar,Creative Commons Public Domain Mark 1.0,SAMPLE_VISUALLY_GOOD,data/scan_sources.csv
2035,045,ARCHIVED_DIRECT_REGISTRY_MAPPING,Patrologia_Graeca_Vol._026.pdf,Zual/TLG_libre_scans,scans/volumes/pg26-athanasius,webdataset/volumes--pg26-athanasius--f1bbb16acebe.tar,Creative Commons Public Domain Mark 1.0,SAMPLE_VISUALLY_GOOD,data/scan_sources.csv
2035,046,ARCHIVED_DIRECT_REGISTRY_MAPPING,Patrologia_Graeca_Vol._026.pdf,Zual/TLG_libre_scans,scans/volumes/pg26-athanasius,webdataset/volumes--pg26-athanasius--f1bbb16acebe.tar,Creative Commons Public Domain Mark 1.0,SAMPLE_VISUALLY_GOOD,data/scan_sources.csv
2035,047,ARCHIVED_DIRECT_REGISTRY_MAPPING,Patrologia_Graeca_Vol._026.pdf,Zual/TLG_libre_scans,scans/volumes/pg26-athanasius,webdataset/volumes--pg26-athanasius--f1bbb16acebe.tar,Creative Commons Public Domain Mark 1.0,SAMPLE_VISUALLY_GOOD,data/scan_sources.csv
2035,049,ARCHIVED_DIRECT_REGISTRY_MAPPING,Patrologia_Graeca_Vol._026.pdf,Zual/TLG_libre_scans,scans/volumes/pg26-athanasius,webdataset/volumes--pg26-athanasius--f1bbb16acebe.tar,Creative Commons Public Domain Mark 1.0,SAMPLE_VISUALLY_GOOD,data/scan_sources.csv
2035,050,ARCHIVED_DIRECT_REGISTRY_MAPPING,Patrologia_Graeca_Vol._026.pdf,Zual/TLG_libre_scans,scans/volumes/pg26-athanasius,webdataset/volumes--pg26-athanasius--f1bbb16acebe.tar,Creative Commons Public Domain Mark 1.0,SAMPLE_VISUALLY_GOOD,data/scan_sources.csv
2035,051,ARCHIVED_DIRECT_REGISTRY_MAPPING,Patrologia_Graeca_Vol._026.pdf,Zual/TLG_libre_scans,scans/volumes/pg26-athanasius,webdataset/volumes--pg26-athanasius--f1bbb16acebe.tar,Creative Commons Public Domain Mark 1.0,SAMPLE_VISUALLY_GOOD,data/scan_sources.csv
2035,052,ARCHIVED_DIRECT_REGISTRY_MAPPING,Patrologia_Graeca_Vol._026.pdf,Zual/TLG_libre_scans,scans/volumes/pg26-athanasius,webdataset/volumes--pg26-athanasius--f1bbb16acebe.tar,Creative Commons Public Domain Mark 1.0,SAMPLE_VISUALLY_GOOD,data/scan_sources.csv
2035,053,ARCHIVED_DIRECT_REGISTRY_MAPPING,Patrologia_Graeca_Vol._026.pdf,Zual/TLG_libre_scans,scans/volumes/pg26-athanasius,webdataset/volumes--pg26-athanasius--f1bbb16acebe.tar,Creative Commons Public Domain Mark 1.0,SAMPLE_VISUALLY_GOOD,data/scan_sources.csv
2035,054,ARCHIVED_DIRECT_REGISTRY_MAPPING,Patrologia_Graeca_Vol._026.pdf,Zual/TLG_libre_scans,scans/volumes/pg26-athanasius,webdataset/volumes--pg26-athanasius--f1bbb16acebe.tar,Creative Commons Public Domain Mark 1.0,SAMPLE_VISUALLY_GOOD,data/scan_sources.csv
2035,055,ARCHIVED_DIRECT_REGISTRY_MAPPING,Patrologia_Graeca_Vol._026.pdf,Zual/TLG_libre_scans,scans/volumes/pg26-athanasius,webdataset/volumes--pg26-athanasius--f1bbb16acebe.tar,Creative Commons Public Domain Mark 1.0,SAMPLE_VISUALLY_GOOD,data/scan_sources.csv
2035,056,ARCHIVED_DIRECT_REGISTRY_MAPPING,Patrologia_Graeca_Vol._026.pdf,Zual/TLG_libre_scans,scans/volumes/pg26-athanasius,webdataset/volumes--pg26-athanasius--f1bbb16acebe.tar,Creative Commons Public Domain Mark 1.0,SAMPLE_VISUALLY_GOOD,data/scan_sources.csv
2035,057,ARCHIVED_DIRECT_REGISTRY_MAPPING,Patrologia_Graeca_Vol._026.pdf,Zual/TLG_libre_scans,scans/volumes/pg26-athanasius,webdataset/volumes--pg26-athanasius--f1bbb16acebe.tar,Creative Commons Public Domain Mark 1.0,SAMPLE_VISUALLY_GOOD,data/scan_sources.csv
2035,058,ARCHIVED_DIRECT_REGISTRY_MAPPING,Patrologia_Graeca_Vol._026.pdf,Zual/TLG_libre_scans,scans/volumes/pg26-athanasius,webdataset/volumes--pg26-athanasius--f1bbb16acebe.tar,Creative Commons Public Domain Mark 1.0,SAMPLE_VISUALLY_GOOD,data/scan_sources.csv
2035,064,READY_REPORT_EXACT_MAPPING,Patrologia_Graeca_Vol._028.pdf,Zual/TLG_libre_scans,scans/volumes/pg28-athanasius-spuria,scans/volumes/pg28-athanasius-spuria/pg28-original-image-only.pdf,Creative Commons Public Domain Mark 1.0,SAMPLE_VISUALLY_GOOD,data/research_batches/scan_validation_pg28_athanasius_spuria.md
2035,065,READY_REPORT_EXACT_MAPPING,Patrologia_Graeca_Vol._028.pdf,Zual/TLG_libre_scans,scans/volumes/pg28-athanasius-spuria,scans/volumes/pg28-athanasius-spuria/pg28-original-image-only.pdf,Creative Commons Public Domain Mark 1.0,SAMPLE_VISUALLY_GOOD,data/research_batches/scan_validation_pg28_athanasius_spuria.md
2035,066,READY_REPORT_EXACT_MAPPING,Patrologia_Graeca_Vol._028.pdf,Zual/TLG_libre_scans,scans/volumes/pg28-athanasius-spuria,scans/volumes/pg28-athanasius-spuria/pg28-original-image-only.pdf,Creative Commons Public Domain Mark 1.0,SAMPLE_VISUALLY_GOOD,data/research_batches/scan_validation_pg28_athanasius_spuria.md
2035,067,READY_REPORT_EXACT_MAPPING,Patrologia_Graeca_Vol._028.pdf,Zual/TLG_libre_scans,scans/volumes/pg28-athanasius-spuria,scans/volumes/pg28-athanasius-spuria/pg28-original-image-only.pdf,Creative Commons Public Domain Mark 1.0,SAMPLE_VISUALLY_GOOD,data/research_batches/scan_validation_pg28_athanasius_spuria.md
2035,068,READY_REPORT_EXACT_MAPPING,Patrologia_Graeca_Vol._028.pdf,Zual/TLG_libre_scans,scans/volumes/pg28-athanasius-spuria,scans/volumes/pg28-athanasius-spuria/pg28-original-image-only.pdf,Creative Commons Public Domain Mark 1.0,SAMPLE_VISUALLY_GOOD,data/research_batches/scan_validation_pg28_athanasius_spuria.md
2035,069,READY_REPORT_EXACT_MAPPING,Patrologia_Graeca_Vol._028.pdf,Zual/TLG_libre_scans,scans/volumes/pg28-athanasius-spuria,scans/volumes/pg28-athanasius-spuria/pg28-original-image-only.pdf,Creative Commons Public Domain Mark 1.0,SAMPLE_VISUALLY_GOOD,data/research_batches/scan_validation_pg28_athanasius_spuria.md
2035,070,READY_REPORT_EXACT_MAPPING,Patrologia_Graeca_Vol._028.pdf,Zual/TLG_libre_scans,scans/volumes/pg28-athanasius-spuria,scans/volumes/pg28-athanasius-spuria/pg28-original-image-only.pdf,Creative Commons Public Domain Mark 1.0,SAMPLE_VISUALLY_GOOD,data/research_batches/scan_validation_pg28_athanasius_spuria.md
2035,071,READY_REPORT_EXACT_MAPPING,Patrologia_Graeca_Vol._028.pdf,Zual/TLG_libre_scans,scans/volumes/pg28-athanasius-spuria,scans/volumes/pg28-athanasius-spuria/pg28-original-image-only.pdf,Creative Commons Public Domain Mark 1.0,SAMPLE_VISUALLY_GOOD,data/research_batches/scan_validation_pg28_athanasius_spuria.md
2035,072,READY_REPORT_EXACT_MAPPING,Patrologia_Graeca_Vol._028.pdf,Zual/TLG_libre_scans,scans/volumes/pg28-athanasius-spuria,scans/volumes/pg28-athanasius-spuria/pg28-original-image-only.pdf,Creative Commons Public Domain Mark 1.0,SAMPLE_VISUALLY_GOOD,data/research_batches/scan_validation_pg28_athanasius_spuria.md
2035,073,READY_REPORT_EXACT_MAPPING,Patrologia_Graeca_Vol._028.pdf,Zual/TLG_libre_scans,scans/volumes/pg28-athanasius-spuria,scans/volumes/pg28-athanasius-spuria/pg28-original-image-only.pdf,Creative Commons Public Domain Mark 1.0,SAMPLE_VISUALLY_GOOD,data/research_batches/scan_validation_pg28_athanasius_spuria.md
2035,074,READY_REPORT_EXACT_MAPPING,Patrologia_Graeca_Vol._028.pdf,Zual/TLG_libre_scans,scans/volumes/pg28-athanasius-spuria,scans/volumes/pg28-athanasius-spuria/pg28-original-image-only.pdf,Creative Commons Public Domain Mark 1.0,SAMPLE_VISUALLY_GOOD,data/research_batches/scan_validation_pg28_athanasius_spuria.md
2035,075,READY_REPORT_EXACT_MAPPING,Patrologia_Graeca_Vol._028.pdf,Zual/TLG_libre_scans,scans/volumes/pg28-athanasius-spuria,scans/volumes/pg28-athanasius-spuria/pg28-original-image-only.pdf,Creative Commons Public Domain Mark 1.0,SAMPLE_VISUALLY_GOOD,data/research_batches/scan_validation_pg28_athanasius_spuria.md
2035,076,READY_REPORT_EXACT_MAPPING,Patrologia_Graeca_Vol._028.pdf,Zual/TLG_libre_scans,scans/volumes/pg28-athanasius-spuria,scans/volumes/pg28-athanasius-spuria/pg28-original-image-only.pdf,Creative Commons Public Domain Mark 1.0,SAMPLE_VISUALLY_GOOD,data/research_batches/scan_validation_pg28_athanasius_spuria.md
2035,077,READY_REPORT_EXACT_MAPPING,Patrologia_Graeca_Vol._028.pdf,Zual/TLG_libre_scans,scans/volumes/pg28-athanasius-spuria,scans/volumes/pg28-athanasius-spuria/pg28-original-image-only.pdf,Creative Commons Public Domain Mark 1.0,SAMPLE_VISUALLY_GOOD,data/research_batches/scan_validation_pg28_athanasius_spuria.md
2035,078,READY_REPORT_EXACT_MAPPING,Patrologia_Graeca_Vol._028.pdf,Zual/TLG_libre_scans,scans/volumes/pg28-athanasius-spuria,scans/volumes/pg28-athanasius-spuria/pg28-original-image-only.pdf,Creative Commons Public Domain Mark 1.0,SAMPLE_VISUALLY_GOOD,data/research_batches/scan_validation_pg28_athanasius_spuria.md
2035,079,READY_REPORT_EXACT_MAPPING,Patrologia_Graeca_Vol._028.pdf,Zual/TLG_libre_scans,scans/volumes/pg28-athanasius-spuria,scans/volumes/pg28-athanasius-spuria/pg28-original-image-only.pdf,Creative Commons Public Domain Mark 1.0,SAMPLE_VISUALLY_GOOD,data/research_batches/scan_validation_pg28_athanasius_spuria.md
2035,080,READY_REPORT_EXACT_MAPPING,Patrologia_Graeca_Vol._028.pdf,Zual/TLG_libre_scans,scans/volumes/pg28-athanasius-spuria,scans/volumes/pg28-athanasius-spuria/pg28-original-image-only.pdf,Creative Commons Public Domain Mark 1.0,SAMPLE_VISUALLY_GOOD,data/research_batches/scan_validation_pg28_athanasius_spuria.md
2035,081,READY_REPORT_EXACT_MAPPING,Patrologia_Graeca_Vol._028.pdf,Zual/TLG_libre_scans,scans/volumes/pg28-athanasius-spuria,scans/volumes/pg28-athanasius-spuria/pg28-original-image-only.pdf,Creative Commons Public Domain Mark 1.0,SAMPLE_VISUALLY_GOOD,data/research_batches/scan_validation_pg28_athanasius_spuria.md
2035,082,READY_REPORT_EXACT_MAPPING,Patrologia_Graeca_Vol._028.pdf,Zual/TLG_libre_scans,scans/volumes/pg28-athanasius-spuria,scans/volumes/pg28-athanasius-spuria/pg28-original-image-only.pdf,Creative Commons Public Domain Mark 1.0,SAMPLE_VISUALLY_GOOD,data/research_batches/scan_validation_pg28_athanasius_spuria.md
2035,083,READY_REPORT_EXACT_MAPPING,Patrologia_Graeca_Vol._028.pdf,Zual/TLG_libre_scans,scans/volumes/pg28-athanasius-spuria,scans/volumes/pg28-athanasius-spuria/pg28-original-image-only.pdf,Creative Commons Public Domain Mark 1.0,SAMPLE_VISUALLY_GOOD,data/research_batches/scan_validation_pg28_athanasius_spuria.md
2035,084,READY_REPORT_EXACT_MAPPING,Patrologia_Graeca_Vol._028.pdf,Zual/TLG_libre_scans,scans/volumes/pg28-athanasius-spuria,scans/volumes/pg28-athanasius-spuria/pg28-original-image-only.pdf,Creative Commons Public Domain Mark 1.0,SAMPLE_VISUALLY_GOOD,data/research_batches/scan_validation_pg28_athanasius_spuria.md
2035,085,READY_REPORT_EXACT_MAPPING,Patrologia_Graeca_Vol._028.pdf,Zual/TLG_libre_scans,scans/volumes/pg28-athanasius-spuria,scans/volumes/pg28-athanasius-spuria/pg28-original-image-only.pdf,Creative Commons Public Domain Mark 1.0,SAMPLE_VISUALLY_GOOD,data/research_batches/scan_validation_pg28_athanasius_spuria.md
2035,086,READY_REPORT_EXACT_MAPPING,Patrologia_Graeca_Vol._028.pdf,Zual/TLG_libre_scans,scans/volumes/pg28-athanasius-spuria,scans/volumes/pg28-athanasius-spuria/pg28-original-image-only.pdf,Creative Commons Public Domain Mark 1.0,SAMPLE_VISUALLY_GOOD,data/research_batches/scan_validation_pg28_athanasius_spuria.md
2035,087,READY_REPORT_EXACT_MAPPING,Patrologia_Graeca_Vol._028.pdf,Zual/TLG_libre_scans,scans/volumes/pg28-athanasius-spuria,scans/volumes/pg28-athanasius-spuria/pg28-original-image-only.pdf,Creative Commons Public Domain Mark 1.0,SAMPLE_VISUALLY_GOOD,data/research_batches/scan_validation_pg28_athanasius_spuria.md
2035,088,READY_REPORT_EXACT_MAPPING,Patrologia_Graeca_Vol._028.pdf,Zual/TLG_libre_scans,scans/volumes/pg28-athanasius-spuria,scans/volumes/pg28-athanasius-spuria/pg28-original-image-only.pdf,Creative Commons Public Domain Mark 1.0,SAMPLE_VISUALLY_GOOD,data/research_batches/scan_validation_pg28_athanasius_spuria.md
2035,089,READY_REPORT_EXACT_MAPPING,Patrologia_Graeca_Vol._028.pdf,Zual/TLG_libre_scans,scans/volumes/pg28-athanasius-spuria,scans/volumes/pg28-athanasius-spuria/pg28-original-image-only.pdf,Creative Commons Public Domain Mark 1.0,SAMPLE_VISUALLY_GOOD,data/research_batches/scan_validation_pg28_athanasius_spuria.md
2035,090,READY_REPORT_EXACT_MAPPING,Patrologia_Graeca_Vol._028.pdf,Zual/TLG_libre_scans,scans/volumes/pg28-athanasius-spuria,scans/volumes/pg28-athanasius-spuria/pg28-original-image-only.pdf,Creative Commons Public Domain Mark 1.0,SAMPLE_VISUALLY_GOOD,data/research_batches/scan_validation_pg28_athanasius_spuria.md
2035,091,READY_REPORT_EXACT_MAPPING,Patrologia_Graeca_Vol._028.pdf,Zual/TLG_libre_scans,scans/volumes/pg28-athanasius-spuria,scans/volumes/pg28-athanasius-spuria/pg28-original-image-only.pdf,Creative Commons Public Domain Mark 1.0,SAMPLE_VISUALLY_GOOD,data/research_batches/scan_validation_pg28_athanasius_spuria.md
2035,094,READY_REPORT_EXACT_MAPPING,Patrologia_Graeca_Vol._028.pdf,Zual/TLG_libre_scans,scans/volumes/pg28-athanasius-spuria,scans/volumes/pg28-athanasius-spuria/pg28-original-image-only.pdf,Creative Commons Public Domain Mark 1.0,SAMPLE_VISUALLY_GOOD,data/research_batches/scan_validation_pg28_athanasius_spuria.md
2035,099,READY_REPORT_EXACT_MAPPING,Patrologia_Graeca_Vol._028.pdf,Zual/TLG_libre_scans,scans/volumes/pg28-athanasius-spuria,scans/volumes/pg28-athanasius-spuria/pg28-original-image-only.pdf,Creative Commons Public Domain Mark 1.0,SAMPLE_VISUALLY_GOOD,data/research_batches/scan_validation_pg28_athanasius_spuria.md
2035,100,READY_REPORT_EXACT_MAPPING,Patrologia_Graeca_Vol._028.pdf,Zual/TLG_libre_scans,scans/volumes/pg28-athanasius-spuria,scans/volumes/pg28-athanasius-spuria/pg28-original-image-only.pdf,Creative Commons Public Domain Mark 1.0,SAMPLE_VISUALLY_GOOD,data/research_batches/scan_validation_pg28_athanasius_spuria.md
2035,101,READY_REPORT_EXACT_MAPPING,Patrologia_Graeca_Vol._028.pdf,Zual/TLG_libre_scans,scans/volumes/pg28-athanasius-spuria,scans/volumes/pg28-athanasius-spuria/pg28-original-image-only.pdf,Creative Commons Public Domain Mark 1.0,SAMPLE_VISUALLY_GOOD,data/research_batches/scan_validation_pg28_athanasius_spuria.md
2035,102,READY_REPORT_EXACT_MAPPING,Patrologia_Graeca_Vol._028.pdf,Zual/TLG_libre_scans,scans/volumes/pg28-athanasius-spuria,scans/volumes/pg28-athanasius-spuria/pg28-original-image-only.pdf,Creative Commons Public Domain Mark 1.0,SAMPLE_VISUALLY_GOOD,data/research_batches/scan_validation_pg28_athanasius_spuria.md
2035,103,READY_REPORT_EXACT_MAPPING,Patrologia_Graeca_Vol._028.pdf,Zual/TLG_libre_scans,scans/volumes/pg28-athanasius-spuria,scans/volumes/pg28-athanasius-spuria/pg28-original-image-only.pdf,Creative Commons Public Domain Mark 1.0,SAMPLE_VISUALLY_GOOD,data/research_batches/scan_validation_pg28_athanasius_spuria.md
2035,104,READY_REPORT_EXACT_MAPPING,Patrologia_Graeca_Vol._028.pdf,Zual/TLG_libre_scans,scans/volumes/pg28-athanasius-spuria,scans/volumes/pg28-athanasius-spuria/pg28-original-image-only.pdf,Creative Commons Public Domain Mark 1.0,SAMPLE_VISUALLY_GOOD,data/research_batches/scan_validation_pg28_athanasius_spuria.md
2035,105,READY_REPORT_EXACT_MAPPING,Patrologia_Graeca_Vol._028.pdf,Zual/TLG_libre_scans,scans/volumes/pg28-athanasius-spuria,scans/volumes/pg28-athanasius-spuria/pg28-original-image-only.pdf,Creative Commons Public Domain Mark 1.0,SAMPLE_VISUALLY_GOOD,data/research_batches/scan_validation_pg28_athanasius_spuria.md
2035,106,READY_REPORT_EXACT_MAPPING,Patrologia_Graeca_Vol._028.pdf,Zual/TLG_libre_scans,scans/volumes/pg28-athanasius-spuria,scans/volumes/pg28-athanasius-spuria/pg28-original-image-only.pdf,Creative Commons Public Domain Mark 1.0,SAMPLE_VISUALLY_GOOD,data/research_batches/scan_validation_pg28_athanasius_spuria.md
2035,107,READY_REPORT_EXACT_MAPPING,Patrologia_Graeca_Vol._028.pdf,Zual/TLG_libre_scans,scans/volumes/pg28-athanasius-spuria,scans/volumes/pg28-athanasius-spuria/pg28-original-image-only.pdf,Creative Commons Public Domain Mark 1.0,SAMPLE_VISUALLY_GOOD,data/research_batches/scan_validation_pg28_athanasius_spuria.md
2035,109,READY_REPORT_EXACT_MAPPING,Patrologia_Graeca_Vol._028.pdf,Zual/TLG_libre_scans,scans/volumes/pg28-athanasius-spuria,scans/volumes/pg28-athanasius-spuria/pg28-original-image-only.pdf,Creative Commons Public Domain Mark 1.0,SAMPLE_VISUALLY_GOOD,data/research_batches/scan_validation_pg28_athanasius_spuria.md
2035,125,READY_REPORT_EXACT_MAPPING,Patrologia_Graeca_Vol._028.pdf,Zual/TLG_libre_scans,scans/volumes/pg28-athanasius-spuria,scans/volumes/pg28-athanasius-spuria/pg28-original-image-only.pdf,Creative Commons Public Domain Mark 1.0,SAMPLE_VISUALLY_GOOD,data/research_batches/scan_validation_pg28_athanasius_spuria.md
2035,126,READY_REPORT_EXACT_MAPPING,Patrologia_Graeca_Vol._028.pdf,Zual/TLG_libre_scans,scans/volumes/pg28-athanasius-spuria,scans/volumes/pg28-athanasius-spuria/pg28-original-image-only.pdf,Creative Commons Public Domain Mark 1.0,SAMPLE_VISUALLY_GOOD,data/research_batches/scan_validation_pg28_athanasius_spuria.md
2040,018,ARCHIVED_DIRECT_REGISTRY_MAPPING,Patrologia_Graeca_Vol._029.pdf,Zual/TLG_libre_scans,scans/volumes/pg29-basilius,webdataset/volumes--pg29-basilius--7c72ccf55788.tar,Creative Commons Public Domain Mark 1.0,SAMPLE_VISUALLY_GOOD,data/scan_sources.csv
2040,019,ARCHIVED_DIRECT_REGISTRY_MAPPING,Patrologia_Graeca_Vol._029.pdf,Zual/TLG_libre_scans,scans/volumes/pg29-basilius,webdataset/volumes--pg29-basilius--7c72ccf55788.tar,Creative Commons Public Domain Mark 1.0,SAMPLE_VISUALLY_GOOD,data/scan_sources.csv
2040,020,ARCHIVED_DIRECT_REGISTRY_MAPPING,Patrologia_Graeca_Vol._031.pdf,Zual/TLG_libre_scans,scans/volumes/pg31-basilius,scans/volumes/pg31-basilius/pg31-original-image-only.pdf,Creative Commons Public Domain Mark 1.0,SAMPLE_VISUALLY_GOOD,data/scan_sources.csv
2040,021,ARCHIVED_DIRECT_REGISTRY_MAPPING,Patrologia_Graeca_Vol._031.pdf,Zual/TLG_libre_scans,scans/volumes/pg31-basilius,scans/volumes/pg31-basilius/pg31-original-image-only.pdf,Creative Commons Public Domain Mark 1.0,SAMPLE_VISUALLY_GOOD,data/scan_sources.csv
2040,022,ARCHIVED_DIRECT_REGISTRY_MAPPING,Patrologia_Graeca_Vol._031.pdf,Zual/TLG_libre_scans,scans/volumes/pg31-basilius,scans/volumes/pg31-basilius/pg31-original-image-only.pdf,Creative Commons Public Domain Mark 1.0,SAMPLE_VISUALLY_GOOD,data/scan_sources.csv
2040,023,ARCHIVED_DIRECT_REGISTRY_MAPPING,Patrologia_Graeca_Vol._031.pdf,Zual/TLG_libre_scans,scans/volumes/pg31-basilius,scans/volumes/pg31-basilius/pg31-original-image-only.pdf,Creative Commons Public Domain Mark 1.0,SAMPLE_VISUALLY_GOOD,data/scan_sources.csv
2040,024,ARCHIVED_DIRECT_REGISTRY_MAPPING,Patrologia_Graeca_Vol._031.pdf,Zual/TLG_libre_scans,scans/volumes/pg31-basilius,scans/volumes/pg31-basilius/pg31-original-image-only.pdf,Creative Commons Public Domain Mark 1.0,SAMPLE_VISUALLY_GOOD,data/scan_sources.csv
2040,025,ARCHIVED_DIRECT_REGISTRY_MAPPING,Patrologia_Graeca_Vol._031.pdf,Zual/TLG_libre_scans,scans/volumes/pg31-basilius,scans/volumes/pg31-basilius/pg31-original-image-only.pdf,Creative Commons Public Domain Mark 1.0,SAMPLE_VISUALLY_GOOD,data/scan_sources.csv
2040,026,ARCHIVED_DIRECT_REGISTRY_MAPPING,Patrologia_Graeca_Vol._031.pdf,Zual/TLG_libre_scans,scans/volumes/pg31-basilius,scans/volumes/pg31-basilius/pg31-original-image-only.pdf,Creative Commons Public Domain Mark 1.0,SAMPLE_VISUALLY_GOOD,data/scan_sources.csv
2040,027,ARCHIVED_DIRECT_REGISTRY_MAPPING,Patrologia_Graeca_Vol._031.pdf,Zual/TLG_libre_scans,scans/volumes/pg31-basilius,scans/volumes/pg31-basilius/pg31-original-image-only.pdf,Creative Commons Public Domain Mark 1.0,SAMPLE_VISUALLY_GOOD,data/scan_sources.csv
2040,028,ARCHIVED_DIRECT_REGISTRY_MAPPING,Patrologia_Graeca_Vol._031.pdf,Zual/TLG_libre_scans,scans/volumes/pg31-basilius,scans/volumes/pg31-basilius/pg31-original-image-only.pdf,Creative Commons Public Domain Mark 1.0,SAMPLE_VISUALLY_GOOD,data/scan_sources.csv
2040,029,ARCHIVED_DIRECT_REGISTRY_MAPPING,Patrologia_Graeca_Vol._031.pdf,Zual/TLG_libre_scans,scans/volumes/pg31-basilius,scans/volumes/pg31-basilius/pg31-original-image-only.pdf,Creative Commons Public Domain Mark 1.0,SAMPLE_VISUALLY_GOOD,data/scan_sources.csv
2040,030,ARCHIVED_DIRECT_REGISTRY_MAPPING,Patrologia_Graeca_Vol._031.pdf,Zual/TLG_libre_scans,scans/volumes/pg31-basilius,scans/volumes/pg31-basilius/pg31-original-image-only.pdf,Creative Commons Public Domain Mark 1.0,SAMPLE_VISUALLY_GOOD,data/scan_sources.csv
2040,031,ARCHIVED_DIRECT_REGISTRY_MAPPING,Patrologia_Graeca_Vol._031.pdf,Zual/TLG_libre_scans,scans/volumes/pg31-basilius,scans/volumes/pg31-basilius/pg31-original-image-only.pdf,Creative Commons Public Domain Mark 1.0,SAMPLE_VISUALLY_GOOD,data/scan_sources.csv
2040,032,ARCHIVED_DIRECT_REGISTRY_MAPPING,Patrologia_Graeca_Vol._031.pdf,Zual/TLG_libre_scans,scans/volumes/pg31-basilius,scans/volumes/pg31-basilius/pg31-original-image-only.pdf,Creative Commons Public Domain Mark 1.0,SAMPLE_VISUALLY_GOOD,data/scan_sources.csv
2040,033,ARCHIVED_DIRECT_REGISTRY_MAPPING,Patrologia_Graeca_Vol._031.pdf,Zual/TLG_libre_scans,scans/volumes/pg31-basilius,scans/volumes/pg31-basilius/pg31-original-image-only.pdf,Creative Commons Public Domain Mark 1.0,SAMPLE_VISUALLY_GOOD,data/scan_sources.csv
2040,034,ARCHIVED_DIRECT_REGISTRY_MAPPING,Patrologia_Graeca_Vol._031.pdf,Zual/TLG_libre_scans,scans/volumes/pg31-basilius,scans/volumes/pg31-basilius/pg31-original-image-only.pdf,Creative Commons Public Domain Mark 1.0,SAMPLE_VISUALLY_GOOD,data/scan_sources.csv
2040,035,ARCHIVED_DIRECT_REGISTRY_MAPPING,Patrologia_Graeca_Vol._031.pdf,Zual/TLG_libre_scans,scans/volumes/pg31-basilius,scans/volumes/pg31-basilius/pg31-original-image-only.pdf,Creative Commons Public Domain Mark 1.0,SAMPLE_VISUALLY_GOOD,data/scan_sources.csv
2040,036,ARCHIVED_DIRECT_REGISTRY_MAPPING,Patrologia_Graeca_Vol._031.pdf,Zual/TLG_libre_scans,scans/volumes/pg31-basilius,scans/volumes/pg31-basilius/pg31-original-image-only.pdf,Creative Commons Public Domain Mark 1.0,SAMPLE_VISUALLY_GOOD,data/scan_sources.csv
2040,037,ARCHIVED_DIRECT_REGISTRY_MAPPING,Patrologia_Graeca_Vol._031.pdf,Zual/TLG_libre_scans,scans/volumes/pg31-basilius,scans/volumes/pg31-basilius/pg31-original-image-only.pdf,Creative Commons Public Domain Mark 1.0,SAMPLE_VISUALLY_GOOD,data/scan_sources.csv
2040,038,ARCHIVED_DIRECT_REGISTRY_MAPPING,Patrologia_Graeca_Vol._031.pdf,Zual/TLG_libre_scans,scans/volumes/pg31-basilius,scans/volumes/pg31-basilius/pg31-original-image-only.pdf,Creative Commons Public Domain Mark 1.0,SAMPLE_VISUALLY_GOOD,data/scan_sources.csv
2040,039,ARCHIVED_DIRECT_REGISTRY_MAPPING,Patrologia_Graeca_Vol._031.pdf,Zual/TLG_libre_scans,scans/volumes/pg31-basilius,scans/volumes/pg31-basilius/pg31-original-image-only.pdf,Creative Commons Public Domain Mark 1.0,SAMPLE_VISUALLY_GOOD,data/scan_sources.csv
2040,040,ARCHIVED_DIRECT_REGISTRY_MAPPING,Patrologia_Graeca_Vol._031.pdf,Zual/TLG_libre_scans,scans/volumes/pg31-basilius,scans/volumes/pg31-basilius/pg31-original-image-only.pdf,Creative Commons Public Domain Mark 1.0,SAMPLE_VISUALLY_GOOD,data/scan_sources.csv
2040,041,ARCHIVED_DIRECT_REGISTRY_MAPPING,Patrologia_Graeca_Vol._031.pdf,Zual/TLG_libre_scans,scans/volumes/pg31-basilius,scans/volumes/pg31-basilius/pg31-original-image-only.pdf,Creative Commons Public Domain Mark 1.0,SAMPLE_VISUALLY_GOOD,data/scan_sources.csv
2040,042,ARCHIVED_DIRECT_REGISTRY_MAPPING,Patrologia_Graeca_Vol._031.pdf,Zual/TLG_libre_scans,scans/volumes/pg31-basilius,scans/volumes/pg31-basilius/pg31-original-image-only.pdf,Creative Commons Public Domain Mark 1.0,SAMPLE_VISUALLY_GOOD,data/scan_sources.csv
2040,043,ARCHIVED_DIRECT_REGISTRY_MAPPING,Patrologia_Graeca_Vol._031.pdf,Zual/TLG_libre_scans,scans/volumes/pg31-basilius,scans/volumes/pg31-basilius/pg31-original-image-only.pdf,Creative Commons Public Domain Mark 1.0,SAMPLE_VISUALLY_GOOD,data/scan_sources.csv
2040,044,ARCHIVED_DIRECT_REGISTRY_MAPPING,Patrologia_Graeca_Vol._031.pdf,Zual/TLG_libre_scans,scans/volumes/pg31-basilius,scans/volumes/pg31-basilius/pg31-original-image-only.pdf,Creative Commons Public Domain Mark 1.0,SAMPLE_VISUALLY_GOOD,data/scan_sources.csv
2040,045,ARCHIVED_DIRECT_REGISTRY_MAPPING,Patrologia_Graeca_Vol._031.pdf,Zual/TLG_libre_scans,scans/volumes/pg31-basilius,scans/volumes/pg31-basilius/pg31-original-image-only.pdf,Creative Commons Public Domain Mark 1.0,SAMPLE_VISUALLY_GOOD,data/scan_sources.csv
2040,046,ARCHIVED_DIRECT_REGISTRY_MAPPING,Patrologia_Graeca_Vol._031.pdf,Zual/TLG_libre_scans,scans/volumes/pg31-basilius,scans/volumes/pg31-basilius/pg31-original-image-only.pdf,Creative Commons Public Domain Mark 1.0,SAMPLE_VISUALLY_GOOD,data/scan_sources.csv
2040,047,ARCHIVED_DIRECT_REGISTRY_MAPPING,Patrologia_Graeca_Vol._031.pdf,Zual/TLG_libre_scans,scans/volumes/pg31-basilius,scans/volumes/pg31-basilius/pg31-original-image-only.pdf,Creative Commons Public Domain Mark 1.0,SAMPLE_VISUALLY_GOOD,data/scan_sources.csv
2040,048,ARCHIVED_DIRECT_REGISTRY_MAPPING,Patrologia_Graeca_Vol._031.pdf,Zual/TLG_libre_scans,scans/volumes/pg31-basilius,scans/volumes/pg31-basilius/pg31-original-image-only.pdf,Creative Commons Public Domain Mark 1.0,SAMPLE_VISUALLY_GOOD,data/scan_sources.csv
2040,049,ARCHIVED_DIRECT_REGISTRY_MAPPING,Patrologia_Graeca_Vol._031.pdf,Zual/TLG_libre_scans,scans/volumes/pg31-basilius,scans/volumes/pg31-basilius/pg31-original-image-only.pdf,Creative Commons Public Domain Mark 1.0,SAMPLE_VISUALLY_GOOD,data/scan_sources.csv
2040,050,ARCHIVED_DIRECT_REGISTRY_MAPPING,Patrologia_Graeca_Vol._031.pdf,Zual/TLG_libre_scans,scans/volumes/pg31-basilius,scans/volumes/pg31-basilius/pg31-original-image-only.pdf,Creative Commons Public Domain Mark 1.0,SAMPLE_VISUALLY_GOOD,data/scan_sources.csv
2040,051,ARCHIVED_DIRECT_REGISTRY_MAPPING,Patrologia_Graeca_Vol._031.pdf,Zual/TLG_libre_scans,scans/volumes/pg31-basilius,scans/volumes/pg31-basilius/pg31-original-image-only.pdf,Creative Commons Public Domain Mark 1.0,SAMPLE_VISUALLY_GOOD,data/scan_sources.csv
2040,052,ARCHIVED_DIRECT_REGISTRY_MAPPING,Patrologia_Graeca_Vol._031.pdf,Zual/TLG_libre_scans,scans/volumes/pg31-basilius,scans/volumes/pg31-basilius/pg31-original-image-only.pdf,Creative Commons Public Domain Mark 1.0,SAMPLE_VISUALLY_GOOD,data/scan_sources.csv
2040,057,ARCHIVED_DIRECT_REGISTRY_MAPPING,Patrologia_Graeca_Vol._031.pdf,Zual/TLG_libre_scans,scans/volumes/pg31-basilius,scans/volumes/pg31-basilius/pg31-original-image-only.pdf,Creative Commons Public Domain Mark 1.0,SAMPLE_VISUALLY_GOOD,data/scan_sources.csv
2040,058,ARCHIVED_DIRECT_REGISTRY_MAPPING,Patrologia_Graeca_Vol._031.pdf,Zual/TLG_libre_scans,scans/volumes/pg31-basilius,scans/volumes/pg31-basilius/pg31-original-image-only.pdf,Creative Commons Public Domain Mark 1.0,SAMPLE_VISUALLY_GOOD,data/scan_sources.csv
2040,059,ARCHIVED_DIRECT_REGISTRY_MAPPING,Patrologia_Graeca_Vol._031.pdf,Zual/TLG_libre_scans,scans/volumes/pg31-basilius,scans/volumes/pg31-basilius/pg31-original-image-only.pdf,Creative Commons Public Domain Mark 1.0,SAMPLE_VISUALLY_GOOD,data/scan_sources.csv
2040,060,ARCHIVED_DIRECT_REGISTRY_MAPPING,Patrologia_Graeca_Vol._031.pdf,Zual/TLG_libre_scans,scans/volumes/pg31-basilius,scans/volumes/pg31-basilius/pg31-original-image-only.pdf,Creative Commons Public Domain Mark 1.0,SAMPLE_VISUALLY_GOOD,data/scan_sources.csv
2040,061,ARCHIVED_DIRECT_REGISTRY_MAPPING,Patrologia_Graeca_Vol._031.pdf,Zual/TLG_libre_scans,scans/volumes/pg31-basilius,scans/volumes/pg31-basilius/pg31-original-image-only.pdf,Creative Commons Public Domain Mark 1.0,SAMPLE_VISUALLY_GOOD,data/scan_sources.csv
2040,062,ARCHIVED_DIRECT_REGISTRY_MAPPING,Patrologia_Graeca_Vol._031.pdf,Zual/TLG_libre_scans,scans/volumes/pg31-basilius,scans/volumes/pg31-basilius/pg31-original-image-only.pdf,Creative Commons Public Domain Mark 1.0,SAMPLE_VISUALLY_GOOD,data/scan_sources.csv
2040,063,ARCHIVED_DIRECT_REGISTRY_MAPPING,Patrologia_Graeca_Vol._031.pdf,Zual/TLG_libre_scans,scans/volumes/pg31-basilius,scans/volumes/pg31-basilius/pg31-original-image-only.pdf,Creative Commons Public Domain Mark 1.0,SAMPLE_VISUALLY_GOOD,data/scan_sources.csv
2040,064,ARCHIVED_DIRECT_REGISTRY_MAPPING,Patrologia_Graeca_Vol._031.pdf,Zual/TLG_libre_scans,scans/volumes/pg31-basilius,scans/volumes/pg31-basilius/pg31-original-image-only.pdf,Creative Commons Public Domain Mark 1.0,SAMPLE_VISUALLY_GOOD,data/scan_sources.csv
2040,065,ARCHIVED_DIRECT_REGISTRY_MAPPING,Patrologia_Graeca_Vol._031.pdf,Zual/TLG_libre_scans,scans/volumes/pg31-basilius,scans/volumes/pg31-basilius/pg31-original-image-only.pdf,Creative Commons Public Domain Mark 1.0,SAMPLE_VISUALLY_GOOD,data/scan_sources.csv
2040,066,ARCHIVED_DIRECT_REGISTRY_MAPPING,Patrologia_Graeca_Vol._031.pdf,Zual/TLG_libre_scans,scans/volumes/pg31-basilius,scans/volumes/pg31-basilius/pg31-original-image-only.pdf,Creative Commons Public Domain Mark 1.0,SAMPLE_VISUALLY_GOOD,data/scan_sources.csv
2040,067,ARCHIVED_DIRECT_REGISTRY_MAPPING,Patrologia_Graeca_Vol._031.pdf,Zual/TLG_libre_scans,scans/volumes/pg31-basilius,scans/volumes/pg31-basilius/pg31-original-image-only.pdf,Creative Commons Public Domain Mark 1.0,SAMPLE_VISUALLY_GOOD,data/scan_sources.csv
2040,068,ARCHIVED_DIRECT_REGISTRY_MAPPING,Patrologia_Graeca_Vol._031.pdf,Zual/TLG_libre_scans,scans/volumes/pg31-basilius,scans/volumes/pg31-basilius/pg31-original-image-only.pdf,Creative Commons Public Domain Mark 1.0,SAMPLE_VISUALLY_GOOD,data/scan_sources.csv
2040,069,ARCHIVED_DIRECT_REGISTRY_MAPPING,Patrologia_Graeca_Vol._031.pdf,Zual/TLG_libre_scans,scans/volumes/pg31-basilius,scans/volumes/pg31-basilius/pg31-original-image-only.pdf,Creative Commons Public Domain Mark 1.0,SAMPLE_VISUALLY_GOOD,data/scan_sources.csv
2040,070,ARCHIVED_DIRECT_REGISTRY_MAPPING,Patrologia_Graeca_Vol._031.pdf,Zual/TLG_libre_scans,scans/volumes/pg31-basilius,scans/volumes/pg31-basilius/pg31-original-image-only.pdf,Creative Commons Public Domain Mark 1.0,SAMPLE_VISUALLY_GOOD,data/scan_sources.csv
2040,071,ARCHIVED_DIRECT_REGISTRY_MAPPING,Patrologia_Graeca_Vol._031.pdf,Zual/TLG_libre_scans,scans/volumes/pg31-basilius,scans/volumes/pg31-basilius/pg31-original-image-only.pdf,Creative Commons Public Domain Mark 1.0,SAMPLE_VISUALLY_GOOD,data/scan_sources.csv
2040,073,ARCHIVED_DIRECT_REGISTRY_MAPPING,Patrologia_Graeca_Vol._031.pdf,Zual/TLG_libre_scans,scans/volumes/pg31-basilius,scans/volumes/pg31-basilius/pg31-original-image-only.pdf,Creative Commons Public Domain Mark 1.0,SAMPLE_VISUALLY_GOOD,data/scan_sources.csv
2040,074,ARCHIVED_DIRECT_REGISTRY_MAPPING,Patrologia_Graeca_Vol._031.pdf,Zual/TLG_libre_scans,scans/volumes/pg31-basilius,scans/volumes/pg31-basilius/pg31-original-image-only.pdf,Creative Commons Public Domain Mark 1.0,SAMPLE_VISUALLY_GOOD,data/scan_sources.csv
2062,034,READY_REPORT_EXACT_MAPPING,Patrologia_Graeca_Vol._050.djvu,Zual/TLG_libre_scans,scans/volumes/pg50-chrysostom,scans/volumes/pg50-chrysostom/pg50-targeted-pages-012-419.djvu,Creative Commons Public Domain Mark 1.0,SAMPLE_VISUALLY_GOOD,data/research_batches/scan_validation_pg50_chrysostom.md
2062,035,READY_REPORT_EXACT_MAPPING,Patrologia_Graeca_Vol._050.djvu,Zual/TLG_libre_scans,scans/volumes/pg50-chrysostom,scans/volumes/pg50-chrysostom/pg50-targeted-pages-012-419.djvu,Creative Commons Public Domain Mark 1.0,SAMPLE_VISUALLY_GOOD,data/research_batches/scan_validation_pg50_chrysostom.md
2062,036,READY_REPORT_EXACT_MAPPING,Patrologia_Graeca_Vol._050.djvu,Zual/TLG_libre_scans,scans/volumes/pg50-chrysostom,scans/volumes/pg50-chrysostom/pg50-targeted-pages-012-419.djvu,Creative Commons Public Domain Mark 1.0,SAMPLE_VISUALLY_GOOD,data/research_batches/scan_validation_pg50_chrysostom.md
2062,037,READY_REPORT_EXACT_MAPPING,Patrologia_Graeca_Vol._050.djvu,Zual/TLG_libre_scans,scans/volumes/pg50-chrysostom,scans/volumes/pg50-chrysostom/pg50-targeted-pages-012-419.djvu,Creative Commons Public Domain Mark 1.0,SAMPLE_VISUALLY_GOOD,data/research_batches/scan_validation_pg50_chrysostom.md
2062,039,READY_REPORT_EXACT_MAPPING,Patrologia_Graeca_Vol._050.djvu,Zual/TLG_libre_scans,scans/volumes/pg50-chrysostom,scans/volumes/pg50-chrysostom/pg50-targeted-pages-012-419.djvu,Creative Commons Public Domain Mark 1.0,SAMPLE_VISUALLY_GOOD,data/research_batches/scan_validation_pg50_chrysostom.md
2062,040,READY_REPORT_EXACT_MAPPING,Patrologia_Graeca_Vol._050.djvu,Zual/TLG_libre_scans,scans/volumes/pg50-chrysostom,scans/volumes/pg50-chrysostom/pg50-targeted-pages-012-419.djvu,Creative Commons Public Domain Mark 1.0,SAMPLE_VISUALLY_GOOD,data/research_batches/scan_validation_pg50_chrysostom.md
2062,041,READY_REPORT_EXACT_MAPPING,Patrologia_Graeca_Vol._050.djvu,Zual/TLG_libre_scans,scans/volumes/pg50-chrysostom,scans/volumes/pg50-chrysostom/pg50-targeted-pages-012-419.djvu,Creative Commons Public Domain Mark 1.0,SAMPLE_VISUALLY_GOOD,data/research_batches/scan_validation_pg50_chrysostom.md
2062,042,READY_REPORT_EXACT_MAPPING,Patrologia_Graeca_Vol._050.djvu,Zual/TLG_libre_scans,scans/volumes/pg50-chrysostom,scans/volumes/pg50-chrysostom/pg50-targeted-pages-012-419.djvu,Creative Commons Public Domain Mark 1.0,SAMPLE_VISUALLY_GOOD,data/research_batches/scan_validation_pg50_chrysostom.md
2062,043,READY_REPORT_EXACT_MAPPING,Patrologia_Graeca_Vol._050.djvu,Zual/TLG_libre_scans,scans/volumes/pg50-chrysostom,scans/volumes/pg50-chrysostom/pg50-targeted-pages-012-419.djvu,Creative Commons Public Domain Mark 1.0,SAMPLE_VISUALLY_GOOD,data/research_batches/scan_validation_pg50_chrysostom.md
2062,044,READY_REPORT_EXACT_MAPPING,Patrologia_Graeca_Vol._050.djvu,Zual/TLG_libre_scans,scans/volumes/pg50-chrysostom,scans/volumes/pg50-chrysostom/pg50-targeted-pages-012-419.djvu,Creative Commons Public Domain Mark 1.0,SAMPLE_VISUALLY_GOOD,data/research_batches/scan_validation_pg50_chrysostom.md
2062,045,READY_REPORT_EXACT_MAPPING,Patrologia_Graeca_Vol._050.djvu,Zual/TLG_libre_scans,scans/volumes/pg50-chrysostom,scans/volumes/pg50-chrysostom/pg50-targeted-pages-012-419.djvu,Creative Commons Public Domain Mark 1.0,SAMPLE_VISUALLY_GOOD,data/research_batches/scan_validation_pg50_chrysostom.md
2062,046,READY_REPORT_EXACT_MAPPING,Patrologia_Graeca_Vol._050.djvu,Zual/TLG_libre_scans,scans/volumes/pg50-chrysostom,scans/volumes/pg50-chrysostom/pg50-targeted-pages-012-419.djvu,Creative Commons Public Domain Mark 1.0,SAMPLE_VISUALLY_GOOD,data/research_batches/scan_validation_pg50_chrysostom.md
2062,047,READY_REPORT_EXACT_MAPPING,Patrologia_Graeca_Vol._050.djvu,Zual/TLG_libre_scans,scans/volumes/pg50-chrysostom,scans/volumes/pg50-chrysostom/pg50-targeted-pages-012-419.djvu,Creative Commons Public Domain Mark 1.0,SAMPLE_VISUALLY_GOOD,data/research_batches/scan_validation_pg50_chrysostom.md
2062,048,READY_REPORT_EXACT_MAPPING,Patrologia_Graeca_Vol._050.djvu,Zual/TLG_libre_scans,scans/volumes/pg50-chrysostom,scans/volumes/pg50-chrysostom/pg50-targeted-pages-012-419.djvu,Creative Commons Public Domain Mark 1.0,SAMPLE_VISUALLY_GOOD,data/research_batches/scan_validation_pg50_chrysostom.md
2062,049,READY_REPORT_EXACT_MAPPING,Patrologia_Graeca_Vol._050.djvu,Zual/TLG_libre_scans,scans/volumes/pg50-chrysostom,scans/volumes/pg50-chrysostom/pg50-targeted-pages-012-419.djvu,Creative Commons Public Domain Mark 1.0,SAMPLE_VISUALLY_GOOD,data/research_batches/scan_validation_pg50_chrysostom.md
2062,050,READY_REPORT_EXACT_MAPPING,Patrologia_Graeca_Vol._050.djvu,Zual/TLG_libre_scans,scans/volumes/pg50-chrysostom,scans/volumes/pg50-chrysostom/pg50-targeted-pages-012-419.djvu,Creative Commons Public Domain Mark 1.0,SAMPLE_VISUALLY_GOOD,data/research_batches/scan_validation_pg50_chrysostom.md
2062,051,READY_REPORT_EXACT_MAPPING,Patrologia_Graeca_Vol._050.djvu,Zual/TLG_libre_scans,scans/volumes/pg50-chrysostom,scans/volumes/pg50-chrysostom/pg50-targeted-pages-012-419.djvu,Creative Commons Public Domain Mark 1.0,SAMPLE_VISUALLY_GOOD,data/research_batches/scan_validation_pg50_chrysostom.md
2062,052,READY_REPORT_EXACT_MAPPING,Patrologia_Graeca_Vol._050.djvu,Zual/TLG_libre_scans,scans/volumes/pg50-chrysostom,scans/volumes/pg50-chrysostom/pg50-targeted-pages-012-419.djvu,Creative Commons Public Domain Mark 1.0,SAMPLE_VISUALLY_GOOD,data/research_batches/scan_validation_pg50_chrysostom.md
2062,053,READY_REPORT_EXACT_MAPPING,Patrologia_Graeca_Vol._050.djvu,Zual/TLG_libre_scans,scans/volumes/pg50-chrysostom,scans/volumes/pg50-chrysostom/pg50-targeted-pages-012-419.djvu,Creative Commons Public Domain Mark 1.0,SAMPLE_VISUALLY_GOOD,data/research_batches/scan_validation_pg50_chrysostom.md
2062,054,READY_REPORT_EXACT_MAPPING,Patrologia_Graeca_Vol._050.djvu,Zual/TLG_libre_scans,scans/volumes/pg50-chrysostom,scans/volumes/pg50-chrysostom/pg50-targeted-pages-012-419.djvu,Creative Commons Public Domain Mark 1.0,SAMPLE_VISUALLY_GOOD,data/research_batches/scan_validation_pg50_chrysostom.md
2062,055,READY_REPORT_EXACT_MAPPING,Patrologia_Graeca_Vol._050.djvu,Zual/TLG_libre_scans,scans/volumes/pg50-chrysostom,scans/volumes/pg50-chrysostom/pg50-targeted-pages-012-419.djvu,Creative Commons Public Domain Mark 1.0,SAMPLE_VISUALLY_GOOD,data/research_batches/scan_validation_pg50_chrysostom.md
2062,056,READY_REPORT_EXACT_MAPPING,Patrologia_Graeca_Vol._050.djvu,Zual/TLG_libre_scans,scans/volumes/pg50-chrysostom,scans/volumes/pg50-chrysostom/pg50-targeted-pages-012-419.djvu,Creative Commons Public Domain Mark 1.0,SAMPLE_VISUALLY_GOOD,data/research_batches/scan_validation_pg50_chrysostom.md
2062,057,READY_REPORT_EXACT_MAPPING,Patrologia_Graeca_Vol._050.djvu,Zual/TLG_libre_scans,scans/volumes/pg50-chrysostom,scans/volumes/pg50-chrysostom/pg50-targeted-pages-012-419.djvu,Creative Commons Public Domain Mark 1.0,SAMPLE_VISUALLY_GOOD,data/research_batches/scan_validation_pg50_chrysostom.md
2062,058,READY_REPORT_EXACT_MAPPING,Patrologia_Graeca_Vol._050.djvu,Zual/TLG_libre_scans,scans/volumes/pg50-chrysostom,scans/volumes/pg50-chrysostom/pg50-targeted-pages-012-419.djvu,Creative Commons Public Domain Mark 1.0,SAMPLE_VISUALLY_GOOD,data/research_batches/scan_validation_pg50_chrysostom.md
2062,059,READY_REPORT_EXACT_MAPPING,Patrologia_Graeca_Vol._050.djvu,Zual/TLG_libre_scans,scans/volumes/pg50-chrysostom,scans/volumes/pg50-chrysostom/pg50-targeted-pages-012-419.djvu,Creative Commons Public Domain Mark 1.0,SAMPLE_VISUALLY_GOOD,data/research_batches/scan_validation_pg50_chrysostom.md
2062,060,READY_REPORT_EXACT_MAPPING,Patrologia_Graeca_Vol._050.djvu,Zual/TLG_libre_scans,scans/volumes/pg50-chrysostom,scans/volumes/pg50-chrysostom/pg50-targeted-pages-012-419.djvu,Creative Commons Public Domain Mark 1.0,SAMPLE_VISUALLY_GOOD,data/research_batches/scan_validation_pg50_chrysostom.md
2062,061,READY_REPORT_EXACT_MAPPING,Patrologia_Graeca_Vol._051.pdf,Zual/TLG_libre_scans,scans/volumes/pg51-chrysostom,webdataset/volumes--pg51-chrysostom--e395ee823768.tar,Creative Commons Public Domain Mark 1.0,SAMPLE_VISUALLY_GOOD,data/research_batches/scan_validation_pg51_chrysostom.md
2062,062,READY_REPORT_EXACT_MAPPING,Patrologia_Graeca_Vol._051.pdf,Zual/TLG_libre_scans,scans/volumes/pg51-chrysostom,webdataset/volumes--pg51-chrysostom--e395ee823768.tar,Creative Commons Public Domain Mark 1.0,SAMPLE_VISUALLY_GOOD,data/research_batches/scan_validation_pg51_chrysostom.md
2062,063,READY_REPORT_EXACT_MAPPING,Patrologia_Graeca_Vol._051.pdf,Zual/TLG_libre_scans,scans/volumes/pg51-chrysostom,webdataset/volumes--pg51-chrysostom--e395ee823768.tar,Creative Commons Public Domain Mark 1.0,SAMPLE_VISUALLY_GOOD,data/research_batches/scan_validation_pg51_chrysostom.md
2062,064,READY_REPORT_EXACT_MAPPING,Patrologia_Graeca_Vol._051.pdf,Zual/TLG_libre_scans,scans/volumes/pg51-chrysostom,webdataset/volumes--pg51-chrysostom--e395ee823768.tar,Creative Commons Public Domain Mark 1.0,SAMPLE_VISUALLY_GOOD,data/research_batches/scan_validation_pg51_chrysostom.md
2062,065,READY_REPORT_EXACT_MAPPING,Patrologia_Graeca_Vol._051.pdf,Zual/TLG_libre_scans,scans/volumes/pg51-chrysostom,webdataset/volumes--pg51-chrysostom--e395ee823768.tar,Creative Commons Public Domain Mark 1.0,SAMPLE_VISUALLY_GOOD,data/research_batches/scan_validation_pg51_chrysostom.md
2062,066,READY_REPORT_EXACT_MAPPING,Patrologia_Graeca_Vol._051.pdf,Zual/TLG_libre_scans,scans/volumes/pg51-chrysostom,webdataset/volumes--pg51-chrysostom--e395ee823768.tar,Creative Commons Public Domain Mark 1.0,SAMPLE_VISUALLY_GOOD,data/research_batches/scan_validation_pg51_chrysostom.md
2062,067,READY_REPORT_EXACT_MAPPING,Patrologia_Graeca_Vol._051.pdf,Zual/TLG_libre_scans,scans/volumes/pg51-chrysostom,webdataset/volumes--pg51-chrysostom--e395ee823768.tar,Creative Commons Public Domain Mark 1.0,SAMPLE_VISUALLY_GOOD,data/research_batches/scan_validation_pg51_chrysostom.md
2062,068,READY_REPORT_EXACT_MAPPING,Patrologia_Graeca_Vol._051.pdf,Zual/TLG_libre_scans,scans/volumes/pg51-chrysostom,webdataset/volumes--pg51-chrysostom--e395ee823768.tar,Creative Commons Public Domain Mark 1.0,SAMPLE_VISUALLY_GOOD,data/research_batches/scan_validation_pg51_chrysostom.md
2062,069,READY_REPORT_EXACT_MAPPING,Patrologia_Graeca_Vol._051.pdf,Zual/TLG_libre_scans,scans/volumes/pg51-chrysostom,webdataset/volumes--pg51-chrysostom--e395ee823768.tar,Creative Commons Public Domain Mark 1.0,SAMPLE_VISUALLY_GOOD,data/research_batches/scan_validation_pg51_chrysostom.md
2062,070,READY_REPORT_EXACT_MAPPING,Patrologia_Graeca_Vol._051.pdf,Zual/TLG_libre_scans,scans/volumes/pg51-chrysostom,webdataset/volumes--pg51-chrysostom--e395ee823768.tar,Creative Commons Public Domain Mark 1.0,SAMPLE_VISUALLY_GOOD,data/research_batches/scan_validation_pg51_chrysostom.md
2062,071,READY_REPORT_EXACT_MAPPING,Patrologia_Graeca_Vol._051.pdf,Zual/TLG_libre_scans,scans/volumes/pg51-chrysostom,webdataset/volumes--pg51-chrysostom--e395ee823768.tar,Creative Commons Public Domain Mark 1.0,SAMPLE_VISUALLY_GOOD,data/research_batches/scan_validation_pg51_chrysostom.md
2062,072,READY_REPORT_EXACT_MAPPING,Patrologia_Graeca_Vol._051.pdf,Zual/TLG_libre_scans,scans/volumes/pg51-chrysostom,webdataset/volumes--pg51-chrysostom--e395ee823768.tar,Creative Commons Public Domain Mark 1.0,SAMPLE_VISUALLY_GOOD,data/research_batches/scan_validation_pg51_chrysostom.md
2062,073,READY_REPORT_EXACT_MAPPING,Patrologia_Graeca_Vol._051.pdf,Zual/TLG_libre_scans,scans/volumes/pg51-chrysostom,webdataset/volumes--pg51-chrysostom--e395ee823768.tar,Creative Commons Public Domain Mark 1.0,SAMPLE_VISUALLY_GOOD,data/research_batches/scan_validation_pg51_chrysostom.md
2062,074,READY_REPORT_EXACT_MAPPING,Patrologia_Graeca_Vol._051.pdf,Zual/TLG_libre_scans,scans/volumes/pg51-chrysostom,webdataset/volumes--pg51-chrysostom--e395ee823768.tar,Creative Commons Public Domain Mark 1.0,SAMPLE_VISUALLY_GOOD,data/research_batches/scan_validation_pg51_chrysostom.md
2062,075,READY_REPORT_EXACT_MAPPING,Patrologia_Graeca_Vol._051.pdf,Zual/TLG_libre_scans,scans/volumes/pg51-chrysostom,webdataset/volumes--pg51-chrysostom--e395ee823768.tar,Creative Commons Public Domain Mark 1.0,SAMPLE_VISUALLY_GOOD,data/research_batches/scan_validation_pg51_chrysostom.md
2062,076,READY_REPORT_EXACT_MAPPING,Patrologia_Graeca_Vol._051.pdf,Zual/TLG_libre_scans,scans/volumes/pg51-chrysostom,webdataset/volumes--pg51-chrysostom--e395ee823768.tar,Creative Commons Public Domain Mark 1.0,SAMPLE_VISUALLY_GOOD,data/research_batches/scan_validation_pg51_chrysostom.md
2062,077,READY_REPORT_EXACT_MAPPING,Patrologia_Graeca_Vol._051.pdf,Zual/TLG_libre_scans,scans/volumes/pg51-chrysostom,webdataset/volumes--pg51-chrysostom--e395ee823768.tar,Creative Commons Public Domain Mark 1.0,SAMPLE_VISUALLY_GOOD,data/research_batches/scan_validation_pg51_chrysostom.md
2062,078,READY_REPORT_EXACT_MAPPING,Patrologia_Graeca_Vol._051.pdf,Zual/TLG_libre_scans,scans/volumes/pg51-chrysostom,webdataset/volumes--pg51-chrysostom--e395ee823768.tar,Creative Commons Public Domain Mark 1.0,SAMPLE_VISUALLY_GOOD,data/research_batches/scan_validation_pg51_chrysostom.md
2062,079,READY_REPORT_EXACT_MAPPING,Patrologia_Graeca_Vol._051.pdf,Zual/TLG_libre_scans,scans/volumes/pg51-chrysostom,webdataset/volumes--pg51-chrysostom--e395ee823768.tar,Creative Commons Public Domain Mark 1.0,SAMPLE_VISUALLY_GOOD,data/research_batches/scan_validation_pg51_chrysostom.md
2062,080,READY_REPORT_EXACT_MAPPING,Patrologia_Graeca_Vol._051.pdf,Zual/TLG_libre_scans,scans/volumes/pg51-chrysostom,webdataset/volumes--pg51-chrysostom--e395ee823768.tar,Creative Commons Public Domain Mark 1.0,SAMPLE_VISUALLY_GOOD,data/research_batches/scan_validation_pg51_chrysostom.md
2062,081,READY_REPORT_EXACT_MAPPING,Patrologia_Graeca_Vol._051.pdf,Zual/TLG_libre_scans,scans/volumes/pg51-chrysostom,webdataset/volumes--pg51-chrysostom--e395ee823768.tar,Creative Commons Public Domain Mark 1.0,SAMPLE_VISUALLY_GOOD,data/research_batches/scan_validation_pg51_chrysostom.md
2062,082,READY_REPORT_EXACT_MAPPING,Patrologia_Graeca_Vol._051.pdf,Zual/TLG_libre_scans,scans/volumes/pg51-chrysostom,webdataset/volumes--pg51-chrysostom--e395ee823768.tar,Creative Commons Public Domain Mark 1.0,SAMPLE_VISUALLY_GOOD,data/research_batches/scan_validation_pg51_chrysostom.md
2062,083,READY_REPORT_EXACT_MAPPING,Patrologia_Graeca_Vol._051.pdf,Zual/TLG_libre_scans,scans/volumes/pg51-chrysostom,webdataset/volumes--pg51-chrysostom--e395ee823768.tar,Creative Commons Public Domain Mark 1.0,SAMPLE_VISUALLY_GOOD,data/research_batches/scan_validation_pg51_chrysostom.md
2062,084,READY_REPORT_EXACT_MAPPING,Patrologia_Graeca_Vol._051.pdf,Zual/TLG_libre_scans,scans/volumes/pg51-chrysostom,webdataset/volumes--pg51-chrysostom--e395ee823768.tar,Creative Commons Public Domain Mark 1.0,SAMPLE_VISUALLY_GOOD,data/research_batches/scan_validation_pg51_chrysostom.md
2062,089,READY_REPORT_EXACT_MAPPING,Patrologia_Graeca_Vol._052.pdf,Zual/TLG_libre_scans,scans/volumes/pg52-chrysostom,webdataset/volumes--pg52-chrysostom--054ba5a70336.tar,Creative Commons Public Domain Mark 1.0,SAMPLE_VISUALLY_GOOD,data/research_batches/scan_validation_pg52_chrysostom.md
2062,090,READY_REPORT_EXACT_MAPPING,Patrologia_Graeca_Vol._052.pdf,Zual/TLG_libre_scans,scans/volumes/pg52-chrysostom,webdataset/volumes--pg52-chrysostom--054ba5a70336.tar,Creative Commons Public Domain Mark 1.0,SAMPLE_VISUALLY_GOOD,data/research_batches/scan_validation_pg52_chrysostom.md
2062,091,READY_REPORT_EXACT_MAPPING,Patrologia_Graeca_Vol._052.pdf,Zual/TLG_libre_scans,scans/volumes/pg52-chrysostom,webdataset/volumes--pg52-chrysostom--054ba5a70336.tar,Creative Commons Public Domain Mark 1.0,SAMPLE_VISUALLY_GOOD,data/research_batches/scan_validation_pg52_chrysostom.md
2062,092,READY_REPORT_EXACT_MAPPING,Patrologia_Graeca_Vol._052.pdf,Zual/TLG_libre_scans,scans/volumes/pg52-chrysostom,webdataset/volumes--pg52-chrysostom--054ba5a70336.tar,Creative Commons Public Domain Mark 1.0,SAMPLE_VISUALLY_GOOD,data/research_batches/scan_validation_pg52_chrysostom.md
2062,093,READY_REPORT_EXACT_MAPPING,Patrologia_Graeca_Vol._052.pdf,Zual/TLG_libre_scans,scans/volumes/pg52-chrysostom,webdataset/volumes--pg52-chrysostom--054ba5a70336.tar,Creative Commons Public Domain Mark 1.0,SAMPLE_VISUALLY_GOOD,data/research_batches/scan_validation_pg52_chrysostom.md
2062,094,READY_REPORT_EXACT_MAPPING,Patrologia_Graeca_Vol._052.pdf,Zual/TLG_libre_scans,scans/volumes/pg52-chrysostom,webdataset/volumes--pg52-chrysostom--054ba5a70336.tar,Creative Commons Public Domain Mark 1.0,SAMPLE_VISUALLY_GOOD,data/research_batches/scan_validation_pg52_chrysostom.md
2062,095,READY_REPORT_EXACT_MAPPING,Patrologia_Graeca_Vol._052.pdf,Zual/TLG_libre_scans,scans/volumes/pg52-chrysostom,webdataset/volumes--pg52-chrysostom--054ba5a70336.tar,Creative Commons Public Domain Mark 1.0,SAMPLE_VISUALLY_GOOD,data/research_batches/scan_validation_pg52_chrysostom.md
2062,096,READY_REPORT_EXACT_MAPPING,Patrologia_Graeca_Vol._052.pdf,Zual/TLG_libre_scans,scans/volumes/pg52-chrysostom,webdataset/volumes--pg52-chrysostom--054ba5a70336.tar,Creative Commons Public Domain Mark 1.0,SAMPLE_VISUALLY_GOOD,data/research_batches/scan_validation_pg52_chrysostom.md
2062,097,READY_REPORT_EXACT_MAPPING,Patrologia_Graeca_Vol._052.pdf,Zual/TLG_libre_scans,scans/volumes/pg52-chrysostom,webdataset/volumes--pg52-chrysostom--054ba5a70336.tar,Creative Commons Public Domain Mark 1.0,SAMPLE_VISUALLY_GOOD,data/research_batches/scan_validation_pg52_chrysostom.md
2062,098,READY_REPORT_EXACT_MAPPING,Patrologia_Graeca_Vol._052.pdf,Zual/TLG_libre_scans,scans/volumes/pg52-chrysostom,webdataset/volumes--pg52-chrysostom--054ba5a70336.tar,Creative Commons Public Domain Mark 1.0,SAMPLE_VISUALLY_GOOD,data/research_batches/scan_validation_pg52_chrysostom.md
2062,099,READY_REPORT_EXACT_MAPPING,Patrologia_Graeca_Vol._052.pdf,Zual/TLG_libre_scans,scans/volumes/pg52-chrysostom,webdataset/volumes--pg52-chrysostom--054ba5a70336.tar,Creative Commons Public Domain Mark 1.0,SAMPLE_VISUALLY_GOOD,data/research_batches/scan_validation_pg52_chrysostom.md
2062,100,READY_REPORT_EXACT_MAPPING,Patrologia_Graeca_Vol._052.pdf,Zual/TLG_libre_scans,scans/volumes/pg52-chrysostom,webdataset/volumes--pg52-chrysostom--054ba5a70336.tar,Creative Commons Public Domain Mark 1.0,SAMPLE_VISUALLY_GOOD,data/research_batches/scan_validation_pg52_chrysostom.md
2062,101,READY_REPORT_EXACT_MAPPING,Patrologia_Graeca_Vol._052.pdf,Zual/TLG_libre_scans,scans/volumes/pg52-chrysostom,webdataset/volumes--pg52-chrysostom--054ba5a70336.tar,Creative Commons Public Domain Mark 1.0,SAMPLE_VISUALLY_GOOD,data/research_batches/scan_validation_pg52_chrysostom.md
2062,102,READY_REPORT_EXACT_MAPPING,Patrologia_Graeca_Vol._052.pdf,Zual/TLG_libre_scans,scans/volumes/pg52-chrysostom,webdataset/volumes--pg52-chrysostom--054ba5a70336.tar,Creative Commons Public Domain Mark 1.0,SAMPLE_VISUALLY_GOOD,data/research_batches/scan_validation_pg52_chrysostom.md
2062,103,READY_REPORT_EXACT_MAPPING,Patrologia_Graeca_Vol._052.pdf,Zual/TLG_libre_scans,scans/volumes/pg52-chrysostom,webdataset/volumes--pg52-chrysostom--054ba5a70336.tar,Creative Commons Public Domain Mark 1.0,SAMPLE_VISUALLY_GOOD,data/research_batches/scan_validation_pg52_chrysostom.md
2062,104,READY_REPORT_EXACT_MAPPING,Patrologia_Graeca_Vol._052.pdf,Zual/TLG_libre_scans,scans/volumes/pg52-chrysostom,webdataset/volumes--pg52-chrysostom--054ba5a70336.tar,Creative Commons Public Domain Mark 1.0,SAMPLE_VISUALLY_GOOD,data/research_batches/scan_validation_pg52_chrysostom.md
2062,105,READY_REPORT_EXACT_MAPPING,Patrologia_Graeca_Vol._052.pdf,Zual/TLG_libre_scans,scans/volumes/pg52-chrysostom,webdataset/volumes--pg52-chrysostom--054ba5a70336.tar,Creative Commons Public Domain Mark 1.0,SAMPLE_VISUALLY_GOOD,data/research_batches/scan_validation_pg52_chrysostom.md
2062,106,READY_REPORT_EXACT_MAPPING,Patrologia_Graeca_Vol._052.pdf,Zual/TLG_libre_scans,scans/volumes/pg52-chrysostom,webdataset/volumes--pg52-chrysostom--054ba5a70336.tar,Creative Commons Public Domain Mark 1.0,SAMPLE_VISUALLY_GOOD,data/research_batches/scan_validation_pg52_chrysostom.md
2062,107,READY_REPORT_EXACT_MAPPING,Patrologia_Graeca_Vol._052.pdf,Zual/TLG_libre_scans,scans/volumes/pg52-chrysostom,webdataset/volumes--pg52-chrysostom--054ba5a70336.tar,Creative Commons Public Domain Mark 1.0,SAMPLE_VISUALLY_GOOD,data/research_batches/scan_validation_pg52_chrysostom.md
2062,108,READY_REPORT_EXACT_MAPPING,Patrologia_Graeca_Vol._052.pdf,Zual/TLG_libre_scans,scans/volumes/pg52-chrysostom,webdataset/volumes--pg52-chrysostom--054ba5a70336.tar,Creative Commons Public Domain Mark 1.0,SAMPLE_VISUALLY_GOOD,data/research_batches/scan_validation_pg52_chrysostom.md
2062,110,READY_REPORT_EXACT_MAPPING,Patrologia_Graeca_Vol._052.pdf,Zual/TLG_libre_scans,scans/volumes/pg52-chrysostom,webdataset/volumes--pg52-chrysostom--054ba5a70336.tar,Creative Commons Public Domain Mark 1.0,SAMPLE_VISUALLY_GOOD,data/research_batches/scan_validation_pg52_chrysostom.md
2062,111,READY_REPORT_EXACT_MAPPING,Patrologia_Graeca_Vol._052.pdf,Zual/TLG_libre_scans,scans/volumes/pg52-chrysostom,webdataset/volumes--pg52-chrysostom--054ba5a70336.tar,Creative Commons Public Domain Mark 1.0,SAMPLE_VISUALLY_GOOD,data/research_batches/scan_validation_pg52_chrysostom.md
2062,124,READY_REPORT_EXACT_MAPPING,Patrologia_Graeca_Vol._050.djvu,Zual/TLG_libre_scans,scans/volumes/pg50-chrysostom,scans/volumes/pg50-chrysostom/pg50-targeted-pages-012-419.djvu,Creative Commons Public Domain Mark 1.0,SAMPLE_VISUALLY_GOOD,data/research_batches/scan_validation_pg50_chrysostom.md
2062,125,READY_REPORT_EXACT_MAPPING,Patrologia_Graeca_Vol._050.djvu,Zual/TLG_libre_scans,scans/volumes/pg50-chrysostom,scans/volumes/pg50-chrysostom/pg50-targeted-pages-012-419.djvu,Creative Commons Public Domain Mark 1.0,SAMPLE_VISUALLY_GOOD,data/research_batches/scan_validation_pg50_chrysostom.md
2062,126,READY_REPORT_EXACT_MAPPING,Patrologia_Graeca_Vol._050.djvu,Zual/TLG_libre_scans,scans/volumes/pg50-chrysostom,scans/volumes/pg50-chrysostom/pg50-targeted-pages-012-419.djvu,Creative Commons Public Domain Mark 1.0,SAMPLE_VISUALLY_GOOD,data/research_batches/scan_validation_pg50_chrysostom.md
2062,127,READY_REPORT_EXACT_MAPPING,Patrologia_Graeca_Vol._050.djvu,Zual/TLG_libre_scans,scans/volumes/pg50-chrysostom,scans/volumes/pg50-chrysostom/pg50-targeted-pages-012-419.djvu,Creative Commons Public Domain Mark 1.0,SAMPLE_VISUALLY_GOOD,data/research_batches/scan_validation_pg50_chrysostom.md
2062,128,READY_REPORT_EXACT_MAPPING,Patrologia_Graeca_Vol._050.djvu,Zual/TLG_libre_scans,scans/volumes/pg50-chrysostom,scans/volumes/pg50-chrysostom/pg50-targeted-pages-012-419.djvu,Creative Commons Public Domain Mark 1.0,SAMPLE_VISUALLY_GOOD,data/research_batches/scan_validation_pg50_chrysostom.md
2062,129,READY_REPORT_EXACT_MAPPING,Patrologia_Graeca_Vol._050.djvu,Zual/TLG_libre_scans,scans/volumes/pg50-chrysostom,scans/volumes/pg50-chrysostom/pg50-targeted-pages-012-419.djvu,Creative Commons Public Domain Mark 1.0,SAMPLE_VISUALLY_GOOD,data/research_batches/scan_validation_pg50_chrysostom.md
2062,130,READY_REPORT_EXACT_MAPPING,Patrologia_Graeca_Vol._050.djvu,Zual/TLG_libre_scans,scans/volumes/pg50-chrysostom,scans/volumes/pg50-chrysostom/pg50-targeted-pages-012-419.djvu,Creative Commons Public Domain Mark 1.0,SAMPLE_VISUALLY_GOOD,data/research_batches/scan_validation_pg50_chrysostom.md
2062,131,READY_REPORT_EXACT_MAPPING,Patrologia_Graeca_Vol._050.djvu,Zual/TLG_libre_scans,scans/volumes/pg50-chrysostom,scans/volumes/pg50-chrysostom/pg50-targeted-pages-012-419.djvu,Creative Commons Public Domain Mark 1.0,SAMPLE_VISUALLY_GOOD,data/research_batches/scan_validation_pg50_chrysostom.md
2062,132,READY_REPORT_EXACT_MAPPING,Patrologia_Graeca_Vol._050.djvu,Zual/TLG_libre_scans,scans/volumes/pg50-chrysostom,scans/volumes/pg50-chrysostom/pg50-targeted-pages-012-419.djvu,Creative Commons Public Domain Mark 1.0,SAMPLE_VISUALLY_GOOD,data/research_batches/scan_validation_pg50_chrysostom.md
2062,133,READY_REPORT_EXACT_MAPPING,Patrologia_Graeca_Vol._050.djvu,Zual/TLG_libre_scans,scans/volumes/pg50-chrysostom,scans/volumes/pg50-chrysostom/pg50-targeted-pages-012-419.djvu,Creative Commons Public Domain Mark 1.0,SAMPLE_VISUALLY_GOOD,data/research_batches/scan_validation_pg50_chrysostom.md
2062,134,READY_REPORT_EXACT_MAPPING,Patrologia_Graeca_Vol._050.djvu,Zual/TLG_libre_scans,scans/volumes/pg50-chrysostom,scans/volumes/pg50-chrysostom/pg50-targeted-pages-012-419.djvu,Creative Commons Public Domain Mark 1.0,SAMPLE_VISUALLY_GOOD,data/research_batches/scan_validation_pg50_chrysostom.md
2062,135,READY_REPORT_EXACT_MAPPING,Patrologia_Graeca_Vol._050.djvu,Zual/TLG_libre_scans,scans/volumes/pg50-chrysostom,scans/volumes/pg50-chrysostom/pg50-targeted-pages-012-419.djvu,Creative Commons Public Domain Mark 1.0,SAMPLE_VISUALLY_GOOD,data/research_batches/scan_validation_pg50_chrysostom.md
2062,136,READY_REPORT_EXACT_MAPPING,Patrologia_Graeca_Vol._050.djvu,Zual/TLG_libre_scans,scans/volumes/pg50-chrysostom,scans/volumes/pg50-chrysostom/pg50-targeted-pages-012-419.djvu,Creative Commons Public Domain Mark 1.0,SAMPLE_VISUALLY_GOOD,data/research_batches/scan_validation_pg50_chrysostom.md
2062,137,READY_REPORT_EXACT_MAPPING,Patrologia_Graeca_Vol._050.djvu,Zual/TLG_libre_scans,scans/volumes/pg50-chrysostom,scans/volumes/pg50-chrysostom/pg50-targeted-pages-012-419.djvu,Creative Commons Public Domain Mark 1.0,SAMPLE_VISUALLY_GOOD,data/research_batches/scan_validation_pg50_chrysostom.md
2062,138,READY_REPORT_EXACT_MAPPING,Patrologia_Graeca_Vol._050.djvu,Zual/TLG_libre_scans,scans/volumes/pg50-chrysostom,scans/volumes/pg50-chrysostom/pg50-targeted-pages-012-419.djvu,Creative Commons Public Domain Mark 1.0,SAMPLE_VISUALLY_GOOD,data/research_batches/scan_validation_pg50_chrysostom.md
2062,139,READY_REPORT_EXACT_MAPPING,Patrologia_Graeca_Vol._050.djvu,Zual/TLG_libre_scans,scans/volumes/pg50-chrysostom,scans/volumes/pg50-chrysostom/pg50-targeted-pages-012-419.djvu,Creative Commons Public Domain Mark 1.0,SAMPLE_VISUALLY_GOOD,data/research_batches/scan_validation_pg50_chrysostom.md
2062,140,READY_REPORT_EXACT_MAPPING,Patrologia_Graeca_Vol._050.djvu,Zual/TLG_libre_scans,scans/volumes/pg50-chrysostom,scans/volumes/pg50-chrysostom/pg50-targeted-pages-012-419.djvu,Creative Commons Public Domain Mark 1.0,SAMPLE_VISUALLY_GOOD,data/research_batches/scan_validation_pg50_chrysostom.md
2062,141,READY_REPORT_EXACT_MAPPING,Patrologia_Graeca_Vol._051.pdf,Zual/TLG_libre_scans,scans/volumes/pg51-chrysostom,webdataset/volumes--pg51-chrysostom--e395ee823768.tar,Creative Commons Public Domain Mark 1.0,SAMPLE_VISUALLY_GOOD,data/research_batches/scan_validation_pg51_chrysostom.md
2062,142,READY_REPORT_EXACT_MAPPING,Patrologia_Graeca_Vol._052.pdf,Zual/TLG_libre_scans,scans/volumes/pg52-chrysostom,webdataset/volumes--pg52-chrysostom--054ba5a70336.tar,Creative Commons Public Domain Mark 1.0,SAMPLE_VISUALLY_GOOD,data/research_batches/scan_validation_pg52_chrysostom.md
2062,143,READY_REPORT_EXACT_MAPPING,Patrologia_Graeca_Vol._055.pdf,Zual/TLG_libre_scans,scans/volumes/pg55-chrysostom,scans/volumes/pg55-chrysostom/pg55-original-image-only.pdf,Creative Commons Public Domain Mark 1.0,SAMPLE_VISUALLY_GOOD,data/research_batches/scan_validation_pg55_chrysostom.md
2062,144,READY_REPORT_EXACT_MAPPING,Patrologia_Graeca_Vol._055.pdf,Zual/TLG_libre_scans,scans/volumes/pg55-chrysostom,scans/volumes/pg55-chrysostom/pg55-original-image-only.pdf,Creative Commons Public Domain Mark 1.0,SAMPLE_VISUALLY_GOOD,data/research_batches/scan_validation_pg55_chrysostom.md
2062,145,READY_REPORT_EXACT_MAPPING,Patrologia_Graeca_Vol._055.pdf,Zual/TLG_libre_scans,scans/volumes/pg55-chrysostom,scans/volumes/pg55-chrysostom/pg55-original-image-only.pdf,Creative Commons Public Domain Mark 1.0,SAMPLE_VISUALLY_GOOD,data/research_batches/scan_validation_pg55_chrysostom.md
2062,148,READY_REPORT_EXACT_MAPPING,Patrologia_Graeca_Vol._056.pdf,Zual/TLG_libre_scans,scans/volumes/pg56-chrysostom-severianus,scans/volumes/pg56-chrysostom-severianus/pg56-original-image-only.pdf,Creative Commons Public Domain Mark 1.0,SAMPLE_VISUALLY_GOOD,data/research_batches/scan_validation_pg56_chrysostom_severianus.md
2062,149,READY_REPORT_EXACT_MAPPING,Patrologia_Graeca_Vol._056.pdf,Zual/TLG_libre_scans,scans/volumes/pg56-chrysostom-severianus,scans/volumes/pg56-chrysostom-severianus/pg56-original-image-only.pdf,Creative Commons Public Domain Mark 1.0,SAMPLE_VISUALLY_GOOD,data/research_batches/scan_validation_pg56_chrysostom_severianus.md
2062,150,READY_REPORT_EXACT_MAPPING,Patrologia_Graeca_Vol._056.pdf,Zual/TLG_libre_scans,scans/volumes/pg56-chrysostom-severianus,scans/volumes/pg56-chrysostom-severianus/pg56-original-image-only.pdf,Creative Commons Public Domain Mark 1.0,SAMPLE_VISUALLY_GOOD,data/research_batches/scan_validation_pg56_chrysostom_severianus.md
2062,151,READY_REPORT_EXACT_MAPPING,Patrologia_Graeca_Vol._056.pdf,Zual/TLG_libre_scans,scans/volumes/pg56-chrysostom-severianus,scans/volumes/pg56-chrysostom-severianus/pg56-original-image-only.pdf,Creative Commons Public Domain Mark 1.0,SAMPLE_VISUALLY_GOOD,data/research_batches/scan_validation_pg56_chrysostom_severianus.md
2062,153,READY_REPORT_EXACT_MAPPING,Patrologia_Graeca_Vol._059.pdf,Zual/TLG_libre_scans,scans/volumes/pg59-chrysostom-spuria,scans/volumes/pg59-chrysostom-spuria/pg59-original-image-only.pdf,Creative Commons Public Domain Mark 1.0,SAMPLE_VISUALLY_GOOD,data/research_batches/scan_validation_pg59_chrysostom_spuria.md
2062,154,READY_REPORT_EXACT_MAPPING,Patrologia_Graeca_Vol._060.pdf,Zual/TLG_libre_scans,scans/volumes/pg60-chrysostom,scans/volumes/pg60-chrysostom/pg60-original-image-only.pdf,Creative Commons Public Domain Mark 1.0,SAMPLE_VISUALLY_GOOD,data/research_batches/scan_validation_pg60_chrysostom.md
2062,155,READY_REPORT_EXACT_MAPPING,Patrologia_Graeca_Vol._060.pdf,Zual/TLG_libre_scans,scans/volumes/pg60-chrysostom,scans/volumes/pg60-chrysostom/pg60-original-image-only.pdf,Creative Commons Public Domain Mark 1.0,SAMPLE_VISUALLY_GOOD,data/research_batches/scan_validation_pg60_chrysostom.md
2062,156,READY_REPORT_EXACT_MAPPING,Patrologia_Graeca_Vol._061.pdf,Zual/TLG_libre_scans,scans/volumes/pg61-chrysostom,scans/volumes/pg61-chrysostom/pg61-original-image-only.pdf,Creative Commons Public Domain Mark 1.0,SAMPLE_VISUALLY_GOOD,data/research_batches/scan_validation_pg61_chrysostom.md
2062,157,READY_REPORT_EXACT_MAPPING,Patrologia_Graeca_Vol._061.pdf,Zual/TLG_libre_scans,scans/volumes/pg61-chrysostom,scans/volumes/pg61-chrysostom/pg61-original-image-only.pdf,Creative Commons Public Domain Mark 1.0,SAMPLE_VISUALLY_GOOD,data/research_batches/scan_validation_pg61_chrysostom.md
2062,158,READY_REPORT_EXACT_MAPPING,Patrologia_Graeca_Vol._061.pdf,Zual/TLG_libre_scans,scans/volumes/pg61-chrysostom,scans/volumes/pg61-chrysostom/pg61-original-image-only.pdf,Creative Commons Public Domain Mark 1.0,SAMPLE_VISUALLY_GOOD,data/research_batches/scan_validation_pg61_chrysostom.md
2062,159,READY_REPORT_EXACT_MAPPING,Patrologia_Graeca_Vol._062.pdf,Zual/TLG_libre_scans,scans/volumes/pg62-chrysostom,scans/volumes/pg62-chrysostom/pg62-original-image-only.pdf,Creative Commons Public Domain Mark 1.0,SAMPLE_VISUALLY_GOOD,data/research_batches/scan_validation_pg62_chrysostom.md
2062,160,READY_REPORT_EXACT_MAPPING,Patrologia_Graeca_Vol._062.pdf,Zual/TLG_libre_scans,scans/volumes/pg62-chrysostom,scans/volumes/pg62-chrysostom/pg62-original-image-only.pdf,Creative Commons Public Domain Mark 1.0,SAMPLE_VISUALLY_GOOD,data/research_batches/scan_validation_pg62_chrysostom.md
2062,161,READY_REPORT_EXACT_MAPPING,Patrologia_Graeca_Vol._062.pdf,Zual/TLG_libre_scans,scans/volumes/pg62-chrysostom,scans/volumes/pg62-chrysostom/pg62-original-image-only.pdf,Creative Commons Public Domain Mark 1.0,SAMPLE_VISUALLY_GOOD,data/research_batches/scan_validation_pg62_chrysostom.md
2062,162,READY_REPORT_EXACT_MAPPING,Patrologia_Graeca_Vol._062.pdf,Zual/TLG_libre_scans,scans/volumes/pg62-chrysostom,scans/volumes/pg62-chrysostom/pg62-original-image-only.pdf,Creative Commons Public Domain Mark 1.0,SAMPLE_VISUALLY_GOOD,data/research_batches/scan_validation_pg62_chrysostom.md
2062,163,READY_REPORT_EXACT_MAPPING,Patrologia_Graeca_Vol._062.pdf,Zual/TLG_libre_scans,scans/volumes/pg62-chrysostom,scans/volumes/pg62-chrysostom/pg62-original-image-only.pdf,Creative Commons Public Domain Mark 1.0,SAMPLE_VISUALLY_GOOD,data/research_batches/scan_validation_pg62_chrysostom.md
2062,164,READY_REPORT_EXACT_MAPPING,Patrologia_Graeca_Vol._062.pdf,Zual/TLG_libre_scans,scans/volumes/pg62-chrysostom,scans/volumes/pg62-chrysostom/pg62-original-image-only.pdf,Creative Commons Public Domain Mark 1.0,SAMPLE_VISUALLY_GOOD,data/research_batches/scan_validation_pg62_chrysostom.md
2062,165,READY_REPORT_EXACT_MAPPING,Patrologia_Graeca_Vol._062.pdf,Zual/TLG_libre_scans,scans/volumes/pg62-chrysostom,scans/volumes/pg62-chrysostom/pg62-original-image-only.pdf,Creative Commons Public Domain Mark 1.0,SAMPLE_VISUALLY_GOOD,data/research_batches/scan_validation_pg62_chrysostom.md
2062,166,READY_REPORT_EXACT_MAPPING,Patrologia_Graeca_Vol._062.pdf,Zual/TLG_libre_scans,scans/volumes/pg62-chrysostom,scans/volumes/pg62-chrysostom/pg62-original-image-only.pdf,Creative Commons Public Domain Mark 1.0,SAMPLE_VISUALLY_GOOD,data/research_batches/scan_validation_pg62_chrysostom.md
2062,167,READY_REPORT_EXACT_MAPPING,Patrologia_Graeca_Vol._062.pdf,Zual/TLG_libre_scans,scans/volumes/pg62-chrysostom,scans/volumes/pg62-chrysostom/pg62-original-image-only.pdf,Creative Commons Public Domain Mark 1.0,SAMPLE_VISUALLY_GOOD,data/research_batches/scan_validation_pg62_chrysostom.md
2062,168,READY_REPORT_EXACT_MAPPING,Patrologia_Graeca_Vol._063.pdf,Zual/TLG_libre_scans,scans/volumes/pg63-chrysostom,scans/volumes/pg63-chrysostom/pg63-original-image-only.pdf,Creative Commons Public Domain Mark 1.0,SAMPLE_VISUALLY_GOOD,data/research_batches/scan_validation_pg63_chrysostom.md
2062,169,READY_REPORT_EXACT_MAPPING,Patrologia_Graeca_Vol._063.pdf,Zual/TLG_libre_scans,scans/volumes/pg63-chrysostom,scans/volumes/pg63-chrysostom/pg63-original-image-only.pdf,Creative Commons Public Domain Mark 1.0,SAMPLE_VISUALLY_GOOD,data/research_batches/scan_validation_pg63_chrysostom.md
2062,170,READY_REPORT_EXACT_MAPPING,Patrologia_Graeca_Vol._063.pdf,Zual/TLG_libre_scans,scans/volumes/pg63-chrysostom,scans/volumes/pg63-chrysostom/pg63-original-image-only.pdf,Creative Commons Public Domain Mark 1.0,SAMPLE_VISUALLY_GOOD,data/research_batches/scan_validation_pg63_chrysostom.md
2062,171,READY_REPORT_EXACT_MAPPING,Patrologia_Graeca_Vol._063.pdf,Zual/TLG_libre_scans,scans/volumes/pg63-chrysostom,scans/volumes/pg63-chrysostom/pg63-original-image-only.pdf,Creative Commons Public Domain Mark 1.0,SAMPLE_VISUALLY_GOOD,data/research_batches/scan_validation_pg63_chrysostom.md
2062,172,READY_REPORT_EXACT_MAPPING,Patrologia_Graeca_Vol._063.pdf,Zual/TLG_libre_scans,scans/volumes/pg63-chrysostom,scans/volumes/pg63-chrysostom/pg63-original-image-only.pdf,Creative Commons Public Domain Mark 1.0,SAMPLE_VISUALLY_GOOD,data/research_batches/scan_validation_pg63_chrysostom.md
2062,173,READY_REPORT_EXACT_MAPPING,Patrologia_Graeca_Vol._063.pdf,Zual/TLG_libre_scans,scans/volumes/pg63-chrysostom,scans/volumes/pg63-chrysostom/pg63-original-image-only.pdf,Creative Commons Public Domain Mark 1.0,SAMPLE_VISUALLY_GOOD,data/research_batches/scan_validation_pg63_chrysostom.md
2062,174,READY_REPORT_EXACT_MAPPING,Patrologia_Graeca_Vol._063.pdf,Zual/TLG_libre_scans,scans/volumes/pg63-chrysostom,scans/volumes/pg63-chrysostom/pg63-original-image-only.pdf,Creative Commons Public Domain Mark 1.0,SAMPLE_VISUALLY_GOOD,data/research_batches/scan_validation_pg63_chrysostom.md
2062,175,READY_REPORT_EXACT_MAPPING,Patrologia_Graeca_Vol._056.pdf,Zual/TLG_libre_scans,scans/volumes/pg56-chrysostom-severianus,scans/volumes/pg56-chrysostom-severianus/pg56-original-image-only.pdf,Creative Commons Public Domain Mark 1.0,SAMPLE_VISUALLY_GOOD,data/research_batches/scan_validation_pg56_chrysostom_severianus.md
2062,176,READY_REPORT_EXACT_MAPPING,Patrologia_Graeca_Vol._063.pdf,Zual/TLG_libre_scans,scans/volumes/pg63-chrysostom,scans/volumes/pg63-chrysostom/pg63-original-image-only.pdf,Creative Commons Public Domain Mark 1.0,SAMPLE_VISUALLY_GOOD,data/research_batches/scan_validation_pg63_chrysostom.md
2062,177,READY_REPORT_EXACT_MAPPING,Patrologia_Graeca_Vol._063.pdf,Zual/TLG_libre_scans,scans/volumes/pg63-chrysostom,scans/volumes/pg63-chrysostom/pg63-original-image-only.pdf,Creative Commons Public Domain Mark 1.0,SAMPLE_VISUALLY_GOOD,data/research_batches/scan_validation_pg63_chrysostom.md
2062,178,READY_REPORT_EXACT_MAPPING,Patrologia_Graeca_Vol._063.pdf,Zual/TLG_libre_scans,scans/volumes/pg63-chrysostom,scans/volumes/pg63-chrysostom/pg63-original-image-only.pdf,Creative Commons Public Domain Mark 1.0,SAMPLE_VISUALLY_GOOD,data/research_batches/scan_validation_pg63_chrysostom.md
2062,179,READY_REPORT_EXACT_MAPPING,Patrologia_Graeca_Vol._063.pdf,Zual/TLG_libre_scans,scans/volumes/pg63-chrysostom,scans/volumes/pg63-chrysostom/pg63-original-image-only.pdf,Creative Commons Public Domain Mark 1.0,SAMPLE_VISUALLY_GOOD,data/research_batches/scan_validation_pg63_chrysostom.md
2062,180,READY_REPORT_EXACT_MAPPING,Patrologia_Graeca_Vol._056.pdf,Zual/TLG_libre_scans,scans/volumes/pg56-chrysostom-severianus,scans/volumes/pg56-chrysostom-severianus/pg56-original-image-only.pdf,Creative Commons Public Domain Mark 1.0,SAMPLE_VISUALLY_GOOD,data/research_batches/scan_validation_pg56_chrysostom_severianus.md
2062,181,READY_REPORT_EXACT_MAPPING,Patrologia_Graeca_Vol._063.pdf,Zual/TLG_libre_scans,scans/volumes/pg63-chrysostom,scans/volumes/pg63-chrysostom/pg63-original-image-only.pdf,Creative Commons Public Domain Mark 1.0,SAMPLE_VISUALLY_GOOD,data/research_batches/scan_validation_pg63_chrysostom.md
2062,182,READY_REPORT_EXACT_MAPPING,Patrologia_Graeca_Vol._064.pdf,Zual/TLG_libre_scans,scans/volumes/pg64-chrysostom,webdataset/volumes--pg64-chrysostom--84b040964da9.tar,Creative Commons Public Domain Mark 1.0,SAMPLE_VISUALLY_GOOD,data/research_batches/scan_validation_pg64_chrysostom.md
2062,183,READY_REPORT_EXACT_MAPPING,Patrologia_Graeca_Vol._064.pdf,Zual/TLG_libre_scans,scans/volumes/pg64-chrysostom,webdataset/volumes--pg64-chrysostom--84b040964da9.tar,Creative Commons Public Domain Mark 1.0,SAMPLE_VISUALLY_GOOD,data/research_batches/scan_validation_pg64_chrysostom.md
2062,184,READY_REPORT_EXACT_MAPPING,Patrologia_Graeca_Vol._064.pdf,Zual/TLG_libre_scans,scans/volumes/pg64-chrysostom,webdataset/volumes--pg64-chrysostom--84b040964da9.tar,Creative Commons Public Domain Mark 1.0,SAMPLE_VISUALLY_GOOD,data/research_batches/scan_validation_pg64_chrysostom.md
2062,185,READY_REPORT_EXACT_MAPPING,Patrologia_Graeca_Vol._064.pdf,Zual/TLG_libre_scans,scans/volumes/pg64-chrysostom,webdataset/volumes--pg64-chrysostom--84b040964da9.tar,Creative Commons Public Domain Mark 1.0,SAMPLE_VISUALLY_GOOD,data/research_batches/scan_validation_pg64_chrysostom.md
2062,186,READY_REPORT_EXACT_MAPPING,Patrologia_Graeca_Vol._064.pdf,Zual/TLG_libre_scans,scans/volumes/pg64-chrysostom,webdataset/volumes--pg64-chrysostom--84b040964da9.tar,Creative Commons Public Domain Mark 1.0,SAMPLE_VISUALLY_GOOD,data/research_batches/scan_validation_pg64_chrysostom.md
2062,187,READY_REPORT_EXACT_MAPPING,Patrologia_Graeca_Vol._064.pdf,Zual/TLG_libre_scans,scans/volumes/pg64-chrysostom,webdataset/volumes--pg64-chrysostom--84b040964da9.tar,Creative Commons Public Domain Mark 1.0,SAMPLE_VISUALLY_GOOD,data/research_batches/scan_validation_pg64_chrysostom.md
2062,196,READY_REPORT_EXACT_MAPPING,Patrologia_Graeca_Vol._055.pdf,Zual/TLG_libre_scans,scans/volumes/pg55-chrysostom,scans/volumes/pg55-chrysostom/pg55-original-image-only.pdf,Creative Commons Public Domain Mark 1.0,SAMPLE_VISUALLY_GOOD,data/research_batches/scan_validation_pg55_chrysostom.md
2062,197,READY_REPORT_EXACT_MAPPING,Patrologia_Graeca_Vol._055.pdf,Zual/TLG_libre_scans,scans/volumes/pg55-chrysostom,scans/volumes/pg55-chrysostom/pg55-original-image-only.pdf,Creative Commons Public Domain Mark 1.0,SAMPLE_VISUALLY_GOOD,data/research_batches/scan_validation_pg55_chrysostom.md
2062,198,READY_REPORT_EXACT_MAPPING,Patrologia_Graeca_Vol._055.pdf,Zual/TLG_libre_scans,scans/volumes/pg55-chrysostom,scans/volumes/pg55-chrysostom/pg55-original-image-only.pdf,Creative Commons Public Domain Mark 1.0,SAMPLE_VISUALLY_GOOD,data/research_batches/scan_validation_pg55_chrysostom.md
2062,199,READY_REPORT_EXACT_MAPPING,Patrologia_Graeca_Vol._055.pdf,Zual/TLG_libre_scans,scans/volumes/pg55-chrysostom,scans/volumes/pg55-chrysostom/pg55-original-image-only.pdf,Creative Commons Public Domain Mark 1.0,SAMPLE_VISUALLY_GOOD,data/research_batches/scan_validation_pg55_chrysostom.md
2062,200,READY_REPORT_EXACT_MAPPING,Patrologia_Graeca_Vol._055.pdf,Zual/TLG_libre_scans,scans/volumes/pg55-chrysostom,scans/volumes/pg55-chrysostom/pg55-original-image-only.pdf,Creative Commons Public Domain Mark 1.0,SAMPLE_VISUALLY_GOOD,data/research_batches/scan_validation_pg55_chrysostom.md
2062,201,READY_REPORT_EXACT_MAPPING,Patrologia_Graeca_Vol._055.pdf,Zual/TLG_libre_scans,scans/volumes/pg55-chrysostom,scans/volumes/pg55-chrysostom/pg55-original-image-only.pdf,Creative Commons Public Domain Mark 1.0,SAMPLE_VISUALLY_GOOD,data/research_batches/scan_validation_pg55_chrysostom.md
2062,202,READY_REPORT_EXACT_MAPPING,Patrologia_Graeca_Vol._055.pdf,Zual/TLG_libre_scans,scans/volumes/pg55-chrysostom,scans/volumes/pg55-chrysostom/pg55-original-image-only.pdf,Creative Commons Public Domain Mark 1.0,SAMPLE_VISUALLY_GOOD,data/research_batches/scan_validation_pg55_chrysostom.md
2062,203,READY_REPORT_EXACT_MAPPING,Patrologia_Graeca_Vol._055.pdf,Zual/TLG_libre_scans,scans/volumes/pg55-chrysostom,scans/volumes/pg55-chrysostom/pg55-original-image-only.pdf,Creative Commons Public Domain Mark 1.0,SAMPLE_VISUALLY_GOOD,data/research_batches/scan_validation_pg55_chrysostom.md
2062,204,READY_REPORT_EXACT_MAPPING,Patrologia_Graeca_Vol._055.pdf,Zual/TLG_libre_scans,scans/volumes/pg55-chrysostom,scans/volumes/pg55-chrysostom/pg55-original-image-only.pdf,Creative Commons Public Domain Mark 1.0,SAMPLE_VISUALLY_GOOD,data/research_batches/scan_validation_pg55_chrysostom.md
2062,205,READY_REPORT_EXACT_MAPPING,Patrologia_Graeca_Vol._055.pdf,Zual/TLG_libre_scans,scans/volumes/pg55-chrysostom,scans/volumes/pg55-chrysostom/pg55-original-image-only.pdf,Creative Commons Public Domain Mark 1.0,SAMPLE_VISUALLY_GOOD,data/research_batches/scan_validation_pg55_chrysostom.md
2062,206,READY_REPORT_EXACT_MAPPING,Patrologia_Graeca_Vol._055.pdf,Zual/TLG_libre_scans,scans/volumes/pg55-chrysostom,scans/volumes/pg55-chrysostom/pg55-original-image-only.pdf,Creative Commons Public Domain Mark 1.0,SAMPLE_VISUALLY_GOOD,data/research_batches/scan_validation_pg55_chrysostom.md
2062,207,READY_REPORT_EXACT_MAPPING,Patrologia_Graeca_Vol._055.pdf,Zual/TLG_libre_scans,scans/volumes/pg55-chrysostom,scans/volumes/pg55-chrysostom/pg55-original-image-only.pdf,Creative Commons Public Domain Mark 1.0,SAMPLE_VISUALLY_GOOD,data/research_batches/scan_validation_pg55_chrysostom.md
2062,208,READY_REPORT_EXACT_MAPPING,Patrologia_Graeca_Vol._055.pdf,Zual/TLG_libre_scans,scans/volumes/pg55-chrysostom,scans/volumes/pg55-chrysostom/pg55-original-image-only.pdf,Creative Commons Public Domain Mark 1.0,SAMPLE_VISUALLY_GOOD,data/research_batches/scan_validation_pg55_chrysostom.md
2062,209,READY_REPORT_EXACT_MAPPING,Patrologia_Graeca_Vol._056.pdf,Zual/TLG_libre_scans,scans/volumes/pg56-chrysostom-severianus,scans/volumes/pg56-chrysostom-severianus/pg56-original-image-only.pdf,Creative Commons Public Domain Mark 1.0,SAMPLE_VISUALLY_GOOD,data/research_batches/scan_validation_pg56_chrysostom_severianus.md
2062,210,READY_REPORT_EXACT_MAPPING,Patrologia_Graeca_Vol._056.pdf,Zual/TLG_libre_scans,scans/volumes/pg56-chrysostom-severianus,scans/volumes/pg56-chrysostom-severianus/pg56-original-image-only.pdf,Creative Commons Public Domain Mark 1.0,SAMPLE_VISUALLY_GOOD,data/research_batches/scan_validation_pg56_chrysostom_severianus.md
2062,211,READY_REPORT_EXACT_MAPPING,Patrologia_Graeca_Vol._056.pdf,Zual/TLG_libre_scans,scans/volumes/pg56-chrysostom-severianus,scans/volumes/pg56-chrysostom-severianus/pg56-original-image-only.pdf,Creative Commons Public Domain Mark 1.0,SAMPLE_VISUALLY_GOOD,data/research_batches/scan_validation_pg56_chrysostom_severianus.md
2062,213,READY_REPORT_EXACT_MAPPING,Patrologia_Graeca_Vol._056.pdf,Zual/TLG_libre_scans,scans/volumes/pg56-chrysostom-severianus,scans/volumes/pg56-chrysostom-severianus/pg56-original-image-only.pdf,Creative Commons Public Domain Mark 1.0,SAMPLE_VISUALLY_GOOD,data/research_batches/scan_validation_pg56_chrysostom_severianus.md
2062,214,READY_REPORT_EXACT_MAPPING,Patrologia_Graeca_Vol._056.pdf,Zual/TLG_libre_scans,scans/volumes/pg56-chrysostom-severianus,scans/volumes/pg56-chrysostom-severianus/pg56-original-image-only.pdf,Creative Commons Public Domain Mark 1.0,SAMPLE_VISUALLY_GOOD,data/research_batches/scan_validation_pg56_chrysostom_severianus.md
2062,216,READY_REPORT_EXACT_MAPPING,Patrologia_Graeca_Vol._056.pdf,Zual/TLG_libre_scans,scans/volumes/pg56-chrysostom-severianus,scans/volumes/pg56-chrysostom-severianus/pg56-original-image-only.pdf,Creative Commons Public Domain Mark 1.0,SAMPLE_VISUALLY_GOOD,data/research_batches/scan_validation_pg56_chrysostom_severianus.md
2062,217,READY_REPORT_EXACT_MAPPING,Patrologia_Graeca_Vol._056.pdf,Zual/TLG_libre_scans,scans/volumes/pg56-chrysostom-severianus,scans/volumes/pg56-chrysostom-severianus/pg56-original-image-only.pdf,Creative Commons Public Domain Mark 1.0,SAMPLE_VISUALLY_GOOD,data/research_batches/scan_validation_pg56_chrysostom_severianus.md
2062,219,READY_REPORT_EXACT_MAPPING,Patrologia_Graeca_Vol._056.pdf,Zual/TLG_libre_scans,scans/volumes/pg56-chrysostom-severianus,scans/volumes/pg56-chrysostom-severianus/pg56-original-image-only.pdf,Creative Commons Public Domain Mark 1.0,SAMPLE_VISUALLY_GOOD,data/research_batches/scan_validation_pg56_chrysostom_severianus.md
2062,220,READY_REPORT_EXACT_MAPPING,Patrologia_Graeca_Vol._056.pdf,Zual/TLG_libre_scans,scans/volumes/pg56-chrysostom-severianus,scans/volumes/pg56-chrysostom-severianus/pg56-original-image-only.pdf,Creative Commons Public Domain Mark 1.0,SAMPLE_VISUALLY_GOOD,data/research_batches/scan_validation_pg56_chrysostom_severianus.md
2062,221,READY_REPORT_EXACT_MAPPING,Patrologia_Graeca_Vol._056.pdf,Zual/TLG_libre_scans,scans/volumes/pg56-chrysostom-severianus,scans/volumes/pg56-chrysostom-severianus/pg56-original-image-only.pdf,Creative Commons Public Domain Mark 1.0,SAMPLE_VISUALLY_GOOD,data/research_batches/scan_validation_pg56_chrysostom_severianus.md
2062,224,READY_REPORT_EXACT_MAPPING,Patrologia_Graeca_Vol._059.pdf,Zual/TLG_libre_scans,scans/volumes/pg59-chrysostom-spuria,scans/volumes/pg59-chrysostom-spuria/pg59-original-image-only.pdf,Creative Commons Public Domain Mark 1.0,SAMPLE_VISUALLY_GOOD,data/research_batches/scan_validation_pg59_chrysostom_spuria.md
2062,225,READY_REPORT_EXACT_MAPPING,Patrologia_Graeca_Vol._059.pdf,Zual/TLG_libre_scans,scans/volumes/pg59-chrysostom-spuria,scans/volumes/pg59-chrysostom-spuria/pg59-original-image-only.pdf,Creative Commons Public Domain Mark 1.0,SAMPLE_VISUALLY_GOOD,data/research_batches/scan_validation_pg59_chrysostom_spuria.md
2062,226,READY_REPORT_EXACT_MAPPING,Patrologia_Graeca_Vol._059.pdf,Zual/TLG_libre_scans,scans/volumes/pg59-chrysostom-spuria,scans/volumes/pg59-chrysostom-spuria/pg59-original-image-only.pdf,Creative Commons Public Domain Mark 1.0,SAMPLE_VISUALLY_GOOD,data/research_batches/scan_validation_pg59_chrysostom_spuria.md
2062,227,READY_REPORT_EXACT_MAPPING,Patrologia_Graeca_Vol._059.pdf,Zual/TLG_libre_scans,scans/volumes/pg59-chrysostom-spuria,scans/volumes/pg59-chrysostom-spuria/pg59-original-image-only.pdf,Creative Commons Public Domain Mark 1.0,SAMPLE_VISUALLY_GOOD,data/research_batches/scan_validation_pg59_chrysostom_spuria.md
2062,228,READY_REPORT_EXACT_MAPPING,Patrologia_Graeca_Vol._059.pdf,Zual/TLG_libre_scans,scans/volumes/pg59-chrysostom-spuria,scans/volumes/pg59-chrysostom-spuria/pg59-original-image-only.pdf,Creative Commons Public Domain Mark 1.0,SAMPLE_VISUALLY_GOOD,data/research_batches/scan_validation_pg59_chrysostom_spuria.md
2062,229,READY_REPORT_EXACT_MAPPING,Patrologia_Graeca_Vol._059.pdf,Zual/TLG_libre_scans,scans/volumes/pg59-chrysostom-spuria,scans/volumes/pg59-chrysostom-spuria/pg59-original-image-only.pdf,Creative Commons Public Domain Mark 1.0,SAMPLE_VISUALLY_GOOD,data/research_batches/scan_validation_pg59_chrysostom_spuria.md
2062,230,READY_REPORT_EXACT_MAPPING,Patrologia_Graeca_Vol._059.pdf,Zual/TLG_libre_scans,scans/volumes/pg59-chrysostom-spuria,scans/volumes/pg59-chrysostom-spuria/pg59-original-image-only.pdf,Creative Commons Public Domain Mark 1.0,SAMPLE_VISUALLY_GOOD,data/research_batches/scan_validation_pg59_chrysostom_spuria.md
2062,231,READY_REPORT_EXACT_MAPPING,Patrologia_Graeca_Vol._059.pdf,Zual/TLG_libre_scans,scans/volumes/pg59-chrysostom-spuria,scans/volumes/pg59-chrysostom-spuria/pg59-original-image-only.pdf,Creative Commons Public Domain Mark 1.0,SAMPLE_VISUALLY_GOOD,data/research_batches/scan_validation_pg59_chrysostom_spuria.md
2062,232,READY_REPORT_EXACT_MAPPING,Patrologia_Graeca_Vol._059.pdf,Zual/TLG_libre_scans,scans/volumes/pg59-chrysostom-spuria,scans/volumes/pg59-chrysostom-spuria/pg59-original-image-only.pdf,Creative Commons Public Domain Mark 1.0,SAMPLE_VISUALLY_GOOD,data/research_batches/scan_validation_pg59_chrysostom_spuria.md
2062,233,READY_REPORT_EXACT_MAPPING,Patrologia_Graeca_Vol._059.pdf,Zual/TLG_libre_scans,scans/volumes/pg59-chrysostom-spuria,scans/volumes/pg59-chrysostom-spuria/pg59-original-image-only.pdf,Creative Commons Public Domain Mark 1.0,SAMPLE_VISUALLY_GOOD,data/research_batches/scan_validation_pg59_chrysostom_spuria.md
2062,234,READY_REPORT_EXACT_MAPPING,Patrologia_Graeca_Vol._059.pdf,Zual/TLG_libre_scans,scans/volumes/pg59-chrysostom-spuria,scans/volumes/pg59-chrysostom-spuria/pg59-original-image-only.pdf,Creative Commons Public Domain Mark 1.0,SAMPLE_VISUALLY_GOOD,data/research_batches/scan_validation_pg59_chrysostom_spuria.md
2062,235,READY_REPORT_EXACT_MAPPING,Patrologia_Graeca_Vol._059.pdf,Zual/TLG_libre_scans,scans/volumes/pg59-chrysostom-spuria,scans/volumes/pg59-chrysostom-spuria/pg59-original-image-only.pdf,Creative Commons Public Domain Mark 1.0,SAMPLE_VISUALLY_GOOD,data/research_batches/scan_validation_pg59_chrysostom_spuria.md
2062,237,READY_REPORT_EXACT_MAPPING,Patrologia_Graeca_Vol._059.pdf,Zual/TLG_libre_scans,scans/volumes/pg59-chrysostom-spuria,scans/volumes/pg59-chrysostom-spuria/pg59-original-image-only.pdf,Creative Commons Public Domain Mark 1.0,SAMPLE_VISUALLY_GOOD,data/research_batches/scan_validation_pg59_chrysostom_spuria.md
2062,238,READY_REPORT_EXACT_MAPPING,Patrologia_Graeca_Vol._059.pdf,Zual/TLG_libre_scans,scans/volumes/pg59-chrysostom-spuria,scans/volumes/pg59-chrysostom-spuria/pg59-original-image-only.pdf,Creative Commons Public Domain Mark 1.0,SAMPLE_VISUALLY_GOOD,data/research_batches/scan_validation_pg59_chrysostom_spuria.md
2062,239,READY_REPORT_EXACT_MAPPING,Patrologia_Graeca_Vol._059.pdf,Zual/TLG_libre_scans,scans/volumes/pg59-chrysostom-spuria,scans/volumes/pg59-chrysostom-spuria/pg59-original-image-only.pdf,Creative Commons Public Domain Mark 1.0,SAMPLE_VISUALLY_GOOD,data/research_batches/scan_validation_pg59_chrysostom_spuria.md
2062,240,READY_REPORT_EXACT_MAPPING,Patrologia_Graeca_Vol._059.pdf,Zual/TLG_libre_scans,scans/volumes/pg59-chrysostom-spuria,scans/volumes/pg59-chrysostom-spuria/pg59-original-image-only.pdf,Creative Commons Public Domain Mark 1.0,SAMPLE_VISUALLY_GOOD,data/research_batches/scan_validation_pg59_chrysostom_spuria.md
2062,241,READY_REPORT_EXACT_MAPPING,Patrologia_Graeca_Vol._059.pdf,Zual/TLG_libre_scans,scans/volumes/pg59-chrysostom-spuria,scans/volumes/pg59-chrysostom-spuria/pg59-original-image-only.pdf,Creative Commons Public Domain Mark 1.0,SAMPLE_VISUALLY_GOOD,data/research_batches/scan_validation_pg59_chrysostom_spuria.md
2062,242,READY_REPORT_EXACT_MAPPING,Patrologia_Graeca_Vol._059.pdf,Zual/TLG_libre_scans,scans/volumes/pg59-chrysostom-spuria,scans/volumes/pg59-chrysostom-spuria/pg59-original-image-only.pdf,Creative Commons Public Domain Mark 1.0,SAMPLE_VISUALLY_GOOD,data/research_batches/scan_validation_pg59_chrysostom_spuria.md
2062,243,READY_REPORT_EXACT_MAPPING,Patrologia_Graeca_Vol._059.pdf,Zual/TLG_libre_scans,scans/volumes/pg59-chrysostom-spuria,scans/volumes/pg59-chrysostom-spuria/pg59-original-image-only.pdf,Creative Commons Public Domain Mark 1.0,SAMPLE_VISUALLY_GOOD,data/research_batches/scan_validation_pg59_chrysostom_spuria.md
2062,244,READY_REPORT_EXACT_MAPPING,Patrologia_Graeca_Vol._059.pdf,Zual/TLG_libre_scans,scans/volumes/pg59-chrysostom-spuria,scans/volumes/pg59-chrysostom-spuria/pg59-original-image-only.pdf,Creative Commons Public Domain Mark 1.0,SAMPLE_VISUALLY_GOOD,data/research_batches/scan_validation_pg59_chrysostom_spuria.md
2062,245,READY_REPORT_EXACT_MAPPING,Patrologia_Graeca_Vol._059.pdf,Zual/TLG_libre_scans,scans/volumes/pg59-chrysostom-spuria,scans/volumes/pg59-chrysostom-spuria/pg59-original-image-only.pdf,Creative Commons Public Domain Mark 1.0,SAMPLE_VISUALLY_GOOD,data/research_batches/scan_validation_pg59_chrysostom_spuria.md
2062,247,READY_REPORT_EXACT_MAPPING,Patrologia_Graeca_Vol._059.pdf,Zual/TLG_libre_scans,scans/volumes/pg59-chrysostom-spuria,scans/volumes/pg59-chrysostom-spuria/pg59-original-image-only.pdf,Creative Commons Public Domain Mark 1.0,SAMPLE_VISUALLY_GOOD,data/research_batches/scan_validation_pg59_chrysostom_spuria.md
2062,248,READY_REPORT_EXACT_MAPPING,Patrologia_Graeca_Vol._059.pdf,Zual/TLG_libre_scans,scans/volumes/pg59-chrysostom-spuria,scans/volumes/pg59-chrysostom-spuria/pg59-original-image-only.pdf,Creative Commons Public Domain Mark 1.0,SAMPLE_VISUALLY_GOOD,data/research_batches/scan_validation_pg59_chrysostom_spuria.md
2062,249,READY_REPORT_EXACT_MAPPING,Patrologia_Graeca_Vol._059.pdf,Zual/TLG_libre_scans,scans/volumes/pg59-chrysostom-spuria,scans/volumes/pg59-chrysostom-spuria/pg59-original-image-only.pdf,Creative Commons Public Domain Mark 1.0,SAMPLE_VISUALLY_GOOD,data/research_batches/scan_validation_pg59_chrysostom_spuria.md
2062,250,READY_REPORT_EXACT_MAPPING,Patrologia_Graeca_Vol._059.pdf,Zual/TLG_libre_scans,scans/volumes/pg59-chrysostom-spuria,scans/volumes/pg59-chrysostom-spuria/pg59-original-image-only.pdf,Creative Commons Public Domain Mark 1.0,SAMPLE_VISUALLY_GOOD,data/research_batches/scan_validation_pg59_chrysostom_spuria.md
2062,251,READY_REPORT_EXACT_MAPPING,Patrologia_Graeca_Vol._059.pdf,Zual/TLG_libre_scans,scans/volumes/pg59-chrysostom-spuria,scans/volumes/pg59-chrysostom-spuria/pg59-original-image-only.pdf,Creative Commons Public Domain Mark 1.0,SAMPLE_VISUALLY_GOOD,data/research_batches/scan_validation_pg59_chrysostom_spuria.md
2062,252,READY_REPORT_EXACT_MAPPING,Patrologia_Graeca_Vol._059.pdf,Zual/TLG_libre_scans,scans/volumes/pg59-chrysostom-spuria,scans/volumes/pg59-chrysostom-spuria/pg59-original-image-only.pdf,Creative Commons Public Domain Mark 1.0,SAMPLE_VISUALLY_GOOD,data/research_batches/scan_validation_pg59_chrysostom_spuria.md
2062,253,READY_REPORT_EXACT_MAPPING,Patrologia_Graeca_Vol._059.pdf,Zual/TLG_libre_scans,scans/volumes/pg59-chrysostom-spuria,scans/volumes/pg59-chrysostom-spuria/pg59-original-image-only.pdf,Creative Commons Public Domain Mark 1.0,SAMPLE_VISUALLY_GOOD,data/research_batches/scan_validation_pg59_chrysostom_spuria.md
2062,254,READY_REPORT_EXACT_MAPPING,Patrologia_Graeca_Vol._059.pdf,Zual/TLG_libre_scans,scans/volumes/pg59-chrysostom-spuria,scans/volumes/pg59-chrysostom-spuria/pg59-original-image-only.pdf,Creative Commons Public Domain Mark 1.0,SAMPLE_VISUALLY_GOOD,data/research_batches/scan_validation_pg59_chrysostom_spuria.md
2062,255,READY_REPORT_EXACT_MAPPING,Patrologia_Graeca_Vol._059.pdf,Zual/TLG_libre_scans,scans/volumes/pg59-chrysostom-spuria,scans/volumes/pg59-chrysostom-spuria/pg59-original-image-only.pdf,Creative Commons Public Domain Mark 1.0,SAMPLE_VISUALLY_GOOD,data/research_batches/scan_validation_pg59_chrysostom_spuria.md
2062,256,READY_REPORT_EXACT_MAPPING,Patrologia_Graeca_Vol._059.pdf,Zual/TLG_libre_scans,scans/volumes/pg59-chrysostom-spuria,scans/volumes/pg59-chrysostom-spuria/pg59-original-image-only.pdf,Creative Commons Public Domain Mark 1.0,SAMPLE_VISUALLY_GOOD,data/research_batches/scan_validation_pg59_chrysostom_spuria.md
2062,257,READY_REPORT_EXACT_MAPPING,Patrologia_Graeca_Vol._059.pdf,Zual/TLG_libre_scans,scans/volumes/pg59-chrysostom-spuria,scans/volumes/pg59-chrysostom-spuria/pg59-original-image-only.pdf,Creative Commons Public Domain Mark 1.0,SAMPLE_VISUALLY_GOOD,data/research_batches/scan_validation_pg59_chrysostom_spuria.md
2062,258,READY_REPORT_EXACT_MAPPING,Patrologia_Graeca_Vol._059.pdf,Zual/TLG_libre_scans,scans/volumes/pg59-chrysostom-spuria,scans/volumes/pg59-chrysostom-spuria/pg59-original-image-only.pdf,Creative Commons Public Domain Mark 1.0,SAMPLE_VISUALLY_GOOD,data/research_batches/scan_validation_pg59_chrysostom_spuria.md
2062,259,READY_REPORT_EXACT_MAPPING,Patrologia_Graeca_Vol._059.pdf,Zual/TLG_libre_scans,scans/volumes/pg59-chrysostom-spuria,scans/volumes/pg59-chrysostom-spuria/pg59-original-image-only.pdf,Creative Commons Public Domain Mark 1.0,SAMPLE_VISUALLY_GOOD,data/research_batches/scan_validation_pg59_chrysostom_spuria.md
2062,263,READY_REPORT_EXACT_MAPPING,Patrologia_Graeca_Vol._059.pdf,Zual/TLG_libre_scans,scans/volumes/pg59-chrysostom-spuria,scans/volumes/pg59-chrysostom-spuria/pg59-original-image-only.pdf,Creative Commons Public Domain Mark 1.0,SAMPLE_VISUALLY_GOOD,data/research_batches/scan_validation_pg59_chrysostom_spuria.md
2062,264,READY_REPORT_EXACT_MAPPING,Patrologia_Graeca_Vol._059.pdf,Zual/TLG_libre_scans,scans/volumes/pg59-chrysostom-spuria,scans/volumes/pg59-chrysostom-spuria/pg59-original-image-only.pdf,Creative Commons Public Domain Mark 1.0,SAMPLE_VISUALLY_GOOD,data/research_batches/scan_validation_pg59_chrysostom_spuria.md
2062,267,READY_REPORT_EXACT_MAPPING,Patrologia_Graeca_Vol._059.pdf,Zual/TLG_libre_scans,scans/volumes/pg59-chrysostom-spuria,scans/volumes/pg59-chrysostom-spuria/pg59-original-image-only.pdf,Creative Commons Public Domain Mark 1.0,SAMPLE_VISUALLY_GOOD,data/research_batches/scan_validation_pg59_chrysostom_spuria.md
2062,268,READY_REPORT_EXACT_MAPPING,Patrologia_Graeca_Vol._059.pdf,Zual/TLG_libre_scans,scans/volumes/pg59-chrysostom-spuria,scans/volumes/pg59-chrysostom-spuria/pg59-original-image-only.pdf,Creative Commons Public Domain Mark 1.0,SAMPLE_VISUALLY_GOOD,data/research_batches/scan_validation_pg59_chrysostom_spuria.md
2062,269,READY_REPORT_EXACT_MAPPING,Patrologia_Graeca_Vol._060.pdf,Zual/TLG_libre_scans,scans/volumes/pg60-chrysostom,scans/volumes/pg60-chrysostom/pg60-original-image-only.pdf,Creative Commons Public Domain Mark 1.0,SAMPLE_VISUALLY_GOOD,data/research_batches/scan_validation_pg60_chrysostom.md
2062,270,READY_REPORT_EXACT_MAPPING,Patrologia_Graeca_Vol._060.pdf,Zual/TLG_libre_scans,scans/volumes/pg60-chrysostom,scans/volumes/pg60-chrysostom/pg60-original-image-only.pdf,Creative Commons Public Domain Mark 1.0,SAMPLE_VISUALLY_GOOD,data/research_batches/scan_validation_pg60_chrysostom.md
2062,271,READY_REPORT_EXACT_MAPPING,Patrologia_Graeca_Vol._060.pdf,Zual/TLG_libre_scans,scans/volumes/pg60-chrysostom,scans/volumes/pg60-chrysostom/pg60-original-image-only.pdf,Creative Commons Public Domain Mark 1.0,SAMPLE_VISUALLY_GOOD,data/research_batches/scan_validation_pg60_chrysostom.md
2062,272,READY_REPORT_EXACT_MAPPING,Patrologia_Graeca_Vol._060.pdf,Zual/TLG_libre_scans,scans/volumes/pg60-chrysostom,scans/volumes/pg60-chrysostom/pg60-original-image-only.pdf,Creative Commons Public Domain Mark 1.0,SAMPLE_VISUALLY_GOOD,data/research_batches/scan_validation_pg60_chrysostom.md
2062,273,READY_REPORT_EXACT_MAPPING,Patrologia_Graeca_Vol._060.pdf,Zual/TLG_libre_scans,scans/volumes/pg60-chrysostom,scans/volumes/pg60-chrysostom/pg60-original-image-only.pdf,Creative Commons Public Domain Mark 1.0,SAMPLE_VISUALLY_GOOD,data/research_batches/scan_validation_pg60_chrysostom.md
2062,274,READY_REPORT_EXACT_MAPPING,Patrologia_Graeca_Vol._060.pdf,Zual/TLG_libre_scans,scans/volumes/pg60-chrysostom,scans/volumes/pg60-chrysostom/pg60-original-image-only.pdf,Creative Commons Public Domain Mark 1.0,SAMPLE_VISUALLY_GOOD,data/research_batches/scan_validation_pg60_chrysostom.md
2062,275,READY_REPORT_EXACT_MAPPING,Patrologia_Graeca_Vol._060.pdf,Zual/TLG_libre_scans,scans/volumes/pg60-chrysostom,scans/volumes/pg60-chrysostom/pg60-original-image-only.pdf,Creative Commons Public Domain Mark 1.0,SAMPLE_VISUALLY_GOOD,data/research_batches/scan_validation_pg60_chrysostom.md
2062,276,READY_REPORT_EXACT_MAPPING,Patrologia_Graeca_Vol._060.pdf,Zual/TLG_libre_scans,scans/volumes/pg60-chrysostom,scans/volumes/pg60-chrysostom/pg60-original-image-only.pdf,Creative Commons Public Domain Mark 1.0,SAMPLE_VISUALLY_GOOD,data/research_batches/scan_validation_pg60_chrysostom.md
2062,277,READY_REPORT_EXACT_MAPPING,Patrologia_Graeca_Vol._060.pdf,Zual/TLG_libre_scans,scans/volumes/pg60-chrysostom,scans/volumes/pg60-chrysostom/pg60-original-image-only.pdf,Creative Commons Public Domain Mark 1.0,SAMPLE_VISUALLY_GOOD,data/research_batches/scan_validation_pg60_chrysostom.md
2062,278,READY_REPORT_EXACT_MAPPING,Patrologia_Graeca_Vol._060.pdf,Zual/TLG_libre_scans,scans/volumes/pg60-chrysostom,scans/volumes/pg60-chrysostom/pg60-original-image-only.pdf,Creative Commons Public Domain Mark 1.0,SAMPLE_VISUALLY_GOOD,data/research_batches/scan_validation_pg60_chrysostom.md
2062,279,READY_REPORT_EXACT_MAPPING,Patrologia_Graeca_Vol._060.pdf,Zual/TLG_libre_scans,scans/volumes/pg60-chrysostom,scans/volumes/pg60-chrysostom/pg60-original-image-only.pdf,Creative Commons Public Domain Mark 1.0,SAMPLE_VISUALLY_GOOD,data/research_batches/scan_validation_pg60_chrysostom.md
2062,280,READY_REPORT_EXACT_MAPPING,Patrologia_Graeca_Vol._060.pdf,Zual/TLG_libre_scans,scans/volumes/pg60-chrysostom,scans/volumes/pg60-chrysostom/pg60-original-image-only.pdf,Creative Commons Public Domain Mark 1.0,SAMPLE_VISUALLY_GOOD,data/research_batches/scan_validation_pg60_chrysostom.md
2062,282,READY_REPORT_EXACT_MAPPING,Patrologia_Graeca_Vol._060.pdf,Zual/TLG_libre_scans,scans/volumes/pg60-chrysostom,scans/volumes/pg60-chrysostom/pg60-original-image-only.pdf,Creative Commons Public Domain Mark 1.0,SAMPLE_VISUALLY_GOOD,data/research_batches/scan_validation_pg60_chrysostom.md
2062,283,READY_REPORT_EXACT_MAPPING,Patrologia_Graeca_Vol._060.pdf,Zual/TLG_libre_scans,scans/volumes/pg60-chrysostom,scans/volumes/pg60-chrysostom/pg60-original-image-only.pdf,Creative Commons Public Domain Mark 1.0,SAMPLE_VISUALLY_GOOD,data/research_batches/scan_validation_pg60_chrysostom.md
2062,284,READY_REPORT_EXACT_MAPPING,Patrologia_Graeca_Vol._060.pdf,Zual/TLG_libre_scans,scans/volumes/pg60-chrysostom,scans/volumes/pg60-chrysostom/pg60-original-image-only.pdf,Creative Commons Public Domain Mark 1.0,SAMPLE_VISUALLY_GOOD,data/research_batches/scan_validation_pg60_chrysostom.md
2062,285,READY_REPORT_EXACT_MAPPING,Patrologia_Graeca_Vol._060.pdf,Zual/TLG_libre_scans,scans/volumes/pg60-chrysostom,scans/volumes/pg60-chrysostom/pg60-original-image-only.pdf,Creative Commons Public Domain Mark 1.0,SAMPLE_VISUALLY_GOOD,data/research_batches/scan_validation_pg60_chrysostom.md
2062,286,READY_REPORT_EXACT_MAPPING,Patrologia_Graeca_Vol._060.pdf,Zual/TLG_libre_scans,scans/volumes/pg60-chrysostom,scans/volumes/pg60-chrysostom/pg60-original-image-only.pdf,Creative Commons Public Domain Mark 1.0,SAMPLE_VISUALLY_GOOD,data/research_batches/scan_validation_pg60_chrysostom.md
2062,287,READY_REPORT_EXACT_MAPPING,Patrologia_Graeca_Vol._060.pdf,Zual/TLG_libre_scans,scans/volumes/pg60-chrysostom,scans/volumes/pg60-chrysostom/pg60-original-image-only.pdf,Creative Commons Public Domain Mark 1.0,SAMPLE_VISUALLY_GOOD,data/research_batches/scan_validation_pg60_chrysostom.md
2062,288,READY_REPORT_EXACT_MAPPING,Patrologia_Graeca_Vol._061.pdf,Zual/TLG_libre_scans,scans/volumes/pg61-chrysostom,scans/volumes/pg61-chrysostom/pg61-original-image-only.pdf,Creative Commons Public Domain Mark 1.0,SAMPLE_VISUALLY_GOOD,data/research_batches/scan_validation_pg61_chrysostom.md
2062,289,READY_REPORT_EXACT_MAPPING,Patrologia_Graeca_Vol._061.pdf,Zual/TLG_libre_scans,scans/volumes/pg61-chrysostom,scans/volumes/pg61-chrysostom/pg61-original-image-only.pdf,Creative Commons Public Domain Mark 1.0,SAMPLE_VISUALLY_GOOD,data/research_batches/scan_validation_pg61_chrysostom.md
2062,290,READY_REPORT_EXACT_MAPPING,Patrologia_Graeca_Vol._061.pdf,Zual/TLG_libre_scans,scans/volumes/pg61-chrysostom,scans/volumes/pg61-chrysostom/pg61-original-image-only.pdf,Creative Commons Public Domain Mark 1.0,SAMPLE_VISUALLY_GOOD,data/research_batches/scan_validation_pg61_chrysostom.md
2062,291,READY_REPORT_EXACT_MAPPING,Patrologia_Graeca_Vol._061.pdf,Zual/TLG_libre_scans,scans/volumes/pg61-chrysostom,scans/volumes/pg61-chrysostom/pg61-original-image-only.pdf,Creative Commons Public Domain Mark 1.0,SAMPLE_VISUALLY_GOOD,data/research_batches/scan_validation_pg61_chrysostom.md
2062,292,READY_REPORT_EXACT_MAPPING,Patrologia_Graeca_Vol._061.pdf,Zual/TLG_libre_scans,scans/volumes/pg61-chrysostom,scans/volumes/pg61-chrysostom/pg61-original-image-only.pdf,Creative Commons Public Domain Mark 1.0,SAMPLE_VISUALLY_GOOD,data/research_batches/scan_validation_pg61_chrysostom.md
2062,293,READY_REPORT_EXACT_MAPPING,Patrologia_Graeca_Vol._061.pdf,Zual/TLG_libre_scans,scans/volumes/pg61-chrysostom,scans/volumes/pg61-chrysostom/pg61-original-image-only.pdf,Creative Commons Public Domain Mark 1.0,SAMPLE_VISUALLY_GOOD,data/research_batches/scan_validation_pg61_chrysostom.md
2062,294,READY_REPORT_EXACT_MAPPING,Patrologia_Graeca_Vol._061.pdf,Zual/TLG_libre_scans,scans/volumes/pg61-chrysostom,scans/volumes/pg61-chrysostom/pg61-original-image-only.pdf,Creative Commons Public Domain Mark 1.0,SAMPLE_VISUALLY_GOOD,data/research_batches/scan_validation_pg61_chrysostom.md
2062,295,READY_REPORT_EXACT_MAPPING,Patrologia_Graeca_Vol._061.pdf,Zual/TLG_libre_scans,scans/volumes/pg61-chrysostom,scans/volumes/pg61-chrysostom/pg61-original-image-only.pdf,Creative Commons Public Domain Mark 1.0,SAMPLE_VISUALLY_GOOD,data/research_batches/scan_validation_pg61_chrysostom.md
2062,296,READY_REPORT_EXACT_MAPPING,Patrologia_Graeca_Vol._061.pdf,Zual/TLG_libre_scans,scans/volumes/pg61-chrysostom,scans/volumes/pg61-chrysostom/pg61-original-image-only.pdf,Creative Commons Public Domain Mark 1.0,SAMPLE_VISUALLY_GOOD,data/research_batches/scan_validation_pg61_chrysostom.md
2062,297,READY_REPORT_EXACT_MAPPING,Patrologia_Graeca_Vol._061.pdf,Zual/TLG_libre_scans,scans/volumes/pg61-chrysostom,scans/volumes/pg61-chrysostom/pg61-original-image-only.pdf,Creative Commons Public Domain Mark 1.0,SAMPLE_VISUALLY_GOOD,data/research_batches/scan_validation_pg61_chrysostom.md
2062,298,READY_REPORT_EXACT_MAPPING,Patrologia_Graeca_Vol._061.pdf,Zual/TLG_libre_scans,scans/volumes/pg61-chrysostom,scans/volumes/pg61-chrysostom/pg61-original-image-only.pdf,Creative Commons Public Domain Mark 1.0,SAMPLE_VISUALLY_GOOD,data/research_batches/scan_validation_pg61_chrysostom.md
2062,299,READY_REPORT_EXACT_MAPPING,Patrologia_Graeca_Vol._061.pdf,Zual/TLG_libre_scans,scans/volumes/pg61-chrysostom,scans/volumes/pg61-chrysostom/pg61-original-image-only.pdf,Creative Commons Public Domain Mark 1.0,SAMPLE_VISUALLY_GOOD,data/research_batches/scan_validation_pg61_chrysostom.md
2062,300,READY_REPORT_EXACT_MAPPING,Patrologia_Graeca_Vol._061.pdf,Zual/TLG_libre_scans,scans/volumes/pg61-chrysostom,scans/volumes/pg61-chrysostom/pg61-original-image-only.pdf,Creative Commons Public Domain Mark 1.0,SAMPLE_VISUALLY_GOOD,data/research_batches/scan_validation_pg61_chrysostom.md
2062,301,READY_REPORT_EXACT_MAPPING,Patrologia_Graeca_Vol._061.pdf,Zual/TLG_libre_scans,scans/volumes/pg61-chrysostom,scans/volumes/pg61-chrysostom/pg61-original-image-only.pdf,Creative Commons Public Domain Mark 1.0,SAMPLE_VISUALLY_GOOD,data/research_batches/scan_validation_pg61_chrysostom.md
2062,302,READY_REPORT_EXACT_MAPPING,Patrologia_Graeca_Vol._061.pdf,Zual/TLG_libre_scans,scans/volumes/pg61-chrysostom,scans/volumes/pg61-chrysostom/pg61-original-image-only.pdf,Creative Commons Public Domain Mark 1.0,SAMPLE_VISUALLY_GOOD,data/research_batches/scan_validation_pg61_chrysostom.md
2062,303,READY_REPORT_EXACT_MAPPING,Patrologia_Graeca_Vol._061.pdf,Zual/TLG_libre_scans,scans/volumes/pg61-chrysostom,scans/volumes/pg61-chrysostom/pg61-original-image-only.pdf,Creative Commons Public Domain Mark 1.0,SAMPLE_VISUALLY_GOOD,data/research_batches/scan_validation_pg61_chrysostom.md
2062,304,READY_REPORT_EXACT_MAPPING,Patrologia_Graeca_Vol._061.pdf,Zual/TLG_libre_scans,scans/volumes/pg61-chrysostom,scans/volumes/pg61-chrysostom/pg61-original-image-only.pdf,Creative Commons Public Domain Mark 1.0,SAMPLE_VISUALLY_GOOD,data/research_batches/scan_validation_pg61_chrysostom.md
2062,305,READY_REPORT_EXACT_MAPPING,Patrologia_Graeca_Vol._061.pdf,Zual/TLG_libre_scans,scans/volumes/pg61-chrysostom,scans/volumes/pg61-chrysostom/pg61-original-image-only.pdf,Creative Commons Public Domain Mark 1.0,SAMPLE_VISUALLY_GOOD,data/research_batches/scan_validation_pg61_chrysostom.md
2062,306,READY_REPORT_EXACT_MAPPING,Patrologia_Graeca_Vol._061.pdf,Zual/TLG_libre_scans,scans/volumes/pg61-chrysostom,scans/volumes/pg61-chrysostom/pg61-original-image-only.pdf,Creative Commons Public Domain Mark 1.0,SAMPLE_VISUALLY_GOOD,data/research_batches/scan_validation_pg61_chrysostom.md
2062,307,READY_REPORT_EXACT_MAPPING,Patrologia_Graeca_Vol._061.pdf,Zual/TLG_libre_scans,scans/volumes/pg61-chrysostom,scans/volumes/pg61-chrysostom/pg61-original-image-only.pdf,Creative Commons Public Domain Mark 1.0,SAMPLE_VISUALLY_GOOD,data/research_batches/scan_validation_pg61_chrysostom.md
2062,308,READY_REPORT_EXACT_MAPPING,Patrologia_Graeca_Vol._061.pdf,Zual/TLG_libre_scans,scans/volumes/pg61-chrysostom,scans/volumes/pg61-chrysostom/pg61-original-image-only.pdf,Creative Commons Public Domain Mark 1.0,SAMPLE_VISUALLY_GOOD,data/research_batches/scan_validation_pg61_chrysostom.md
2062,309,READY_REPORT_EXACT_MAPPING,Patrologia_Graeca_Vol._061.pdf,Zual/TLG_libre_scans,scans/volumes/pg61-chrysostom,scans/volumes/pg61-chrysostom/pg61-original-image-only.pdf,Creative Commons Public Domain Mark 1.0,SAMPLE_VISUALLY_GOOD,data/research_batches/scan_validation_pg61_chrysostom.md
2062,310,READY_REPORT_EXACT_MAPPING,Patrologia_Graeca_Vol._061.pdf,Zual/TLG_libre_scans,scans/volumes/pg61-chrysostom,scans/volumes/pg61-chrysostom/pg61-original-image-only.pdf,Creative Commons Public Domain Mark 1.0,SAMPLE_VISUALLY_GOOD,data/research_batches/scan_validation_pg61_chrysostom.md
2062,311,READY_REPORT_EXACT_MAPPING,Patrologia_Graeca_Vol._061.pdf,Zual/TLG_libre_scans,scans/volumes/pg61-chrysostom,scans/volumes/pg61-chrysostom/pg61-original-image-only.pdf,Creative Commons Public Domain Mark 1.0,SAMPLE_VISUALLY_GOOD,data/research_batches/scan_validation_pg61_chrysostom.md
2062,312,READY_REPORT_EXACT_MAPPING,Patrologia_Graeca_Vol._061.pdf,Zual/TLG_libre_scans,scans/volumes/pg61-chrysostom,scans/volumes/pg61-chrysostom/pg61-original-image-only.pdf,Creative Commons Public Domain Mark 1.0,SAMPLE_VISUALLY_GOOD,data/research_batches/scan_validation_pg61_chrysostom.md
2062,313,READY_REPORT_EXACT_MAPPING,Patrologia_Graeca_Vol._061.pdf,Zual/TLG_libre_scans,scans/volumes/pg61-chrysostom,scans/volumes/pg61-chrysostom/pg61-original-image-only.pdf,Creative Commons Public Domain Mark 1.0,SAMPLE_VISUALLY_GOOD,data/research_batches/scan_validation_pg61_chrysostom.md
2062,314,READY_REPORT_EXACT_MAPPING,Patrologia_Graeca_Vol._061.pdf,Zual/TLG_libre_scans,scans/volumes/pg61-chrysostom,scans/volumes/pg61-chrysostom/pg61-original-image-only.pdf,Creative Commons Public Domain Mark 1.0,SAMPLE_VISUALLY_GOOD,data/research_batches/scan_validation_pg61_chrysostom.md
2062,315,READY_REPORT_EXACT_MAPPING,Patrologia_Graeca_Vol._061.pdf,Zual/TLG_libre_scans,scans/volumes/pg61-chrysostom,scans/volumes/pg61-chrysostom/pg61-original-image-only.pdf,Creative Commons Public Domain Mark 1.0,SAMPLE_VISUALLY_GOOD,data/research_batches/scan_validation_pg61_chrysostom.md
2062,316,READY_REPORT_EXACT_MAPPING,Patrologia_Graeca_Vol._061.pdf,Zual/TLG_libre_scans,scans/volumes/pg61-chrysostom,scans/volumes/pg61-chrysostom/pg61-original-image-only.pdf,Creative Commons Public Domain Mark 1.0,SAMPLE_VISUALLY_GOOD,data/research_batches/scan_validation_pg61_chrysostom.md
2062,317,READY_REPORT_EXACT_MAPPING,Patrologia_Graeca_Vol._061.pdf,Zual/TLG_libre_scans,scans/volumes/pg61-chrysostom,scans/volumes/pg61-chrysostom/pg61-original-image-only.pdf,Creative Commons Public Domain Mark 1.0,SAMPLE_VISUALLY_GOOD,data/research_batches/scan_validation_pg61_chrysostom.md
2062,318,READY_REPORT_EXACT_MAPPING,Patrologia_Graeca_Vol._062.pdf,Zual/TLG_libre_scans,scans/volumes/pg62-chrysostom,scans/volumes/pg62-chrysostom/pg62-original-image-only.pdf,Creative Commons Public Domain Mark 1.0,SAMPLE_VISUALLY_GOOD,data/research_batches/scan_validation_pg62_chrysostom.md
2062,319,READY_REPORT_EXACT_MAPPING,Patrologia_Graeca_Vol._062.pdf,Zual/TLG_libre_scans,scans/volumes/pg62-chrysostom,scans/volumes/pg62-chrysostom/pg62-original-image-only.pdf,Creative Commons Public Domain Mark 1.0,SAMPLE_VISUALLY_GOOD,data/research_batches/scan_validation_pg62_chrysostom.md
2062,320,READY_REPORT_EXACT_MAPPING,Patrologia_Graeca_Vol._062.pdf,Zual/TLG_libre_scans,scans/volumes/pg62-chrysostom,scans/volumes/pg62-chrysostom/pg62-original-image-only.pdf,Creative Commons Public Domain Mark 1.0,SAMPLE_VISUALLY_GOOD,data/research_batches/scan_validation_pg62_chrysostom.md
2062,321,READY_REPORT_EXACT_MAPPING,Patrologia_Graeca_Vol._062.pdf,Zual/TLG_libre_scans,scans/volumes/pg62-chrysostom,scans/volumes/pg62-chrysostom/pg62-original-image-only.pdf,Creative Commons Public Domain Mark 1.0,SAMPLE_VISUALLY_GOOD,data/research_batches/scan_validation_pg62_chrysostom.md
2062,322,READY_REPORT_EXACT_MAPPING,Patrologia_Graeca_Vol._062.pdf,Zual/TLG_libre_scans,scans/volumes/pg62-chrysostom,scans/volumes/pg62-chrysostom/pg62-original-image-only.pdf,Creative Commons Public Domain Mark 1.0,SAMPLE_VISUALLY_GOOD,data/research_batches/scan_validation_pg62_chrysostom.md
2062,323,READY_REPORT_EXACT_MAPPING,Patrologia_Graeca_Vol._062.pdf,Zual/TLG_libre_scans,scans/volumes/pg62-chrysostom,scans/volumes/pg62-chrysostom/pg62-original-image-only.pdf,Creative Commons Public Domain Mark 1.0,SAMPLE_VISUALLY_GOOD,data/research_batches/scan_validation_pg62_chrysostom.md
2062,324,READY_REPORT_EXACT_MAPPING,Patrologia_Graeca_Vol._062.pdf,Zual/TLG_libre_scans,scans/volumes/pg62-chrysostom,scans/volumes/pg62-chrysostom/pg62-original-image-only.pdf,Creative Commons Public Domain Mark 1.0,SAMPLE_VISUALLY_GOOD,data/research_batches/scan_validation_pg62_chrysostom.md
2062,325,READY_REPORT_EXACT_MAPPING,Patrologia_Graeca_Vol._062.pdf,Zual/TLG_libre_scans,scans/volumes/pg62-chrysostom,scans/volumes/pg62-chrysostom/pg62-original-image-only.pdf,Creative Commons Public Domain Mark 1.0,SAMPLE_VISUALLY_GOOD,data/research_batches/scan_validation_pg62_chrysostom.md
2062,326,READY_REPORT_EXACT_MAPPING,Patrologia_Graeca_Vol._062.pdf,Zual/TLG_libre_scans,scans/volumes/pg62-chrysostom,scans/volumes/pg62-chrysostom/pg62-original-image-only.pdf,Creative Commons Public Domain Mark 1.0,SAMPLE_VISUALLY_GOOD,data/research_batches/scan_validation_pg62_chrysostom.md
2062,327,READY_REPORT_EXACT_MAPPING,Patrologia_Graeca_Vol._062.pdf,Zual/TLG_libre_scans,scans/volumes/pg62-chrysostom,scans/volumes/pg62-chrysostom/pg62-original-image-only.pdf,Creative Commons Public Domain Mark 1.0,SAMPLE_VISUALLY_GOOD,data/research_batches/scan_validation_pg62_chrysostom.md
2062,328,READY_REPORT_EXACT_MAPPING,Patrologia_Graeca_Vol._062.pdf,Zual/TLG_libre_scans,scans/volumes/pg62-chrysostom,scans/volumes/pg62-chrysostom/pg62-original-image-only.pdf,Creative Commons Public Domain Mark 1.0,SAMPLE_VISUALLY_GOOD,data/research_batches/scan_validation_pg62_chrysostom.md
2062,329,READY_REPORT_EXACT_MAPPING,Patrologia_Graeca_Vol._062.pdf,Zual/TLG_libre_scans,scans/volumes/pg62-chrysostom,scans/volumes/pg62-chrysostom/pg62-original-image-only.pdf,Creative Commons Public Domain Mark 1.0,SAMPLE_VISUALLY_GOOD,data/research_batches/scan_validation_pg62_chrysostom.md
2062,330,READY_REPORT_EXACT_MAPPING,Patrologia_Graeca_Vol._062.pdf,Zual/TLG_libre_scans,scans/volumes/pg62-chrysostom,scans/volumes/pg62-chrysostom/pg62-original-image-only.pdf,Creative Commons Public Domain Mark 1.0,SAMPLE_VISUALLY_GOOD,data/research_batches/scan_validation_pg62_chrysostom.md
2062,331,READY_REPORT_EXACT_MAPPING,Patrologia_Graeca_Vol._062.pdf,Zual/TLG_libre_scans,scans/volumes/pg62-chrysostom,scans/volumes/pg62-chrysostom/pg62-original-image-only.pdf,Creative Commons Public Domain Mark 1.0,SAMPLE_VISUALLY_GOOD,data/research_batches/scan_validation_pg62_chrysostom.md
2062,332,READY_REPORT_EXACT_MAPPING,Patrologia_Graeca_Vol._062.pdf,Zual/TLG_libre_scans,scans/volumes/pg62-chrysostom,scans/volumes/pg62-chrysostom/pg62-original-image-only.pdf,Creative Commons Public Domain Mark 1.0,SAMPLE_VISUALLY_GOOD,data/research_batches/scan_validation_pg62_chrysostom.md
2062,333,READY_REPORT_EXACT_MAPPING,Patrologia_Graeca_Vol._062.pdf,Zual/TLG_libre_scans,scans/volumes/pg62-chrysostom,scans/volumes/pg62-chrysostom/pg62-original-image-only.pdf,Creative Commons Public Domain Mark 1.0,SAMPLE_VISUALLY_GOOD,data/research_batches/scan_validation_pg62_chrysostom.md
2062,334,READY_REPORT_EXACT_MAPPING,Patrologia_Graeca_Vol._062.pdf,Zual/TLG_libre_scans,scans/volumes/pg62-chrysostom,scans/volumes/pg62-chrysostom/pg62-original-image-only.pdf,Creative Commons Public Domain Mark 1.0,SAMPLE_VISUALLY_GOOD,data/research_batches/scan_validation_pg62_chrysostom.md
2062,335,READY_REPORT_EXACT_MAPPING,Patrologia_Graeca_Vol._062.pdf,Zual/TLG_libre_scans,scans/volumes/pg62-chrysostom,scans/volumes/pg62-chrysostom/pg62-original-image-only.pdf,Creative Commons Public Domain Mark 1.0,SAMPLE_VISUALLY_GOOD,data/research_batches/scan_validation_pg62_chrysostom.md
2062,336,READY_REPORT_EXACT_MAPPING,Patrologia_Graeca_Vol._062.pdf,Zual/TLG_libre_scans,scans/volumes/pg62-chrysostom,scans/volumes/pg62-chrysostom/pg62-original-image-only.pdf,Creative Commons Public Domain Mark 1.0,SAMPLE_VISUALLY_GOOD,data/research_batches/scan_validation_pg62_chrysostom.md
2062,337,READY_REPORT_EXACT_MAPPING,Patrologia_Graeca_Vol._063.pdf,Zual/TLG_libre_scans,scans/volumes/pg63-chrysostom,scans/volumes/pg63-chrysostom/pg63-original-image-only.pdf,Creative Commons Public Domain Mark 1.0,SAMPLE_VISUALLY_GOOD,data/research_batches/scan_validation_pg63_chrysostom.md
2062,338,READY_REPORT_EXACT_MAPPING,Patrologia_Graeca_Vol._063.pdf,Zual/TLG_libre_scans,scans/volumes/pg63-chrysostom,scans/volumes/pg63-chrysostom/pg63-original-image-only.pdf,Creative Commons Public Domain Mark 1.0,SAMPLE_VISUALLY_GOOD,data/research_batches/scan_validation_pg63_chrysostom.md
2062,345,READY_REPORT_EXACT_MAPPING,Patrologia_Graeca_Vol._063.pdf,Zual/TLG_libre_scans,scans/volumes/pg63-chrysostom,scans/volumes/pg63-chrysostom/pg63-original-image-only.pdf,Creative Commons Public Domain Mark 1.0,SAMPLE_VISUALLY_GOOD,data/research_batches/scan_validation_pg63_chrysostom.md
2062,346,READY_REPORT_EXACT_MAPPING,Patrologia_Graeca_Vol._063.pdf,Zual/TLG_libre_scans,scans/volumes/pg63-chrysostom,scans/volumes/pg63-chrysostom/pg63-original-image-only.pdf,Creative Commons Public Domain Mark 1.0,SAMPLE_VISUALLY_GOOD,data/research_batches/scan_validation_pg63_chrysostom.md
2062,347,READY_REPORT_EXACT_MAPPING,Patrologia_Graeca_Vol._063.pdf,Zual/TLG_libre_scans,scans/volumes/pg63-chrysostom,scans/volumes/pg63-chrysostom/pg63-original-image-only.pdf,Creative Commons Public Domain Mark 1.0,SAMPLE_VISUALLY_GOOD,data/research_batches/scan_validation_pg63_chrysostom.md
2062,348,READY_REPORT_EXACT_MAPPING,Patrologia_Graeca_Vol._063.pdf,Zual/TLG_libre_scans,scans/volumes/pg63-chrysostom,scans/volumes/pg63-chrysostom/pg63-original-image-only.pdf,Creative Commons Public Domain Mark 1.0,SAMPLE_VISUALLY_GOOD,data/research_batches/scan_validation_pg63_chrysostom.md
2062,349,READY_REPORT_EXACT_MAPPING,Patrologia_Graeca_Vol._063.pdf,Zual/TLG_libre_scans,scans/volumes/pg63-chrysostom,scans/volumes/pg63-chrysostom/pg63-original-image-only.pdf,Creative Commons Public Domain Mark 1.0,SAMPLE_VISUALLY_GOOD,data/research_batches/scan_validation_pg63_chrysostom.md
2062,350,READY_REPORT_EXACT_MAPPING,Patrologia_Graeca_Vol._063.pdf,Zual/TLG_libre_scans,scans/volumes/pg63-chrysostom,scans/volumes/pg63-chrysostom/pg63-original-image-only.pdf,Creative Commons Public Domain Mark 1.0,SAMPLE_VISUALLY_GOOD,data/research_batches/scan_validation_pg63_chrysostom.md
2062,351,READY_REPORT_EXACT_MAPPING,Patrologia_Graeca_Vol._063.pdf,Zual/TLG_libre_scans,scans/volumes/pg63-chrysostom,scans/volumes/pg63-chrysostom/pg63-original-image-only.pdf,Creative Commons Public Domain Mark 1.0,SAMPLE_VISUALLY_GOOD,data/research_batches/scan_validation_pg63_chrysostom.md
2062,352,READY_REPORT_EXACT_MAPPING,Patrologia_Graeca_Vol._064.pdf,Zual/TLG_libre_scans,scans/volumes/pg64-chrysostom,webdataset/volumes--pg64-chrysostom--84b040964da9.tar,Creative Commons Public Domain Mark 1.0,SAMPLE_VISUALLY_GOOD,data/research_batches/scan_validation_pg64_chrysostom.md
2062,353,READY_REPORT_EXACT_MAPPING,Patrologia_Graeca_Vol._064.pdf,Zual/TLG_libre_scans,scans/volumes/pg64-chrysostom,webdataset/volumes--pg64-chrysostom--84b040964da9.tar,Creative Commons Public Domain Mark 1.0,SAMPLE_VISUALLY_GOOD,data/research_batches/scan_validation_pg64_chrysostom.md
2062,354,READY_REPORT_EXACT_MAPPING,Patrologia_Graeca_Vol._064.pdf,Zual/TLG_libre_scans,scans/volumes/pg64-chrysostom,webdataset/volumes--pg64-chrysostom--84b040964da9.tar,Creative Commons Public Domain Mark 1.0,SAMPLE_VISUALLY_GOOD,data/research_batches/scan_validation_pg64_chrysostom.md
2062,355,READY_REPORT_EXACT_MAPPING,Patrologia_Graeca_Vol._064.pdf,Zual/TLG_libre_scans,scans/volumes/pg64-chrysostom,webdataset/volumes--pg64-chrysostom--84b040964da9.tar,Creative Commons Public Domain Mark 1.0,SAMPLE_VISUALLY_GOOD,data/research_batches/scan_validation_pg64_chrysostom.md
2062,356,READY_REPORT_EXACT_MAPPING,Patrologia_Graeca_Vol._064.pdf,Zual/TLG_libre_scans,scans/volumes/pg64-chrysostom,webdataset/volumes--pg64-chrysostom--84b040964da9.tar,Creative Commons Public Domain Mark 1.0,SAMPLE_VISUALLY_GOOD,data/research_batches/scan_validation_pg64_chrysostom.md
2062,357,READY_REPORT_EXACT_MAPPING,Patrologia_Graeca_Vol._064.pdf,Zual/TLG_libre_scans,scans/volumes/pg64-chrysostom,webdataset/volumes--pg64-chrysostom--84b040964da9.tar,Creative Commons Public Domain Mark 1.0,SAMPLE_VISUALLY_GOOD,data/research_batches/scan_validation_pg64_chrysostom.md
2062,358,READY_REPORT_EXACT_MAPPING,Patrologia_Graeca_Vol._064.pdf,Zual/TLG_libre_scans,scans/volumes/pg64-chrysostom,webdataset/volumes--pg64-chrysostom--84b040964da9.tar,Creative Commons Public Domain Mark 1.0,SAMPLE_VISUALLY_GOOD,data/research_batches/scan_validation_pg64_chrysostom.md
2062,359,READY_REPORT_EXACT_MAPPING,Patrologia_Graeca_Vol._064.pdf,Zual/TLG_libre_scans,scans/volumes/pg64-chrysostom,webdataset/volumes--pg64-chrysostom--84b040964da9.tar,Creative Commons Public Domain Mark 1.0,SAMPLE_VISUALLY_GOOD,data/research_batches/scan_validation_pg64_chrysostom.md
2062,360,READY_REPORT_EXACT_MAPPING,Patrologia_Graeca_Vol._064.pdf,Zual/TLG_libre_scans,scans/volumes/pg64-chrysostom,webdataset/volumes--pg64-chrysostom--84b040964da9.tar,Creative Commons Public Domain Mark 1.0,SAMPLE_VISUALLY_GOOD,data/research_batches/scan_validation_pg64_chrysostom.md
2062,361,READY_REPORT_EXACT_MAPPING,Patrologia_Graeca_Vol._064.pdf,Zual/TLG_libre_scans,scans/volumes/pg64-chrysostom,webdataset/volumes--pg64-chrysostom--84b040964da9.tar,Creative Commons Public Domain Mark 1.0,SAMPLE_VISUALLY_GOOD,data/research_batches/scan_validation_pg64_chrysostom.md
2062,362,READY_REPORT_EXACT_MAPPING,Patrologia_Graeca_Vol._064.pdf,Zual/TLG_libre_scans,scans/volumes/pg64-chrysostom,webdataset/volumes--pg64-chrysostom--84b040964da9.tar,Creative Commons Public Domain Mark 1.0,SAMPLE_VISUALLY_GOOD,data/research_batches/scan_validation_pg64_chrysostom.md
2062,363,READY_REPORT_EXACT_MAPPING,Patrologia_Graeca_Vol._064.pdf,Zual/TLG_libre_scans,scans/volumes/pg64-chrysostom,webdataset/volumes--pg64-chrysostom--84b040964da9.tar,Creative Commons Public Domain Mark 1.0,SAMPLE_VISUALLY_GOOD,data/research_batches/scan_validation_pg64_chrysostom.md
2062,364,READY_REPORT_EXACT_MAPPING,Patrologia_Graeca_Vol._064.pdf,Zual/TLG_libre_scans,scans/volumes/pg64-chrysostom,webdataset/volumes--pg64-chrysostom--84b040964da9.tar,Creative Commons Public Domain Mark 1.0,SAMPLE_VISUALLY_GOOD,data/research_batches/scan_validation_pg64_chrysostom.md
2062,365,READY_REPORT_EXACT_MAPPING,Patrologia_Graeca_Vol._064.pdf,Zual/TLG_libre_scans,scans/volumes/pg64-chrysostom,webdataset/volumes--pg64-chrysostom--84b040964da9.tar,Creative Commons Public Domain Mark 1.0,SAMPLE_VISUALLY_GOOD,data/research_batches/scan_validation_pg64_chrysostom.md
2062,366,READY_REPORT_EXACT_MAPPING,Patrologia_Graeca_Vol._064.pdf,Zual/TLG_libre_scans,scans/volumes/pg64-chrysostom,webdataset/volumes--pg64-chrysostom--84b040964da9.tar,Creative Commons Public Domain Mark 1.0,SAMPLE_VISUALLY_GOOD,data/research_batches/scan_validation_pg64_chrysostom.md
2062,368,READY_REPORT_EXACT_MAPPING,Patrologia_Graeca_Vol._064.pdf,Zual/TLG_libre_scans,scans/volumes/pg64-chrysostom,webdataset/volumes--pg64-chrysostom--84b040964da9.tar,Creative Commons Public Domain Mark 1.0,SAMPLE_VISUALLY_GOOD,data/research_batches/scan_validation_pg64_chrysostom.md
2062,369,READY_REPORT_EXACT_MAPPING,Patrologia_Graeca_Vol._064.pdf,Zual/TLG_libre_scans,scans/volumes/pg64-chrysostom,webdataset/volumes--pg64-chrysostom--84b040964da9.tar,Creative Commons Public Domain Mark 1.0,SAMPLE_VISUALLY_GOOD,data/research_batches/scan_validation_pg64_chrysostom.md
2062,370,READY_REPORT_EXACT_MAPPING,Patrologia_Graeca_Vol._064.pdf,Zual/TLG_libre_scans,scans/volumes/pg64-chrysostom,webdataset/volumes--pg64-chrysostom--84b040964da9.tar,Creative Commons Public Domain Mark 1.0,SAMPLE_VISUALLY_GOOD,data/research_batches/scan_validation_pg64_chrysostom.md
2062,371,READY_REPORT_EXACT_MAPPING,Patrologia_Graeca_Vol._064.pdf,Zual/TLG_libre_scans,scans/volumes/pg64-chrysostom,webdataset/volumes--pg64-chrysostom--84b040964da9.tar,Creative Commons Public Domain Mark 1.0,SAMPLE_VISUALLY_GOOD,data/research_batches/scan_validation_pg64_chrysostom.md
2063,006,ARCHIVED_DIRECT_REGISTRY_MAPPING,Patrologia_Graeca_Vol._010.pdf,Zual/TLG_libre_scans,scans/volumes/pg10-gregory-thaumaturgus,webdataset/volumes--pg10-gregory-thaumaturgus--b921a1d937d2.tar,Creative Commons Public Domain Mark 1.0,SAMPLE_VISUALLY_GOOD,data/scan_sources.csv
2063,008,ARCHIVED_DIRECT_REGISTRY_MAPPING,Patrologia_Graeca_Vol._010.pdf,Zual/TLG_libre_scans,scans/volumes/pg10-gregory-thaumaturgus,webdataset/volumes--pg10-gregory-thaumaturgus--b921a1d937d2.tar,Creative Commons Public Domain Mark 1.0,SAMPLE_VISUALLY_GOOD,data/scan_sources.csv
2063,009,ARCHIVED_DIRECT_REGISTRY_MAPPING,Patrologia_Graeca_Vol._010.pdf,Zual/TLG_libre_scans,scans/volumes/pg10-gregory-thaumaturgus,webdataset/volumes--pg10-gregory-thaumaturgus--b921a1d937d2.tar,Creative Commons Public Domain Mark 1.0,SAMPLE_VISUALLY_GOOD,data/scan_sources.csv
2063,010,ARCHIVED_DIRECT_REGISTRY_MAPPING,Patrologia_Graeca_Vol._010.pdf,Zual/TLG_libre_scans,scans/volumes/pg10-gregory-thaumaturgus,webdataset/volumes--pg10-gregory-thaumaturgus--b921a1d937d2.tar,Creative Commons Public Domain Mark 1.0,SAMPLE_VISUALLY_GOOD,data/scan_sources.csv
2063,013,ARCHIVED_DIRECT_REGISTRY_MAPPING,Patrologia_Graeca_Vol._010.pdf,Zual/TLG_libre_scans,scans/volumes/pg10-gregory-thaumaturgus,webdataset/volumes--pg10-gregory-thaumaturgus--b921a1d937d2.tar,Creative Commons Public Domain Mark 1.0,SAMPLE_VISUALLY_GOOD,data/scan_sources.csv
2074,001,ARCHIVED_DIRECT_REGISTRY_MAPPING,apollinarisvonl00apolgoog,Zual/TLG_libre_scans,scans/volumes/apollinaris-lietzmann-1904,webdataset/volumes--apollinaris-lietzmann-1904--6d438894f5a1.tar,Public-domain-era edition; no explicit IA rights field,SAMPLE_VISUALLY_GOOD,data/scan_sources.csv
2074,002,ARCHIVED_DIRECT_REGISTRY_MAPPING,apollinarisvonl00apolgoog,Zual/TLG_libre_scans,scans/volumes/apollinaris-lietzmann-1904,webdataset/volumes--apollinaris-lietzmann-1904--6d438894f5a1.tar,Public-domain-era edition; no explicit IA rights field,SAMPLE_VISUALLY_GOOD,data/scan_sources.csv
2074,003,ARCHIVED_DIRECT_REGISTRY_MAPPING,apollinarisvonl00apolgoog,Zual/TLG_libre_scans,scans/volumes/apollinaris-lietzmann-1904,webdataset/volumes--apollinaris-lietzmann-1904--6d438894f5a1.tar,Public-domain-era edition; no explicit IA rights field,SAMPLE_VISUALLY_GOOD,data/scan_sources.csv
2074,004,ARCHIVED_DIRECT_REGISTRY_MAPPING,apollinarisvonl00apolgoog,Zual/TLG_libre_scans,scans/volumes/apollinaris-lietzmann-1904,webdataset/volumes--apollinaris-lietzmann-1904--6d438894f5a1.tar,Public-domain-era edition; no explicit IA rights field,SAMPLE_VISUALLY_GOOD,data/scan_sources.csv
2074,005,ARCHIVED_DIRECT_REGISTRY_MAPPING,apollinarisvonl00apolgoog,Zual/TLG_libre_scans,scans/volumes/apollinaris-lietzmann-1904,webdataset/volumes--apollinaris-lietzmann-1904--6d438894f5a1.tar,Public-domain-era edition; no explicit IA rights field,SAMPLE_VISUALLY_GOOD,data/scan_sources.csv
2074,006,ARCHIVED_DIRECT_REGISTRY_MAPPING,apollinarisvonl00apolgoog,Zual/TLG_libre_scans,scans/volumes/apollinaris-lietzmann-1904,webdataset/volumes--apollinaris-lietzmann-1904--6d438894f5a1.tar,Public-domain-era edition; no explicit IA rights field,SAMPLE_VISUALLY_GOOD,data/scan_sources.csv
2074,007,ARCHIVED_DIRECT_REGISTRY_MAPPING,apollinarisvonl00apolgoog,Zual/TLG_libre_scans,scans/volumes/apollinaris-lietzmann-1904,webdataset/volumes--apollinaris-lietzmann-1904--6d438894f5a1.tar,Public-domain-era edition; no explicit IA rights field,SAMPLE_VISUALLY_GOOD,data/scan_sources.csv
2074,008,ARCHIVED_DIRECT_REGISTRY_MAPPING,apollinarisvonl00apolgoog,Zual/TLG_libre_scans,scans/volumes/apollinaris-lietzmann-1904,webdataset/volumes--apollinaris-lietzmann-1904--6d438894f5a1.tar,Public-domain-era edition; no explicit IA rights field,SAMPLE_VISUALLY_GOOD,data/scan_sources.csv
2074,009,ARCHIVED_DIRECT_REGISTRY_MAPPING,apollinarisvonl00apolgoog,Zual/TLG_libre_scans,scans/volumes/apollinaris-lietzmann-1904,webdataset/volumes--apollinaris-lietzmann-1904--6d438894f5a1.tar,Public-domain-era edition; no explicit IA rights field,SAMPLE_VISUALLY_GOOD,data/scan_sources.csv
2074,010,ARCHIVED_DIRECT_REGISTRY_MAPPING,apollinarisvonl00apolgoog,Zual/TLG_libre_scans,scans/volumes/apollinaris-lietzmann-1904,webdataset/volumes--apollinaris-lietzmann-1904--6d438894f5a1.tar,Public-domain-era edition; no explicit IA rights field,SAMPLE_VISUALLY_GOOD,data/scan_sources.csv
2074,011,ARCHIVED_DIRECT_REGISTRY_MAPPING,apollinarisvonl00apolgoog,Zual/TLG_libre_scans,scans/volumes/apollinaris-lietzmann-1904,webdataset/volumes--apollinaris-lietzmann-1904--6d438894f5a1.tar,Public-domain-era edition; no explicit IA rights field,SAMPLE_VISUALLY_GOOD,data/scan_sources.csv
2074,012,ARCHIVED_DIRECT_REGISTRY_MAPPING,apollinarisvonl00apolgoog,Zual/TLG_libre_scans,scans/volumes/apollinaris-lietzmann-1904,webdataset/volumes--apollinaris-lietzmann-1904--6d438894f5a1.tar,Public-domain-era edition; no explicit IA rights field,SAMPLE_VISUALLY_GOOD,data/scan_sources.csv
2074,013,ARCHIVED_DIRECT_REGISTRY_MAPPING,apollinarisvonl00apolgoog,Zual/TLG_libre_scans,scans/volumes/apollinaris-lietzmann-1904,webdataset/volumes--apollinaris-lietzmann-1904--6d438894f5a1.tar,Public-domain-era edition; no explicit IA rights field,SAMPLE_VISUALLY_GOOD,data/scan_sources.csv
2074,014,ARCHIVED_DIRECT_REGISTRY_MAPPING,apollinarisvonl00apolgoog,Zual/TLG_libre_scans,scans/volumes/apollinaris-lietzmann-1904,webdataset/volumes--apollinaris-lietzmann-1904--6d438894f5a1.tar,Public-domain-era edition; no explicit IA rights field,SAMPLE_VISUALLY_GOOD,data/scan_sources.csv
2074,015,ARCHIVED_DIRECT_REGISTRY_MAPPING,apollinarisvonl00apolgoog,Zual/TLG_libre_scans,scans/volumes/apollinaris-lietzmann-1904,webdataset/volumes--apollinaris-lietzmann-1904--6d438894f5a1.tar,Public-domain-era edition; no explicit IA rights field,SAMPLE_VISUALLY_GOOD,data/scan_sources.csv
2074,016,ARCHIVED_DIRECT_REGISTRY_MAPPING,apollinarisvonl00apolgoog,Zual/TLG_libre_scans,scans/volumes/apollinaris-lietzmann-1904,webdataset/volumes--apollinaris-lietzmann-1904--6d438894f5a1.tar,Public-domain-era edition; no explicit IA rights field,SAMPLE_VISUALLY_GOOD,data/scan_sources.csv
2074,017,ARCHIVED_DIRECT_REGISTRY_MAPPING,apollinarisvonl00apolgoog,Zual/TLG_libre_scans,scans/volumes/apollinaris-lietzmann-1904,webdataset/volumes--apollinaris-lietzmann-1904--6d438894f5a1.tar,Public-domain-era edition; no explicit IA rights field,SAMPLE_VISUALLY_GOOD,data/scan_sources.csv
2074,018,ARCHIVED_DIRECT_REGISTRY_MAPPING,apollinarisvonl00apolgoog,Zual/TLG_libre_scans,scans/volumes/apollinaris-lietzmann-1904,webdataset/volumes--apollinaris-lietzmann-1904--6d438894f5a1.tar,Public-domain-era edition; no explicit IA rights field,SAMPLE_VISUALLY_GOOD,data/scan_sources.csv
2074,019,ARCHIVED_DIRECT_REGISTRY_MAPPING,apollinarisvonl00apolgoog,Zual/TLG_libre_scans,scans/volumes/apollinaris-lietzmann-1904,webdataset/volumes--apollinaris-lietzmann-1904--6d438894f5a1.tar,Public-domain-era edition; no explicit IA rights field,SAMPLE_VISUALLY_GOOD,data/scan_sources.csv
2074,020,ARCHIVED_DIRECT_REGISTRY_MAPPING,apollinarisvonl00apolgoog,Zual/TLG_libre_scans,scans/volumes/apollinaris-lietzmann-1904,webdataset/volumes--apollinaris-lietzmann-1904--6d438894f5a1.tar,Public-domain-era edition; no explicit IA rights field,SAMPLE_VISUALLY_GOOD,data/scan_sources.csv
2074,021,ARCHIVED_DIRECT_REGISTRY_MAPPING,apollinarisvonl00apolgoog,Zual/TLG_libre_scans,scans/volumes/apollinaris-lietzmann-1904,webdataset/volumes--apollinaris-lietzmann-1904--6d438894f5a1.tar,Public-domain-era edition; no explicit IA rights field,SAMPLE_VISUALLY_GOOD,data/scan_sources.csv
2074,022,ARCHIVED_DIRECT_REGISTRY_MAPPING,apollinarisvonl00apolgoog,Zual/TLG_libre_scans,scans/volumes/apollinaris-lietzmann-1904,webdataset/volumes--apollinaris-lietzmann-1904--6d438894f5a1.tar,Public-domain-era edition; no explicit IA rights field,SAMPLE_VISUALLY_GOOD,data/scan_sources.csv
2074,023,ARCHIVED_DIRECT_REGISTRY_MAPPING,apollinarisvonl00apolgoog,Zual/TLG_libre_scans,scans/volumes/apollinaris-lietzmann-1904,webdataset/volumes--apollinaris-lietzmann-1904--6d438894f5a1.tar,Public-domain-era edition; no explicit IA rights field,SAMPLE_VISUALLY_GOOD,data/scan_sources.csv
2074,024,ARCHIVED_DIRECT_REGISTRY_MAPPING,apollinarisvonl00apolgoog,Zual/TLG_libre_scans,scans/volumes/apollinaris-lietzmann-1904,webdataset/volumes--apollinaris-lietzmann-1904--6d438894f5a1.tar,Public-domain-era edition; no explicit IA rights field,SAMPLE_VISUALLY_GOOD,data/scan_sources.csv
2074,025,ARCHIVED_DIRECT_REGISTRY_MAPPING,apollinarisvonl00apolgoog,Zual/TLG_libre_scans,scans/volumes/apollinaris-lietzmann-1904,webdataset/volumes--apollinaris-lietzmann-1904--6d438894f5a1.tar,Public-domain-era edition; no explicit IA rights field,SAMPLE_VISUALLY_GOOD,data/scan_sources.csv
2074,026,ARCHIVED_DIRECT_REGISTRY_MAPPING,apollinarisvonl00apolgoog,Zual/TLG_libre_scans,scans/volumes/apollinaris-lietzmann-1904,webdataset/volumes--apollinaris-lietzmann-1904--6d438894f5a1.tar,Public-domain-era edition; no explicit IA rights field,SAMPLE_VISUALLY_GOOD,data/scan_sources.csv
2074,027,ARCHIVED_DIRECT_REGISTRY_MAPPING,apollinarisvonl00apolgoog,Zual/TLG_libre_scans,scans/volumes/apollinaris-lietzmann-1904,webdataset/volumes--apollinaris-lietzmann-1904--6d438894f5a1.tar,Public-domain-era edition; no explicit IA rights field,SAMPLE_VISUALLY_GOOD,data/scan_sources.csv
2074,028,ARCHIVED_DIRECT_REGISTRY_MAPPING,apollinarisvonl00apolgoog,Zual/TLG_libre_scans,scans/volumes/apollinaris-lietzmann-1904,webdataset/volumes--apollinaris-lietzmann-1904--6d438894f5a1.tar,Public-domain-era edition; no explicit IA rights field,SAMPLE_VISUALLY_GOOD,data/scan_sources.csv
2102,012,READY_REPORT_EXACT_MAPPING,Patrologia_Graeca_Vol._039.pdf,Zual/TLG_libre_scans,scans/volumes/pg39-didymus-amphilochius,scans/volumes/pg39-didymus-amphilochius/pg39-original-image-only.pdf,Creative Commons Public Domain Mark 1.0,SAMPLE_VISUALLY_GOOD,data/research_batches/scan_validation_pg39_didymus_amphilochius.md
2102,013,READY_REPORT_EXACT_MAPPING,Patrologia_Graeca_Vol._039.pdf,Zual/TLG_libre_scans,scans/volumes/pg39-didymus-amphilochius,scans/volumes/pg39-didymus-amphilochius/pg39-original-image-only.pdf,Creative Commons Public Domain Mark 1.0,SAMPLE_VISUALLY_GOOD,data/research_batches/scan_validation_pg39_didymus_amphilochius.md
2102,014,READY_REPORT_EXACT_MAPPING,Patrologia_Graeca_Vol._039.pdf,Zual/TLG_libre_scans,scans/volumes/pg39-didymus-amphilochius,scans/volumes/pg39-didymus-amphilochius/pg39-original-image-only.pdf,Creative Commons Public Domain Mark 1.0,SAMPLE_VISUALLY_GOOD,data/research_batches/scan_validation_pg39_didymus_amphilochius.md
2102,022,READY_REPORT_EXACT_MAPPING,Patrologia_Graeca_Vol._039.pdf,Zual/TLG_libre_scans,scans/volumes/pg39-didymus-amphilochius,scans/volumes/pg39-didymus-amphilochius/pg39-original-image-only.pdf,Creative Commons Public Domain Mark 1.0,SAMPLE_VISUALLY_GOOD,data/research_batches/scan_validation_pg39_didymus_amphilochius.md
2102,032,READY_REPORT_EXACT_MAPPING,Patrologia_Graeca_Vol._039.pdf,Zual/TLG_libre_scans,scans/volumes/pg39-didymus-amphilochius,scans/volumes/pg39-didymus-amphilochius/pg39-original-image-only.pdf,Creative Commons Public Domain Mark 1.0,SAMPLE_VISUALLY_GOOD,data/research_batches/scan_validation_pg39_didymus_amphilochius.md
2102,033,READY_REPORT_EXACT_MAPPING,Patrologia_Graeca_Vol._039.pdf,Zual/TLG_libre_scans,scans/volumes/pg39-didymus-amphilochius,scans/volumes/pg39-didymus-amphilochius/pg39-original-image-only.pdf,Creative Commons Public Domain Mark 1.0,SAMPLE_VISUALLY_GOOD,data/research_batches/scan_validation_pg39_didymus_amphilochius.md
2102,035,READY_REPORT_EXACT_MAPPING,Patrologia_Graeca_Vol._091.pdf,Zual/TLG_libre_scans,scans/volumes/pg91-maximus-thalassius,webdataset/volumes--pg91-maximus-thalassius--148279c352ec.tar,Creative Commons Public Domain Mark 1.0,SAMPLE_VISUALLY_GOOD,data/research_batches/scan_validation_pg91_maximus_thalassius.md
2102,042,READY_REPORT_EXACT_MAPPING,Patrologia_Graeca_Vol._039.pdf,Zual/TLG_libre_scans,scans/volumes/pg39-didymus-amphilochius,scans/volumes/pg39-didymus-amphilochius/pg39-original-image-only.pdf,Creative Commons Public Domain Mark 1.0,SAMPLE_VISUALLY_GOOD,data/research_batches/scan_validation_pg39_didymus_amphilochius.md
2102,043,READY_REPORT_EXACT_MAPPING,Patrologia_Graeca_Vol._039.pdf,Zual/TLG_libre_scans,scans/volumes/pg39-didymus-amphilochius,scans/volumes/pg39-didymus-amphilochius/pg39-original-image-only.pdf,Creative Commons Public Domain Mark 1.0,SAMPLE_VISUALLY_GOOD,data/research_batches/scan_validation_pg39_didymus_amphilochius.md
2112,019,READY_REPORT_EXACT_MAPPING,Patrologia_Graeca_Vol._039.pdf,Zual/TLG_libre_scans,scans/volumes/pg39-didymus-amphilochius,scans/volumes/pg39-didymus-amphilochius/pg39-original-image-only.pdf,Creative Commons Public Domain Mark 1.0,SAMPLE_VISUALLY_GOOD,data/research_batches/scan_validation_pg39_didymus_amphilochius.md
2112,020,READY_REPORT_EXACT_MAPPING,Patrologia_Graeca_Vol._039.pdf,Zual/TLG_libre_scans,scans/volumes/pg39-didymus-amphilochius,scans/volumes/pg39-didymus-amphilochius/pg39-original-image-only.pdf,Creative Commons Public Domain Mark 1.0,SAMPLE_VISUALLY_GOOD,data/research_batches/scan_validation_pg39_didymus_amphilochius.md
2112,021,READY_REPORT_EXACT_MAPPING,Patrologia_Graeca_Vol._039.pdf,Zual/TLG_libre_scans,scans/volumes/pg39-didymus-amphilochius,scans/volumes/pg39-didymus-amphilochius/pg39-original-image-only.pdf,Creative Commons Public Domain Mark 1.0,SAMPLE_VISUALLY_GOOD,data/research_batches/scan_validation_pg39_didymus_amphilochius.md
2112,022,READY_REPORT_EXACT_MAPPING,Patrologia_Graeca_Vol._039.pdf,Zual/TLG_libre_scans,scans/volumes/pg39-didymus-amphilochius,scans/volumes/pg39-didymus-amphilochius/pg39-original-image-only.pdf,Creative Commons Public Domain Mark 1.0,SAMPLE_VISUALLY_GOOD,data/research_batches/scan_validation_pg39_didymus_amphilochius.md
2112,023,READY_REPORT_EXACT_MAPPING,Patrologia_Graeca_Vol._039.pdf,Zual/TLG_libre_scans,scans/volumes/pg39-didymus-amphilochius,scans/volumes/pg39-didymus-amphilochius/pg39-original-image-only.pdf,Creative Commons Public Domain Mark 1.0,SAMPLE_VISUALLY_GOOD,data/research_batches/scan_validation_pg39_didymus_amphilochius.md
2112,024,READY_REPORT_EXACT_MAPPING,Patrologia_Graeca_Vol._039.pdf,Zual/TLG_libre_scans,scans/volumes/pg39-didymus-amphilochius,scans/volumes/pg39-didymus-amphilochius/pg39-original-image-only.pdf,Creative Commons Public Domain Mark 1.0,SAMPLE_VISUALLY_GOOD,data/research_batches/scan_validation_pg39_didymus_amphilochius.md
2112,025,READY_REPORT_EXACT_MAPPING,Patrologia_Graeca_Vol._039.pdf,Zual/TLG_libre_scans,scans/volumes/pg39-didymus-amphilochius,scans/volumes/pg39-didymus-amphilochius/pg39-original-image-only.pdf,Creative Commons Public Domain Mark 1.0,SAMPLE_VISUALLY_GOOD,data/research_batches/scan_validation_pg39_didymus_amphilochius.md
2112,027,READY_REPORT_EXACT_MAPPING,Patrologia_Graeca_Vol._039.pdf,Zual/TLG_libre_scans,scans/volumes/pg39-didymus-amphilochius,scans/volumes/pg39-didymus-amphilochius/pg39-original-image-only.pdf,Creative Commons Public Domain Mark 1.0,SAMPLE_VISUALLY_GOOD,data/research_batches/scan_validation_pg39_didymus_amphilochius.md
2141,003,ARCHIVED_DIRECT_REGISTRY_MAPPING,cuafragmentahist03mull,Zual/TLG_libre_scans,scans/volumes/fhg3-mueller,webdataset/volumes--fhg3-mueller--91adb3d3a463.tar,Public-domain-era edition; no explicit IA rights field,SAMPLE_VISUALLY_GOOD,data/scan_sources.csv
2151,002,ARCHIVED_DIRECT_REGISTRY_MAPPING,fragmentahistori04mueluoft,Zual/TLG_libre_scans,scans/volumes/fhg4-mueller,webdataset/volumes--fhg4-mueller--c2c4aac351d9.tar,Public-domain-era edition; no explicit IA rights field,SAMPLE_VISUALLY_GOOD,data/scan_sources.csv
2157,003,ARCHIVED_DIRECT_REGISTRY_MAPPING,fragmentahistori04mueluoft,Zual/TLG_libre_scans,scans/volumes/fhg4-mueller,webdataset/volumes--fhg4-mueller--c2c4aac351d9.tar,Public-domain-era edition; no explicit IA rights field,SAMPLE_VISUALLY_GOOD,data/scan_sources.csv
2158,002,ARCHIVED_DIRECT_REGISTRY_MAPPING,fragmentahistori04mueluoft,Zual/TLG_libre_scans,scans/volumes/fhg4-mueller,webdataset/volumes--fhg4-mueller--c2c4aac351d9.tar,Public-domain-era edition; no explicit IA rights field,SAMPLE_VISUALLY_GOOD,data/scan_sources.csv
2160,002,ARCHIVED_DIRECT_REGISTRY_MAPPING,fragmentahistori02unse,Zual/TLG_libre_scans,scans/volumes/fhg2-mueller,webdataset/volumes--fhg2-mueller--53c805d8a38b.tar,Public-domain-era edition; no explicit IA rights field,SAMPLE_VISUALLY_GOOD,data/scan_sources.csv
2162,003,ARCHIVED_DIRECT_REGISTRY_MAPPING,cuafragmentahist03mull,Zual/TLG_libre_scans,scans/volumes/fhg3-mueller,webdataset/volumes--fhg3-mueller--91adb3d3a463.tar,Public-domain-era edition; no explicit IA rights field,SAMPLE_VISUALLY_GOOD,data/scan_sources.csv
2171,002,ARCHIVED_DIRECT_REGISTRY_MAPPING,fragmentahistori04mueluoft,Zual/TLG_libre_scans,scans/volumes/fhg4-mueller,webdataset/volumes--fhg4-mueller--c2c4aac351d9.tar,Public-domain-era edition; no explicit IA rights field,SAMPLE_VISUALLY_GOOD,data/scan_sources.csv
2172,002,ARCHIVED_DIRECT_REGISTRY_MAPPING,fragmentahistori02unse,Zual/TLG_libre_scans,scans/volumes/fhg2-mueller,webdataset/volumes--fhg2-mueller--53c805d8a38b.tar,Public-domain-era edition; no explicit IA rights field,SAMPLE_VISUALLY_GOOD,data/scan_sources.csv
2173,002,ARCHIVED_DIRECT_REGISTRY_MAPPING,fragmentahistori04mueluoft,Zual/TLG_libre_scans,scans/volumes/fhg4-mueller,webdataset/volumes--fhg4-mueller--c2c4aac351d9.tar,Public-domain-era edition; no explicit IA rights field,SAMPLE_VISUALLY_GOOD,data/scan_sources.csv
2178,004,ARCHIVED_DIRECT_REGISTRY_MAPPING,hephaestionisenc00hephuoft,Zual/TLG_libre_scans,scans/volumes/hephaestion-consbruch-1906,webdataset/volumes--hephaestion-consbruch-1906--e7b5d4dd11a9.tar,Public-domain-era edition; no explicit IA rights field,SAMPLE_VISUALLY_GOOD,data/scan_sources.csv
2181,002,ARCHIVED_DIRECT_REGISTRY_MAPPING,Collection_des_anciens_alchimistes_grecs_L2_3-6_1888,Zual/TLG_libre_scans,scans/tlg2181/tlg002/caag2-1888-pp300-315,webdataset/tlg2181--tlg002--caag2-1888-pp300-315--40007d1db9e6.tar,Creative Commons Public Domain Mark 1.0,SAMPLE_VISUALLY_GOOD,data/scan_sources.csv
2182,003,ARCHIVED_DIRECT_REGISTRY_MAPPING,fragmentahistori04mueluoft,Zual/TLG_libre_scans,scans/volumes/fhg4-mueller,webdataset/volumes--fhg4-mueller--c2c4aac351d9.tar,Public-domain-era edition; no explicit IA rights field,SAMPLE_VISUALLY_GOOD,data/scan_sources.csv
2186,003,ARCHIVED_DIRECT_REGISTRY_MAPPING,fragmentahistori02unse,Zual/TLG_libre_scans,scans/volumes/fhg2-mueller,webdataset/volumes--fhg2-mueller--53c805d8a38b.tar,Public-domain-era edition; no explicit IA rights field,SAMPLE_VISUALLY_GOOD,data/scan_sources.csv
2187,002,ARCHIVED_DIRECT_REGISTRY_MAPPING,cuafragmentahist03mull,Zual/TLG_libre_scans,scans/volumes/fhg3-mueller,webdataset/volumes--fhg3-mueller--91adb3d3a463.tar,Public-domain-era edition; no explicit IA rights field,SAMPLE_VISUALLY_GOOD,data/scan_sources.csv
2190,002,ARCHIVED_DIRECT_REGISTRY_MAPPING,fragmentahistori04mueluoft,Zual/TLG_libre_scans,scans/volumes/fhg4-mueller,webdataset/volumes--fhg4-mueller--c2c4aac351d9.tar,Public-domain-era edition; no explicit IA rights field,SAMPLE_VISUALLY_GOOD,data/scan_sources.csv
2192,002,ARCHIVED_DIRECT_REGISTRY_MAPPING,cuafragmentahist03mull,Zual/TLG_libre_scans,scans/volumes/fhg3-mueller,webdataset/volumes--fhg3-mueller--91adb3d3a463.tar,Public-domain-era edition; no explicit IA rights field,SAMPLE_VISUALLY_GOOD,data/scan_sources.csv
2193,002,ARCHIVED_DIRECT_REGISTRY_MAPPING,fragmentahistori04mueluoft,Zual/TLG_libre_scans,scans/volumes/fhg4-mueller,webdataset/volumes--fhg4-mueller--c2c4aac351d9.tar,Public-domain-era edition; no explicit IA rights field,SAMPLE_VISUALLY_GOOD,data/scan_sources.csv
2194,002,ARCHIVED_DIRECT_REGISTRY_MAPPING,fragmentahistori04mueluoft,Zual/TLG_libre_scans,scans/volumes/fhg4-mueller,webdataset/volumes--fhg4-mueller--c2c4aac351d9.tar,Public-domain-era edition; no explicit IA rights field,SAMPLE_VISUALLY_GOOD,data/scan_sources.csv
2195,002,ARCHIVED_DIRECT_REGISTRY_MAPPING,fragmentahistori04mueluoft,Zual/TLG_libre_scans,scans/volumes/fhg4-mueller,webdataset/volumes--fhg4-mueller--c2c4aac351d9.tar,Public-domain-era edition; no explicit IA rights field,SAMPLE_VISUALLY_GOOD,data/scan_sources.csv
2196,002,ARCHIVED_DIRECT_REGISTRY_MAPPING,fragmentahistori04mueluoft,Zual/TLG_libre_scans,scans/volumes/fhg4-mueller,webdataset/volumes--fhg4-mueller--c2c4aac351d9.tar,Public-domain-era edition; no explicit IA rights field,SAMPLE_VISUALLY_GOOD,data/scan_sources.csv
2201,002,ARCHIVED_DIRECT_REGISTRY_MAPPING,fragmentahistori04mueluoft,Zual/TLG_libre_scans,scans/volumes/fhg4-mueller,webdataset/volumes--fhg4-mueller--c2c4aac351d9.tar,Public-domain-era edition; no explicit IA rights field,SAMPLE_VISUALLY_GOOD,data/scan_sources.csv
2202,002,ARCHIVED_DIRECT_REGISTRY_MAPPING,fragmentahistori04mueluoft,Zual/TLG_libre_scans,scans/volumes/fhg4-mueller,webdataset/volumes--fhg4-mueller--c2c4aac351d9.tar,Public-domain-era edition; no explicit IA rights field,SAMPLE_VISUALLY_GOOD,data/scan_sources.csv
2203,002,ARCHIVED_DIRECT_REGISTRY_MAPPING,fragmentahistori04mueluoft,Zual/TLG_libre_scans,scans/volumes/fhg4-mueller,webdataset/volumes--fhg4-mueller--c2c4aac351d9.tar,Public-domain-era edition; no explicit IA rights field,SAMPLE_VISUALLY_GOOD,data/scan_sources.csv
2204,002,ARCHIVED_DIRECT_REGISTRY_MAPPING,fragmentahistori04mueluoft,Zual/TLG_libre_scans,scans/volumes/fhg4-mueller,webdataset/volumes--fhg4-mueller--c2c4aac351d9.tar,Public-domain-era edition; no explicit IA rights field,SAMPLE_VISUALLY_GOOD,data/scan_sources.csv
2205,002,ARCHIVED_DIRECT_REGISTRY_MAPPING,fragmentahistori04mueluoft,Zual/TLG_libre_scans,scans/volumes/fhg4-mueller,webdataset/volumes--fhg4-mueller--c2c4aac351d9.tar,Public-domain-era edition; no explicit IA rights field,SAMPLE_VISUALLY_GOOD,data/scan_sources.csv
2210,002,ARCHIVED_DIRECT_REGISTRY_MAPPING,fragmentahistori04mueluoft,Zual/TLG_libre_scans,scans/volumes/fhg4-mueller,webdataset/volumes--fhg4-mueller--c2c4aac351d9.tar,Public-domain-era edition; no explicit IA rights field,SAMPLE_VISUALLY_GOOD,data/scan_sources.csv
2213,002,ARCHIVED_DIRECT_REGISTRY_MAPPING,fragmentahistori04mueluoft,Zual/TLG_libre_scans,scans/volumes/fhg4-mueller,webdataset/volumes--fhg4-mueller--c2c4aac351d9.tar,Public-domain-era edition; no explicit IA rights field,SAMPLE_VISUALLY_GOOD,data/scan_sources.csv
2215,002,ARCHIVED_DIRECT_REGISTRY_MAPPING,fragmentahistori04mueluoft,Zual/TLG_libre_scans,scans/volumes/fhg4-mueller,webdataset/volumes--fhg4-mueller--c2c4aac351d9.tar,Public-domain-era edition; no explicit IA rights field,SAMPLE_VISUALLY_GOOD,data/scan_sources.csv
2216,003,ARCHIVED_DIRECT_REGISTRY_MAPPING,fragmentahistori04mueluoft,Zual/TLG_libre_scans,scans/volumes/fhg4-mueller,webdataset/volumes--fhg4-mueller--c2c4aac351d9.tar,Public-domain-era edition; no explicit IA rights field,SAMPLE_VISUALLY_GOOD,data/scan_sources.csv
2217,002,ARCHIVED_DIRECT_REGISTRY_MAPPING,fragmentahistori04mueluoft,Zual/TLG_libre_scans,scans/volumes/fhg4-mueller,webdataset/volumes--fhg4-mueller--c2c4aac351d9.tar,Public-domain-era edition; no explicit IA rights field,SAMPLE_VISUALLY_GOOD,data/scan_sources.csv
2218,001,ARCHIVED_DIRECT_REGISTRY_MAPPING,comicorumatticor03kockuoft,Zual/TLG_libre_scans,scans/volumes/kock-caf3-1888,webdataset/volumes--kock-caf3-1888--eb18be6a710d.tar,Public-domain-era edition; no explicit IA rights field,SAMPLE_VISUALLY_GOOD,data/scan_sources.csv
2218,002,ARCHIVED_DIRECT_REGISTRY_MAPPING,fragmentacomicor04meinuoft,Zual/TLG_libre_scans,scans/volumes/meineke-fcg4-1841,webdataset/volumes--meineke-fcg4-1841--a53d12b7427c.tar,NOT_IN_COPYRIGHT; IA rights/license fields absent; private repository,SAMPLE_VISUALLY_GOOD,data/scan_sources.csv
2219,003,ARCHIVED_DIRECT_REGISTRY_MAPPING,fragmentahistori02unse,Zual/TLG_libre_scans,scans/volumes/fhg2-mueller,webdataset/volumes--fhg2-mueller--53c805d8a38b.tar,Public-domain-era edition; no explicit IA rights field,SAMPLE_VISUALLY_GOOD,data/scan_sources.csv
2243,001,ARCHIVED_DIRECT_REGISTRY_MAPPING,apocryphaanecdot00jame,Zual/TLG_libre_scans,scans/volumes/apocrypha-anecdota-james-1893,webdataset/volumes--apocrypha-anecdota-james-1893--f89cb7ae1e78.tar,Public-domain-era edition; no explicit IA rights field,SAMPLE_VISUALLY_GOOD,data/scan_sources.csv
2248,001,ARCHIVED_DIRECT_REGISTRY_MAPPING,apocryphaanecdot00jame,Zual/TLG_libre_scans,scans/volumes/apocrypha-anecdota-james-1893,webdataset/volumes--apocrypha-anecdota-james-1893--f89cb7ae1e78.tar,Public-domain-era edition; no explicit IA rights field,SAMPLE_VISUALLY_GOOD,data/scan_sources.csv
2577,003,ARCHIVED_DIRECT_REGISTRY_MAPPING,CatalogusCodicumAstrologorumGraec8p3,Zual/TLG_libre_scans,scans/volumes/ccag8-3-boudreaux-1912,webdataset/volumes--ccag8-3-boudreaux-1912--d40e3ab66168.tar,Public Domain Mark 1.0,SAMPLE_VISUALLY_GOOD,data/scan_sources.csv
2584,001,ARCHIVED_DIRECT_REGISTRY_MAPPING,comicorumgraecor11kaib,Zual/TLG_libre_scans,scans/tlg2584/tlg001/kaibel-1899,webdataset/tlg2584--tlg001--kaibel-1899--906af87c035c.tar,Public-domain-era edition; no explicit IA rights field,SAMPLE_VISUALLY_GOOD,data/scan_sources.csv
2656,001,ARCHIVED_DIRECT_REGISTRY_MAPPING,hephaestionisenc00hephuoft,Zual/TLG_libre_scans,scans/volumes/hephaestion-consbruch-1906,webdataset/volumes--hephaestion-consbruch-1906--e7b5d4dd11a9.tar,Public-domain-era edition; no explicit IA rights field,SAMPLE_VISUALLY_GOOD,data/scan_sources.csv
2705,019,READY_REPORT_EXACT_MAPPING,Patrologia_Graeca_Vol._116.pdf,Zual/TLG_libre_scans,scans/volumes/pg116-symeon-metaphrastes,webdataset/volumes--pg116-symeon-metaphrastes--b9a5de7449f9.tar,Creative Commons Public Domain Mark 1.0,SAMPLE_VISUALLY_GOOD,data/research_batches/scan_validation_pg116_symeon_metaphrastes_ii.md
2705,020,READY_REPORT_EXACT_MAPPING,Patrologia_Graeca_Vol._105.pdf,Zual/TLG_libre_scans,scans/volumes/pg105-nicetas-paphlagon,scans/volumes/pg105-nicetas-paphlagon/pg105-original-image-only.pdf,Creative Commons Public Domain Mark 1.0,SAMPLE_VISUALLY_GOOD,data/research_batches/scan_validation_pg105_nicetas_paphlagon.md
2705,024,READY_REPORT_EXACT_MAPPING,Patrologia_Graeca_Vol._105.pdf,Zual/TLG_libre_scans,scans/volumes/pg105-nicetas-paphlagon,scans/volumes/pg105-nicetas-paphlagon/pg105-original-image-only.pdf,Creative Commons Public Domain Mark 1.0,SAMPLE_VISUALLY_GOOD,data/research_batches/scan_validation_pg105_nicetas_paphlagon.md
2714,001,READY_REPORT_EXACT_MAPPING,Patrologia_Graeca_Vol._096.pdf,Zual/TLG_libre_scans,scans/volumes/pg96-john-damascene,scans/volumes/pg96-john-damascene/pg96-original-image-only.pdf,Creative Commons Public Domain Mark 1.0,SAMPLE_VISUALLY_GOOD,data/research_batches/scan_validation_pg96_john_damascene.md
2714,011,READY_REPORT_EXACT_MAPPING,Patrologia_Graeca_Vol._099.pdf,Zual/TLG_libre_scans,scans/volumes/pg99-theodore-studite,scans/volumes/pg99-theodore-studite/pg99-original-image-only.pdf,Creative Commons Public Domain Mark 1.0,SAMPLE_VISUALLY_GOOD,data/research_batches/scan_validation_pg99_theodore_studite.md
2714,024,READY_REPORT_EXACT_MAPPING,Patrologia_Graeca_Vol._099.pdf,Zual/TLG_libre_scans,scans/volumes/pg99-theodore-studite,scans/volumes/pg99-theodore-studite/pg99-original-image-only.pdf,Creative Commons Public Domain Mark 1.0,SAMPLE_VISUALLY_GOOD,data/research_batches/scan_validation_pg99_theodore_studite.md
2714,026,READY_REPORT_EXACT_MAPPING,Patrologia_Graeca_Vol._099.pdf,Zual/TLG_libre_scans,scans/volumes/pg99-theodore-studite,scans/volumes/pg99-theodore-studite/pg99-original-image-only.pdf,Creative Commons Public Domain Mark 1.0,SAMPLE_VISUALLY_GOOD,data/research_batches/scan_validation_pg99_theodore_studite.md
2714,027,READY_REPORT_EXACT_MAPPING,Patrologia_Graeca_Vol._099.pdf,Zual/TLG_libre_scans,scans/volumes/pg99-theodore-studite,scans/volumes/pg99-theodore-studite/pg99-original-image-only.pdf,Creative Commons Public Domain Mark 1.0,SAMPLE_VISUALLY_GOOD,data/research_batches/scan_validation_pg99_theodore_studite.md
2714,028,READY_REPORT_EXACT_MAPPING,Patrologia_Graeca_Vol._099.pdf,Zual/TLG_libre_scans,scans/volumes/pg99-theodore-studite,scans/volumes/pg99-theodore-studite/pg99-original-image-only.pdf,Creative Commons Public Domain Mark 1.0,SAMPLE_VISUALLY_GOOD,data/research_batches/scan_validation_pg99_theodore_studite.md
2714,029,READY_REPORT_EXACT_MAPPING,Patrologia_Graeca_Vol._099.pdf,Zual/TLG_libre_scans,scans/volumes/pg99-theodore-studite,scans/volumes/pg99-theodore-studite/pg99-original-image-only.pdf,Creative Commons Public Domain Mark 1.0,SAMPLE_VISUALLY_GOOD,data/research_batches/scan_validation_pg99_theodore_studite.md
2718,001,ARCHIVED_DIRECT_REGISTRY_MAPPING,carminaexcodicib01philuoft,Zual/TLG_libre_scans,scans/volumes/philes-carmina-v1-1855,webdataset/volumes--philes-carmina-v1-1855--b09c98002752.tar,Creative Commons Public Domain Mark 1.0,SAMPLE_VISUALLY_GOOD,data/scan_sources.csv
2718,001,ARCHIVED_DIRECT_REGISTRY_MAPPING,carminaexcodicib02philuoft,Zual/TLG_libre_scans,scans/volumes/philes-carmina-v2-1857,webdataset/volumes--philes-carmina-v2-1857--8525817768ce.tar,Creative Commons Public Domain Mark 1.0,SAMPLE_VISUALLY_GOOD,data/scan_sources.csv
2720,026,READY_REPORT_EXACT_MAPPING,Patrologia_Graeca_Vol._062.pdf,Zual/TLG_libre_scans,scans/volumes/pg62-chrysostom,scans/volumes/pg62-chrysostom/pg62-original-image-only.pdf,Creative Commons Public Domain Mark 1.0,SAMPLE_VISUALLY_GOOD,data/research_batches/scan_validation_pg62_chrysostom.md
2720,027,READY_REPORT_EXACT_MAPPING,Patrologia_Graeca_Vol._061.pdf,Zual/TLG_libre_scans,scans/volumes/pg61-chrysostom,scans/volumes/pg61-chrysostom/pg61-original-image-only.pdf,Creative Commons Public Domain Mark 1.0,SAMPLE_VISUALLY_GOOD,data/research_batches/scan_validation_pg61_chrysostom.md
2720,028,READY_REPORT_EXACT_MAPPING,Patrologia_Graeca_Vol._064.pdf,Zual/TLG_libre_scans,scans/volumes/pg64-chrysostom,webdataset/volumes--pg64-chrysostom--84b040964da9.tar,Creative Commons Public Domain Mark 1.0,SAMPLE_VISUALLY_GOOD,data/research_batches/scan_validation_pg64_chrysostom.md
2720,029,READY_REPORT_EXACT_MAPPING,Patrologia_Graeca_Vol._061.pdf,Zual/TLG_libre_scans,scans/volumes/pg61-chrysostom,scans/volumes/pg61-chrysostom/pg61-original-image-only.pdf,Creative Commons Public Domain Mark 1.0,SAMPLE_VISUALLY_GOOD,data/research_batches/scan_validation_pg61_chrysostom.md
2720,034,READY_REPORT_EXACT_MAPPING,Patrologia_Graeca_Vol._061.pdf,Zual/TLG_libre_scans,scans/volumes/pg61-chrysostom,scans/volumes/pg61-chrysostom/pg61-original-image-only.pdf,Creative Commons Public Domain Mark 1.0,SAMPLE_VISUALLY_GOOD,data/research_batches/scan_validation_pg61_chrysostom.md
2724,001,READY_REPORT_EXACT_MAPPING,Patrologia_Graeca_Vol._085.pdf,Zual/TLG_libre_scans,scans/volumes/pg85-basil-seleucia,webdataset/volumes--pg85-basil-seleucia--pages-014-237--ed471407632e.tar;webdataset/volumes--pg85-basil-seleucia--pages-681-682--482cf3ad2e04.tar;webdataset/volumes--pg85-basil-seleucia--pages-691-696--3d472cdeed67.tar;webdataset/volumes--pg85-basil-seleucia--pages-760-803--4bd2892ce5b1.tar;webdataset/volumes--pg85-basil-seleucia--pages-915-916--13d3e81f57ef.tar;webdataset/volumes--pg85-basil-seleucia--pages-938-948--6f17a6d8a162.tar,Creative Commons Public Domain Mark 1.0,SAMPLE_VISUALLY_GOOD,data/research_batches/scan_validation_pg85_basil_seleucia.md
2724,005,READY_REPORT_EXACT_MAPPING,Patrologia_Graeca_Vol._085.pdf,Zual/TLG_libre_scans,scans/volumes/pg85-basil-seleucia,webdataset/volumes--pg85-basil-seleucia--pages-014-237--ed471407632e.tar;webdataset/volumes--pg85-basil-seleucia--pages-681-682--482cf3ad2e04.tar;webdataset/volumes--pg85-basil-seleucia--pages-691-696--3d472cdeed67.tar;webdataset/volumes--pg85-basil-seleucia--pages-760-803--4bd2892ce5b1.tar;webdataset/volumes--pg85-basil-seleucia--pages-915-916--13d3e81f57ef.tar;webdataset/volumes--pg85-basil-seleucia--pages-938-948--6f17a6d8a162.tar,Creative Commons Public Domain Mark 1.0,SAMPLE_VISUALLY_GOOD,data/research_batches/scan_validation_pg85_basil_seleucia.md
2724,007,READY_REPORT_EXACT_MAPPING,Patrologia_Graeca_Vol._085.pdf,Zual/TLG_libre_scans,scans/volumes/pg85-basil-seleucia,webdataset/volumes--pg85-basil-seleucia--pages-014-237--ed471407632e.tar;webdataset/volumes--pg85-basil-seleucia--pages-681-682--482cf3ad2e04.tar;webdataset/volumes--pg85-basil-seleucia--pages-691-696--3d472cdeed67.tar;webdataset/volumes--pg85-basil-seleucia--pages-760-803--4bd2892ce5b1.tar;webdataset/volumes--pg85-basil-seleucia--pages-915-916--13d3e81f57ef.tar;webdataset/volumes--pg85-basil-seleucia--pages-938-948--6f17a6d8a162.tar,Creative Commons Public Domain Mark 1.0,SAMPLE_VISUALLY_GOOD,data/research_batches/scan_validation_pg85_basil_seleucia.md
2724,008,READY_REPORT_EXACT_MAPPING,Patrologia_Graeca_Vol._085.pdf,Zual/TLG_libre_scans,scans/volumes/pg85-basil-seleucia,webdataset/volumes--pg85-basil-seleucia--pages-014-237--ed471407632e.tar;webdataset/volumes--pg85-basil-seleucia--pages-681-682--482cf3ad2e04.tar;webdataset/volumes--pg85-basil-seleucia--pages-691-696--3d472cdeed67.tar;webdataset/volumes--pg85-basil-seleucia--pages-760-803--4bd2892ce5b1.tar;webdataset/volumes--pg85-basil-seleucia--pages-915-916--13d3e81f57ef.tar;webdataset/volumes--pg85-basil-seleucia--pages-938-948--6f17a6d8a162.tar,Creative Commons Public Domain Mark 1.0,SAMPLE_VISUALLY_GOOD,data/research_batches/scan_validation_pg85_basil_seleucia.md
2742,001,READY_REPORT_EXACT_MAPPING,Patrologia_Graeca_Vol._065.pdf,Zual/TLG_libre_scans,scans/volumes/pg65-proclus-apophthegmata,webdataset/volumes--pg65-proclus-apophthegmata--0668c3e0bc2d.tar,Creative Commons Public Domain Mark 1.0,SAMPLE_VISUALLY_GOOD,data/research_batches/scan_validation_pg65_proclus_apophthegmata.md
2755,006,READY_REPORT_EXACT_MAPPING,Patrologia_Graeca_Vol._065.pdf,Zual/TLG_libre_scans,scans/volumes/pg65-proclus-apophthegmata,webdataset/volumes--pg65-proclus-apophthegmata--0668c3e0bc2d.tar,Creative Commons Public Domain Mark 1.0,SAMPLE_VISUALLY_GOOD,data/research_batches/scan_validation_pg65_proclus_apophthegmata.md
2755,007,READY_REPORT_EXACT_MAPPING,Patrologia_Graeca_Vol._065.pdf,Zual/TLG_libre_scans,scans/volumes/pg65-proclus-apophthegmata,webdataset/volumes--pg65-proclus-apophthegmata--0668c3e0bc2d.tar,Creative Commons Public Domain Mark 1.0,SAMPLE_VISUALLY_GOOD,data/research_batches/scan_validation_pg65_proclus_apophthegmata.md
2755,008,READY_REPORT_EXACT_MAPPING,Patrologia_Graeca_Vol._065.pdf,Zual/TLG_libre_scans,scans/volumes/pg65-proclus-apophthegmata,webdataset/volumes--pg65-proclus-apophthegmata--0668c3e0bc2d.tar,Creative Commons Public Domain Mark 1.0,SAMPLE_VISUALLY_GOOD,data/research_batches/scan_validation_pg65_proclus_apophthegmata.md
2755,009,READY_REPORT_EXACT_MAPPING,Patrologia_Graeca_Vol._065.pdf,Zual/TLG_libre_scans,scans/volumes/pg65-proclus-apophthegmata,webdataset/volumes--pg65-proclus-apophthegmata--0668c3e0bc2d.tar,Creative Commons Public Domain Mark 1.0,SAMPLE_VISUALLY_GOOD,data/research_batches/scan_validation_pg65_proclus_apophthegmata.md
2755,010,READY_REPORT_EXACT_MAPPING,Patrologia_Graeca_Vol._065.pdf,Zual/TLG_libre_scans,scans/volumes/pg65-proclus-apophthegmata,webdataset/volumes--pg65-proclus-apophthegmata--0668c3e0bc2d.tar,Creative Commons Public Domain Mark 1.0,SAMPLE_VISUALLY_GOOD,data/research_batches/scan_validation_pg65_proclus_apophthegmata.md
2755,011,READY_REPORT_EXACT_MAPPING,Patrologia_Graeca_Vol._065.pdf,Zual/TLG_libre_scans,scans/volumes/pg65-proclus-apophthegmata,webdataset/volumes--pg65-proclus-apophthegmata--0668c3e0bc2d.tar,Creative Commons Public Domain Mark 1.0,SAMPLE_VISUALLY_GOOD,data/research_batches/scan_validation_pg65_proclus_apophthegmata.md
2755,012,READY_REPORT_EXACT_MAPPING,Patrologia_Graeca_Vol._065.pdf,Zual/TLG_libre_scans,scans/volumes/pg65-proclus-apophthegmata,webdataset/volumes--pg65-proclus-apophthegmata--0668c3e0bc2d.tar,Creative Commons Public Domain Mark 1.0,SAMPLE_VISUALLY_GOOD,data/research_batches/scan_validation_pg65_proclus_apophthegmata.md
2755,013,READY_REPORT_EXACT_MAPPING,Patrologia_Graeca_Vol._065.pdf,Zual/TLG_libre_scans,scans/volumes/pg65-proclus-apophthegmata,webdataset/volumes--pg65-proclus-apophthegmata--0668c3e0bc2d.tar,Creative Commons Public Domain Mark 1.0,SAMPLE_VISUALLY_GOOD,data/research_batches/scan_validation_pg65_proclus_apophthegmata.md
2755,014,READY_REPORT_EXACT_MAPPING,Patrologia_Graeca_Vol._065.pdf,Zual/TLG_libre_scans,scans/volumes/pg65-proclus-apophthegmata,webdataset/volumes--pg65-proclus-apophthegmata--0668c3e0bc2d.tar,Creative Commons Public Domain Mark 1.0,SAMPLE_VISUALLY_GOOD,data/research_batches/scan_validation_pg65_proclus_apophthegmata.md
2755,015,READY_REPORT_EXACT_MAPPING,Patrologia_Graeca_Vol._065.pdf,Zual/TLG_libre_scans,scans/volumes/pg65-proclus-apophthegmata,webdataset/volumes--pg65-proclus-apophthegmata--0668c3e0bc2d.tar,Creative Commons Public Domain Mark 1.0,SAMPLE_VISUALLY_GOOD,data/research_batches/scan_validation_pg65_proclus_apophthegmata.md
2755,016,READY_REPORT_EXACT_MAPPING,Patrologia_Graeca_Vol._065.pdf,Zual/TLG_libre_scans,scans/volumes/pg65-proclus-apophthegmata,webdataset/volumes--pg65-proclus-apophthegmata--0668c3e0bc2d.tar,Creative Commons Public Domain Mark 1.0,SAMPLE_VISUALLY_GOOD,data/research_batches/scan_validation_pg65_proclus_apophthegmata.md
2755,017,READY_REPORT_EXACT_MAPPING,Patrologia_Graeca_Vol._065.pdf,Zual/TLG_libre_scans,scans/volumes/pg65-proclus-apophthegmata,webdataset/volumes--pg65-proclus-apophthegmata--0668c3e0bc2d.tar,Creative Commons Public Domain Mark 1.0,SAMPLE_VISUALLY_GOOD,data/research_batches/scan_validation_pg65_proclus_apophthegmata.md
2755,018,READY_REPORT_EXACT_MAPPING,Patrologia_Graeca_Vol._065.pdf,Zual/TLG_libre_scans,scans/volumes/pg65-proclus-apophthegmata,webdataset/volumes--pg65-proclus-apophthegmata--0668c3e0bc2d.tar,Creative Commons Public Domain Mark 1.0,SAMPLE_VISUALLY_GOOD,data/research_batches/scan_validation_pg65_proclus_apophthegmata.md
2755,019,READY_REPORT_EXACT_MAPPING,Patrologia_Graeca_Vol._065.pdf,Zual/TLG_libre_scans,scans/volumes/pg65-proclus-apophthegmata,webdataset/volumes--pg65-proclus-apophthegmata--0668c3e0bc2d.tar,Creative Commons Public Domain Mark 1.0,SAMPLE_VISUALLY_GOOD,data/research_batches/scan_validation_pg65_proclus_apophthegmata.md
2755,033,READY_REPORT_EXACT_MAPPING,Patrologia_Graeca_Vol._062.pdf,Zual/TLG_libre_scans,scans/volumes/pg62-chrysostom,scans/volumes/pg62-chrysostom/pg62-original-image-only.pdf,Creative Commons Public Domain Mark 1.0,SAMPLE_VISUALLY_GOOD,data/research_batches/scan_validation_pg62_chrysostom.md
2755,039,READY_REPORT_EXACT_MAPPING,Patrologia_Graeca_Vol._065.pdf,Zual/TLG_libre_scans,scans/volumes/pg65-proclus-apophthegmata,webdataset/volumes--pg65-proclus-apophthegmata--0668c3e0bc2d.tar,Creative Commons Public Domain Mark 1.0,SAMPLE_VISUALLY_GOOD,data/research_batches/scan_validation_pg65_proclus_apophthegmata.md
2760,001,READY_REPORT_EXACT_MAPPING,Patrologia_Graeca_Vol._077.pdf,Zual/TLG_libre_scans,scans/volumes/pg77-cyril-alexandria,scans/volumes/pg77-cyril-alexandria/pg77-original-image-only.pdf,Creative Commons Public Domain Mark 1.0,SAMPLE_VISUALLY_GOOD,data/research_batches/scan_validation_pg77_cyril_alexandria.md
2778,002,READY_REPORT_EXACT_MAPPING,Patrologia_Graeca_Vol._077.pdf,Zual/TLG_libre_scans,scans/volumes/pg77-cyril-alexandria,scans/volumes/pg77-cyril-alexandria/pg77-original-image-only.pdf,Creative Commons Public Domain Mark 1.0,SAMPLE_VISUALLY_GOOD,data/research_batches/scan_validation_pg77_cyril_alexandria.md
2778,004,READY_REPORT_EXACT_MAPPING,Patrologia_Graeca_Vol._077.pdf,Zual/TLG_libre_scans,scans/volumes/pg77-cyril-alexandria,scans/volumes/pg77-cyril-alexandria/pg77-original-image-only.pdf,Creative Commons Public Domain Mark 1.0,SAMPLE_VISUALLY_GOOD,data/research_batches/scan_validation_pg77_cyril_alexandria.md
2797,007,READY_REPORT_EXACT_MAPPING,Patrologia_Graeca_Vol._055.pdf,Zual/TLG_libre_scans,scans/volumes/pg55-chrysostom,scans/volumes/pg55-chrysostom/pg55-original-image-only.pdf,Creative Commons Public Domain Mark 1.0,SAMPLE_VISUALLY_GOOD,data/research_batches/scan_validation_pg55_chrysostom.md
2797,009,READY_REPORT_EXACT_MAPPING,Patrologia_Graeca_Vol._093.pdf,Zual/TLG_libre_scans,scans/volumes/pg93-hesychius,scans/volumes/pg93-hesychius/pg93-original-image-only.pdf,Creative Commons Public Domain Mark 1.0,SAMPLE_VISUALLY_GOOD,data/research_batches/scan_validation_pg93_hesychius.md
2797,010,READY_REPORT_EXACT_MAPPING,Patrologia_Graeca_Vol._093.pdf,Zual/TLG_libre_scans,scans/volumes/pg93-hesychius,scans/volumes/pg93-hesychius/pg93-original-image-only.pdf,Creative Commons Public Domain Mark 1.0,SAMPLE_VISUALLY_GOOD,data/research_batches/scan_validation_pg93_hesychius.md
2797,011,READY_REPORT_EXACT_MAPPING,Patrologia_Graeca_Vol._093.pdf,Zual/TLG_libre_scans,scans/volumes/pg93-hesychius,scans/volumes/pg93-hesychius/pg93-original-image-only.pdf,Creative Commons Public Domain Mark 1.0,SAMPLE_VISUALLY_GOOD,data/research_batches/scan_validation_pg93_hesychius.md
2797,013,READY_REPORT_EXACT_MAPPING,Patrologia_Graeca_Vol._093.pdf,Zual/TLG_libre_scans,scans/volumes/pg93-hesychius,scans/volumes/pg93-hesychius/pg93-original-image-only.pdf,Creative Commons Public Domain Mark 1.0,SAMPLE_VISUALLY_GOOD,data/research_batches/scan_validation_pg93_hesychius.md
2797,014,READY_REPORT_EXACT_MAPPING,Patrologia_Graeca_Vol._093.pdf,Zual/TLG_libre_scans,scans/volumes/pg93-hesychius,scans/volumes/pg93-hesychius/pg93-original-image-only.pdf,Creative Commons Public Domain Mark 1.0,SAMPLE_VISUALLY_GOOD,data/research_batches/scan_validation_pg93_hesychius.md
2797,024,READY_REPORT_EXACT_MAPPING,Patrologia_Graeca_Vol._093.pdf,Zual/TLG_libre_scans,scans/volumes/pg93-hesychius,scans/volumes/pg93-hesychius/pg93-original-image-only.pdf,Creative Commons Public Domain Mark 1.0,SAMPLE_VISUALLY_GOOD,data/research_batches/scan_validation_pg93_hesychius.md
2800,002,READY_REPORT_EXACT_MAPPING,Patrologia_Graeca_Vol._085.pdf,Zual/TLG_libre_scans,scans/volumes/pg85-basil-seleucia,webdataset/volumes--pg85-basil-seleucia--pages-014-237--ed471407632e.tar;webdataset/volumes--pg85-basil-seleucia--pages-681-682--482cf3ad2e04.tar;webdataset/volumes--pg85-basil-seleucia--pages-691-696--3d472cdeed67.tar;webdataset/volumes--pg85-basil-seleucia--pages-760-803--4bd2892ce5b1.tar;webdataset/volumes--pg85-basil-seleucia--pages-915-916--13d3e81f57ef.tar;webdataset/volumes--pg85-basil-seleucia--pages-938-948--6f17a6d8a162.tar,Creative Commons Public Domain Mark 1.0,SAMPLE_VISUALLY_GOOD,data/research_batches/scan_validation_pg85_basil_seleucia.md
2800,003,READY_REPORT_EXACT_MAPPING,Patrologia_Graeca_Vol._028.pdf,Zual/TLG_libre_scans,scans/volumes/pg28-athanasius-spuria,scans/volumes/pg28-athanasius-spuria/pg28-original-image-only.pdf,Creative Commons Public Domain Mark 1.0,SAMPLE_VISUALLY_GOOD,data/research_batches/scan_validation_pg28_athanasius_spuria.md
2800,004,READY_REPORT_EXACT_MAPPING,Patrologia_Graeca_Vol._028.pdf,Zual/TLG_libre_scans,scans/volumes/pg28-athanasius-spuria,scans/volumes/pg28-athanasius-spuria/pg28-original-image-only.pdf,Creative Commons Public Domain Mark 1.0,SAMPLE_VISUALLY_GOOD,data/research_batches/scan_validation_pg28_athanasius_spuria.md
2800,005,READY_REPORT_EXACT_MAPPING,Patrologia_Graeca_Vol._028.pdf,Zual/TLG_libre_scans,scans/volumes/pg28-athanasius-spuria,scans/volumes/pg28-athanasius-spuria/pg28-original-image-only.pdf,Creative Commons Public Domain Mark 1.0,SAMPLE_VISUALLY_GOOD,data/research_batches/scan_validation_pg28_athanasius_spuria.md
2800,006,READY_REPORT_EXACT_MAPPING,Patrologia_Graeca_Vol._028.pdf,Zual/TLG_libre_scans,scans/volumes/pg28-athanasius-spuria,scans/volumes/pg28-athanasius-spuria/pg28-original-image-only.pdf,Creative Commons Public Domain Mark 1.0,SAMPLE_VISUALLY_GOOD,data/research_batches/scan_validation_pg28_athanasius_spuria.md
2800,007,READY_REPORT_EXACT_MAPPING,Patrologia_Graeca_Vol._028.pdf,Zual/TLG_libre_scans,scans/volumes/pg28-athanasius-spuria,scans/volumes/pg28-athanasius-spuria/pg28-original-image-only.pdf,Creative Commons Public Domain Mark 1.0,SAMPLE_VISUALLY_GOOD,data/research_batches/scan_validation_pg28_athanasius_spuria.md
2800,008,READY_REPORT_EXACT_MAPPING,Patrologia_Graeca_Vol._028.pdf,Zual/TLG_libre_scans,scans/volumes/pg28-athanasius-spuria,scans/volumes/pg28-athanasius-spuria/pg28-original-image-only.pdf,Creative Commons Public Domain Mark 1.0,SAMPLE_VISUALLY_GOOD,data/research_batches/scan_validation_pg28_athanasius_spuria.md
2800,012,READY_REPORT_EXACT_MAPPING,Patrologia_Graeca_Vol._052.pdf,Zual/TLG_libre_scans,scans/volumes/pg52-chrysostom,webdataset/volumes--pg52-chrysostom--054ba5a70336.tar,Creative Commons Public Domain Mark 1.0,SAMPLE_VISUALLY_GOOD,data/research_batches/scan_validation_pg52_chrysostom.md
2801,004,READY_REPORT_EXACT_MAPPING,Patrologia_Graeca_Vol._085.pdf,Zual/TLG_libre_scans,scans/volumes/pg85-basil-seleucia,webdataset/volumes--pg85-basil-seleucia--pages-014-237--ed471407632e.tar;webdataset/volumes--pg85-basil-seleucia--pages-681-682--482cf3ad2e04.tar;webdataset/volumes--pg85-basil-seleucia--pages-691-696--3d472cdeed67.tar;webdataset/volumes--pg85-basil-seleucia--pages-760-803--4bd2892ce5b1.tar;webdataset/volumes--pg85-basil-seleucia--pages-915-916--13d3e81f57ef.tar;webdataset/volumes--pg85-basil-seleucia--pages-938-948--6f17a6d8a162.tar,Creative Commons Public Domain Mark 1.0,SAMPLE_VISUALLY_GOOD,data/research_batches/scan_validation_pg85_basil_seleucia.md
2859,001,READY_REPORT_EXACT_MAPPING,Patrologia_Graeca_Vol._088.pdf,Zual/TLG_libre_scans,scans/volumes/pg88-byzantine,webdataset/volumes--pg88-byzantine--pages-1000-1006--72c6c4a5183b.tar;webdataset/volumes--pg88-byzantine--pages-1009-1061--65cd15920a90.tar;webdataset/volumes--pg88-byzantine--pages-244-268--763cfb3d949f.tar;webdataset/volumes--pg88-byzantine--pages-302-308--58130c30dfb7.tar;webdataset/volumes--pg88-byzantine--pages-320-595--1f3d2f453c93.tar;webdataset/volumes--pg88-byzantine--pages-597-619--103913d60663.tar;webdataset/volumes--pg88-byzantine--pages-984-997--def880a96877.tar,Creative Commons Public Domain Mark 1.0,SAMPLE_VISUALLY_GOOD,data/research_batches/scan_validation_pg88_byzantine.md
2859,003,READY_REPORT_EXACT_MAPPING,Patrologia_Graeca_Vol._061.pdf,Zual/TLG_libre_scans,scans/volumes/pg61-chrysostom,scans/volumes/pg61-chrysostom/pg61-original-image-only.pdf,Creative Commons Public Domain Mark 1.0,SAMPLE_VISUALLY_GOOD,data/research_batches/scan_validation_pg61_chrysostom.md
2859,004,READY_REPORT_EXACT_MAPPING,Patrologia_Graeca_Vol._088.pdf,Zual/TLG_libre_scans,scans/volumes/pg88-byzantine,webdataset/volumes--pg88-byzantine--pages-1000-1006--72c6c4a5183b.tar;webdataset/volumes--pg88-byzantine--pages-1009-1061--65cd15920a90.tar;webdataset/volumes--pg88-byzantine--pages-244-268--763cfb3d949f.tar;webdataset/volumes--pg88-byzantine--pages-302-308--58130c30dfb7.tar;webdataset/volumes--pg88-byzantine--pages-320-595--1f3d2f453c93.tar;webdataset/volumes--pg88-byzantine--pages-597-619--103913d60663.tar;webdataset/volumes--pg88-byzantine--pages-984-997--def880a96877.tar,Creative Commons Public Domain Mark 1.0,SAMPLE_VISUALLY_GOOD,data/research_batches/scan_validation_pg88_byzantine.md
2865,002,READY_REPORT_EXACT_MAPPING,Patrologia_Graeca_Vol._093.pdf,Zual/TLG_libre_scans,scans/volumes/pg93-hesychius,scans/volumes/pg93-hesychius/pg93-original-image-only.pdf,Creative Commons Public Domain Mark 1.0,SAMPLE_VISUALLY_GOOD,data/research_batches/scan_validation_pg93_hesychius.md
2865,003,READY_REPORT_EXACT_MAPPING,Patrologia_Graeca_Vol._093.pdf,Zual/TLG_libre_scans,scans/volumes/pg93-hesychius,scans/volumes/pg93-hesychius/pg93-original-image-only.pdf,Creative Commons Public Domain Mark 1.0,SAMPLE_VISUALLY_GOOD,data/research_batches/scan_validation_pg93_hesychius.md
2865,004,READY_REPORT_EXACT_MAPPING,Patrologia_Graeca_Vol._093.pdf,Zual/TLG_libre_scans,scans/volumes/pg93-hesychius,scans/volumes/pg93-hesychius/pg93-original-image-only.pdf,Creative Commons Public Domain Mark 1.0,SAMPLE_VISUALLY_GOOD,data/research_batches/scan_validation_pg93_hesychius.md
2865,005,READY_REPORT_EXACT_MAPPING,Patrologia_Graeca_Vol._093.pdf,Zual/TLG_libre_scans,scans/volumes/pg93-hesychius,scans/volumes/pg93-hesychius/pg93-original-image-only.pdf,Creative Commons Public Domain Mark 1.0,SAMPLE_VISUALLY_GOOD,data/research_batches/scan_validation_pg93_hesychius.md
2865,006,READY_REPORT_EXACT_MAPPING,Patrologia_Graeca_Vol._093.pdf,Zual/TLG_libre_scans,scans/volumes/pg93-hesychius,scans/volumes/pg93-hesychius/pg93-original-image-only.pdf,Creative Commons Public Domain Mark 1.0,SAMPLE_VISUALLY_GOOD,data/research_batches/scan_validation_pg93_hesychius.md
2865,007,READY_REPORT_EXACT_MAPPING,Patrologia_Graeca_Vol._089.pdf,Zual/TLG_libre_scans,scans/volumes/pg89-anastasius-sinaita,webdataset/volumes--pg89-anastasius-sinaita--pages-310-311--cec1be123942.tar;webdataset/volumes--pg89-anastasius-sinaita--pages-315-315--e1d538e14956.tar;webdataset/volumes--pg89-anastasius-sinaita--pages-615-615--252ad0769a2e.tar;webdataset/volumes--pg89-anastasius-sinaita--pages-622-661--f327befb1fdb.tar;webdataset/volumes--pg89-anastasius-sinaita--pages-701-719--9c7d572f536f.tar;webdataset/volumes--pg89-anastasius-sinaita--pages-731-948--e4ed197fb498.tar,Creative Commons Public Domain Mark 1.0,SAMPLE_VISUALLY_GOOD,data/research_batches/scan_validation_pg89_anastasius_sinaita.md
2865,009,READY_REPORT_EXACT_MAPPING,Patrologia_Graeca_Vol._093.pdf,Zual/TLG_libre_scans,scans/volumes/pg93-hesychius,scans/volumes/pg93-hesychius/pg93-original-image-only.pdf,Creative Commons Public Domain Mark 1.0,SAMPLE_VISUALLY_GOOD,data/research_batches/scan_validation_pg93_hesychius.md
2892,013,READY_REPORT_EXACT_MAPPING,Patrologia_Graeca_Vol._091.pdf,Zual/TLG_libre_scans,scans/volumes/pg91-maximus-thalassius,webdataset/volumes--pg91-maximus-thalassius--148279c352ec.tar,Creative Commons Public Domain Mark 1.0,SAMPLE_VISUALLY_GOOD,data/research_batches/scan_validation_pg91_maximus_thalassius.md
2892,014,READY_REPORT_EXACT_MAPPING,Patrologia_Graeca_Vol._091.pdf,Zual/TLG_libre_scans,scans/volumes/pg91-maximus-thalassius,webdataset/volumes--pg91-maximus-thalassius--148279c352ec.tar,Creative Commons Public Domain Mark 1.0,SAMPLE_VISUALLY_GOOD,data/research_batches/scan_validation_pg91_maximus_thalassius.md
2892,015,READY_REPORT_EXACT_MAPPING,Patrologia_Graeca_Vol._091.pdf,Zual/TLG_libre_scans,scans/volumes/pg91-maximus-thalassius,webdataset/volumes--pg91-maximus-thalassius--148279c352ec.tar,Creative Commons Public Domain Mark 1.0,SAMPLE_VISUALLY_GOOD,data/research_batches/scan_validation_pg91_maximus_thalassius.md
2892,016,READY_REPORT_EXACT_MAPPING,Patrologia_Graeca_Vol._091.pdf,Zual/TLG_libre_scans,scans/volumes/pg91-maximus-thalassius,webdataset/volumes--pg91-maximus-thalassius--148279c352ec.tar,Creative Commons Public Domain Mark 1.0,SAMPLE_VISUALLY_GOOD,data/research_batches/scan_validation_pg91_maximus_thalassius.md
2892,017,READY_REPORT_EXACT_MAPPING,Patrologia_Graeca_Vol._091.pdf,Zual/TLG_libre_scans,scans/volumes/pg91-maximus-thalassius,webdataset/volumes--pg91-maximus-thalassius--148279c352ec.tar,Creative Commons Public Domain Mark 1.0,SAMPLE_VISUALLY_GOOD,data/research_batches/scan_validation_pg91_maximus_thalassius.md
2892,018,READY_REPORT_EXACT_MAPPING,Patrologia_Graeca_Vol._091.pdf,Zual/TLG_libre_scans,scans/volumes/pg91-maximus-thalassius,webdataset/volumes--pg91-maximus-thalassius--148279c352ec.tar,Creative Commons Public Domain Mark 1.0,SAMPLE_VISUALLY_GOOD,data/research_batches/scan_validation_pg91_maximus_thalassius.md
2892,019,READY_REPORT_EXACT_MAPPING,Patrologia_Graeca_Vol._091.pdf,Zual/TLG_libre_scans,scans/volumes/pg91-maximus-thalassius,webdataset/volumes--pg91-maximus-thalassius--148279c352ec.tar,Creative Commons Public Domain Mark 1.0,SAMPLE_VISUALLY_GOOD,data/research_batches/scan_validation_pg91_maximus_thalassius.md
2892,020,READY_REPORT_EXACT_MAPPING,Patrologia_Graeca_Vol._091.pdf,Zual/TLG_libre_scans,scans/volumes/pg91-maximus-thalassius,webdataset/volumes--pg91-maximus-thalassius--148279c352ec.tar,Creative Commons Public Domain Mark 1.0,SAMPLE_VISUALLY_GOOD,data/research_batches/scan_validation_pg91_maximus_thalassius.md
2892,021,READY_REPORT_EXACT_MAPPING,Patrologia_Graeca_Vol._091.pdf,Zual/TLG_libre_scans,scans/volumes/pg91-maximus-thalassius,webdataset/volumes--pg91-maximus-thalassius--148279c352ec.tar,Creative Commons Public Domain Mark 1.0,SAMPLE_VISUALLY_GOOD,data/research_batches/scan_validation_pg91_maximus_thalassius.md
2892,022,READY_REPORT_EXACT_MAPPING,Patrologia_Graeca_Vol._091.pdf,Zual/TLG_libre_scans,scans/volumes/pg91-maximus-thalassius,webdataset/volumes--pg91-maximus-thalassius--148279c352ec.tar,Creative Commons Public Domain Mark 1.0,SAMPLE_VISUALLY_GOOD,data/research_batches/scan_validation_pg91_maximus_thalassius.md
2892,023,READY_REPORT_EXACT_MAPPING,Patrologia_Graeca_Vol._091.pdf,Zual/TLG_libre_scans,scans/volumes/pg91-maximus-thalassius,webdataset/volumes--pg91-maximus-thalassius--148279c352ec.tar,Creative Commons Public Domain Mark 1.0,SAMPLE_VISUALLY_GOOD,data/research_batches/scan_validation_pg91_maximus_thalassius.md
2892,026,READY_REPORT_EXACT_MAPPING,Patrologia_Graeca_Vol._091.pdf,Zual/TLG_libre_scans,scans/volumes/pg91-maximus-thalassius,webdataset/volumes--pg91-maximus-thalassius--148279c352ec.tar,Creative Commons Public Domain Mark 1.0,SAMPLE_VISUALLY_GOOD,data/research_batches/scan_validation_pg91_maximus_thalassius.md
2892,027,READY_REPORT_EXACT_MAPPING,Patrologia_Graeca_Vol._091.pdf,Zual/TLG_libre_scans,scans/volumes/pg91-maximus-thalassius,webdataset/volumes--pg91-maximus-thalassius--148279c352ec.tar,Creative Commons Public Domain Mark 1.0,SAMPLE_VISUALLY_GOOD,data/research_batches/scan_validation_pg91_maximus_thalassius.md
2892,028,READY_REPORT_EXACT_MAPPING,Patrologia_Graeca_Vol._091.pdf,Zual/TLG_libre_scans,scans/volumes/pg91-maximus-thalassius,webdataset/volumes--pg91-maximus-thalassius--148279c352ec.tar,Creative Commons Public Domain Mark 1.0,SAMPLE_VISUALLY_GOOD,data/research_batches/scan_validation_pg91_maximus_thalassius.md
2892,029,READY_REPORT_EXACT_MAPPING,Patrologia_Graeca_Vol._091.pdf,Zual/TLG_libre_scans,scans/volumes/pg91-maximus-thalassius,webdataset/volumes--pg91-maximus-thalassius--148279c352ec.tar,Creative Commons Public Domain Mark 1.0,SAMPLE_VISUALLY_GOOD,data/research_batches/scan_validation_pg91_maximus_thalassius.md
2892,031,READY_REPORT_EXACT_MAPPING,Patrologia_Graeca_Vol._091.pdf,Zual/TLG_libre_scans,scans/volumes/pg91-maximus-thalassius,webdataset/volumes--pg91-maximus-thalassius--148279c352ec.tar,Creative Commons Public Domain Mark 1.0,SAMPLE_VISUALLY_GOOD,data/research_batches/scan_validation_pg91_maximus_thalassius.md
2892,032,READY_REPORT_EXACT_MAPPING,Patrologia_Graeca_Vol._091.pdf,Zual/TLG_libre_scans,scans/volumes/pg91-maximus-thalassius,webdataset/volumes--pg91-maximus-thalassius--148279c352ec.tar,Creative Commons Public Domain Mark 1.0,SAMPLE_VISUALLY_GOOD,data/research_batches/scan_validation_pg91_maximus_thalassius.md
2892,033,READY_REPORT_EXACT_MAPPING,Patrologia_Graeca_Vol._091.pdf,Zual/TLG_libre_scans,scans/volumes/pg91-maximus-thalassius,webdataset/volumes--pg91-maximus-thalassius--148279c352ec.tar,Creative Commons Public Domain Mark 1.0,SAMPLE_VISUALLY_GOOD,data/research_batches/scan_validation_pg91_maximus_thalassius.md
2892,034,READY_REPORT_EXACT_MAPPING,Patrologia_Graeca_Vol._091.pdf,Zual/TLG_libre_scans,scans/volumes/pg91-maximus-thalassius,webdataset/volumes--pg91-maximus-thalassius--148279c352ec.tar,Creative Commons Public Domain Mark 1.0,SAMPLE_VISUALLY_GOOD,data/research_batches/scan_validation_pg91_maximus_thalassius.md
2892,035,READY_REPORT_EXACT_MAPPING,Patrologia_Graeca_Vol._091.pdf,Zual/TLG_libre_scans,scans/volumes/pg91-maximus-thalassius,webdataset/volumes--pg91-maximus-thalassius--148279c352ec.tar,Creative Commons Public Domain Mark 1.0,SAMPLE_VISUALLY_GOOD,data/research_batches/scan_validation_pg91_maximus_thalassius.md
2892,037,READY_REPORT_EXACT_MAPPING,Patrologia_Graeca_Vol._091.pdf,Zual/TLG_libre_scans,scans/volumes/pg91-maximus-thalassius,webdataset/volumes--pg91-maximus-thalassius--148279c352ec.tar,Creative Commons Public Domain Mark 1.0,SAMPLE_VISUALLY_GOOD,data/research_batches/scan_validation_pg91_maximus_thalassius.md
2892,038,READY_REPORT_EXACT_MAPPING,Patrologia_Graeca_Vol._091.pdf,Zual/TLG_libre_scans,scans/volumes/pg91-maximus-thalassius,webdataset/volumes--pg91-maximus-thalassius--148279c352ec.tar,Creative Commons Public Domain Mark 1.0,SAMPLE_VISUALLY_GOOD,data/research_batches/scan_validation_pg91_maximus_thalassius.md
2892,040,READY_REPORT_EXACT_MAPPING,Patrologia_Graeca_Vol._091.pdf,Zual/TLG_libre_scans,scans/volumes/pg91-maximus-thalassius,webdataset/volumes--pg91-maximus-thalassius--148279c352ec.tar,Creative Commons Public Domain Mark 1.0,SAMPLE_VISUALLY_GOOD,data/research_batches/scan_validation_pg91_maximus_thalassius.md
2892,042,READY_REPORT_EXACT_MAPPING,Patrologia_Graeca_Vol._091.pdf,Zual/TLG_libre_scans,scans/volumes/pg91-maximus-thalassius,webdataset/volumes--pg91-maximus-thalassius--148279c352ec.tar,Creative Commons Public Domain Mark 1.0,SAMPLE_VISUALLY_GOOD,data/research_batches/scan_validation_pg91_maximus_thalassius.md
2892,044,READY_REPORT_EXACT_MAPPING,Patrologia_Graeca_Vol._091.pdf,Zual/TLG_libre_scans,scans/volumes/pg91-maximus-thalassius,webdataset/volumes--pg91-maximus-thalassius--148279c352ec.tar,Creative Commons Public Domain Mark 1.0,SAMPLE_VISUALLY_GOOD,data/research_batches/scan_validation_pg91_maximus_thalassius.md
2892,105,ARCHIVED_DIRECT_REGISTRY_MAPPING,Patrologia_Graeca_Vol._090.pdf,Zual/TLG_libre_scans,scans/volumes/pg90-maximus,scans/volumes/pg90-maximus/pg90-original-image-only.pdf,Creative Commons Public Domain Mark 1.0,SAMPLE_VISUALLY_GOOD,data/scan_sources.csv
2896,012,ARCHIVED_DIRECT_REGISTRY_MAPPING,OriensChristianus3,Zual/TLG_libre_scans,scans/tlg2896/tlg012/nau-oriens-christianus-1903,webdataset/tlg2896--tlg012--nau-oriens-christianus-1903--f5b78700e9aa.tar,Creative Commons Public Domain Mark 1.0,SAMPLE_VISUALLY_GOOD,data/scan_sources.csv
2897,003,READY_REPORT_EXACT_MAPPING,Patrologia_Graeca_Vol._089.pdf,Zual/TLG_libre_scans,scans/volumes/pg89-anastasius-sinaita,webdataset/volumes--pg89-anastasius-sinaita--pages-310-311--cec1be123942.tar;webdataset/volumes--pg89-anastasius-sinaita--pages-315-315--e1d538e14956.tar;webdataset/volumes--pg89-anastasius-sinaita--pages-615-615--252ad0769a2e.tar;webdataset/volumes--pg89-anastasius-sinaita--pages-622-661--f327befb1fdb.tar;webdataset/volumes--pg89-anastasius-sinaita--pages-701-719--9c7d572f536f.tar;webdataset/volumes--pg89-anastasius-sinaita--pages-731-948--e4ed197fb498.tar,Creative Commons Public Domain Mark 1.0,SAMPLE_VISUALLY_GOOD,data/research_batches/scan_validation_pg89_anastasius_sinaita.md
2906,001,READY_REPORT_EXACT_MAPPING,Patrologia_Graeca_Vol._091.pdf,Zual/TLG_libre_scans,scans/volumes/pg91-maximus-thalassius,webdataset/volumes--pg91-maximus-thalassius--148279c352ec.tar,Creative Commons Public Domain Mark 1.0,SAMPLE_VISUALLY_GOOD,data/research_batches/scan_validation_pg91_maximus_thalassius.md
2907,001,READY_REPORT_EXACT_MAPPING,Patrologia_Graeca_Vol._088.pdf,Zual/TLG_libre_scans,scans/volumes/pg88-byzantine,webdataset/volumes--pg88-byzantine--pages-1000-1006--72c6c4a5183b.tar;webdataset/volumes--pg88-byzantine--pages-1009-1061--65cd15920a90.tar;webdataset/volumes--pg88-byzantine--pages-244-268--763cfb3d949f.tar;webdataset/volumes--pg88-byzantine--pages-302-308--58130c30dfb7.tar;webdataset/volumes--pg88-byzantine--pages-320-595--1f3d2f453c93.tar;webdataset/volumes--pg88-byzantine--pages-597-619--103913d60663.tar;webdataset/volumes--pg88-byzantine--pages-984-997--def880a96877.tar,Creative Commons Public Domain Mark 1.0,SAMPLE_VISUALLY_GOOD,data/research_batches/scan_validation_pg88_byzantine.md
2907,002,READY_REPORT_EXACT_MAPPING,Patrologia_Graeca_Vol._088.pdf,Zual/TLG_libre_scans,scans/volumes/pg88-byzantine,webdataset/volumes--pg88-byzantine--pages-1000-1006--72c6c4a5183b.tar;webdataset/volumes--pg88-byzantine--pages-1009-1061--65cd15920a90.tar;webdataset/volumes--pg88-byzantine--pages-244-268--763cfb3d949f.tar;webdataset/volumes--pg88-byzantine--pages-302-308--58130c30dfb7.tar;webdataset/volumes--pg88-byzantine--pages-320-595--1f3d2f453c93.tar;webdataset/volumes--pg88-byzantine--pages-597-619--103913d60663.tar;webdataset/volumes--pg88-byzantine--pages-984-997--def880a96877.tar,Creative Commons Public Domain Mark 1.0,SAMPLE_VISUALLY_GOOD,data/research_batches/scan_validation_pg88_byzantine.md
2933,003,READY_REPORT_EXACT_MAPPING,Patrologia_Graeca_Vol._098.pdf,Zual/TLG_libre_scans,scans/volumes/pg98-germanus-tarasius,scans/volumes/pg98-germanus-tarasius/pg98-original-image-only.pdf,Creative Commons Public Domain Mark 1.0,SAMPLE_VISUALLY_GOOD,data/research_batches/scan_validation_pg98_germanus_tarasius.md
2933,004,READY_REPORT_EXACT_MAPPING,Patrologia_Graeca_Vol._098.pdf,Zual/TLG_libre_scans,scans/volumes/pg98-germanus-tarasius,scans/volumes/pg98-germanus-tarasius/pg98-original-image-only.pdf,Creative Commons Public Domain Mark 1.0,SAMPLE_VISUALLY_GOOD,data/research_batches/scan_validation_pg98_germanus_tarasius.md
2933,005,READY_REPORT_EXACT_MAPPING,Patrologia_Graeca_Vol._098.pdf,Zual/TLG_libre_scans,scans/volumes/pg98-germanus-tarasius,scans/volumes/pg98-germanus-tarasius/pg98-original-image-only.pdf,Creative Commons Public Domain Mark 1.0,SAMPLE_VISUALLY_GOOD,data/research_batches/scan_validation_pg98_germanus_tarasius.md
2934,019,READY_REPORT_EXACT_MAPPING,Patrologia_Graeca_Vol._096.pdf,Zual/TLG_libre_scans,scans/volumes/pg96-john-damascene,scans/volumes/pg96-john-damascene/pg96-original-image-only.pdf,Creative Commons Public Domain Mark 1.0,SAMPLE_VISUALLY_GOOD,data/research_batches/scan_validation_pg96_john_damascene.md
2934,021,READY_REPORT_EXACT_MAPPING,Patrologia_Graeca_Vol._095.pdf,Zual/TLG_libre_scans,scans/volumes/pg95-john-damascene,scans/volumes/pg95-john-damascene/pg95-original-image-only.pdf,Creative Commons Public Domain Mark 1.0,SAMPLE_VISUALLY_GOOD,data/research_batches/scan_validation_pg95_john_damascene.md
2934,035,READY_REPORT_EXACT_MAPPING,Patrologia_Graeca_Vol._095.pdf,Zual/TLG_libre_scans,scans/volumes/pg95-john-damascene,scans/volumes/pg95-john-damascene/pg95-original-image-only.pdf,Creative Commons Public Domain Mark 1.0,SAMPLE_VISUALLY_GOOD,data/research_batches/scan_validation_pg95_john_damascene.md
2934,036,READY_REPORT_EXACT_MAPPING,Patrologia_Graeca_Vol._095.pdf,Zual/TLG_libre_scans,scans/volumes/pg95-john-damascene,scans/volumes/pg95-john-damascene/pg95-original-image-only.pdf,Creative Commons Public Domain Mark 1.0,SAMPLE_VISUALLY_GOOD,data/research_batches/scan_validation_pg95_john_damascene.md
2934,037,READY_REPORT_EXACT_MAPPING,Patrologia_Graeca_Vol._095.pdf,Zual/TLG_libre_scans,scans/volumes/pg95-john-damascene,scans/volumes/pg95-john-damascene/pg95-original-image-only.pdf,Creative Commons Public Domain Mark 1.0,SAMPLE_VISUALLY_GOOD,data/research_batches/scan_validation_pg95_john_damascene.md
2934,038,READY_REPORT_EXACT_MAPPING,Patrologia_Graeca_Vol._095.pdf,Zual/TLG_libre_scans,scans/volumes/pg95-john-damascene,scans/volumes/pg95-john-damascene/pg95-original-image-only.pdf,Creative Commons Public Domain Mark 1.0,SAMPLE_VISUALLY_GOOD,data/research_batches/scan_validation_pg95_john_damascene.md
2934,039,READY_REPORT_EXACT_MAPPING,Patrologia_Graeca_Vol._095.pdf,Zual/TLG_libre_scans,scans/volumes/pg95-john-damascene,scans/volumes/pg95-john-damascene/pg95-original-image-only.pdf,Creative Commons Public Domain Mark 1.0,SAMPLE_VISUALLY_GOOD,data/research_batches/scan_validation_pg95_john_damascene.md
2934,040,READY_REPORT_EXACT_MAPPING,Patrologia_Graeca_Vol._095.pdf,Zual/TLG_libre_scans,scans/volumes/pg95-john-damascene,scans/volumes/pg95-john-damascene/pg95-original-image-only.pdf,Creative Commons Public Domain Mark 1.0,SAMPLE_VISUALLY_GOOD,data/research_batches/scan_validation_pg95_john_damascene.md
2934,041,READY_REPORT_EXACT_MAPPING,Patrologia_Graeca_Vol._095.pdf,Zual/TLG_libre_scans,scans/volumes/pg95-john-damascene,scans/volumes/pg95-john-damascene/pg95-original-image-only.pdf,Creative Commons Public Domain Mark 1.0,SAMPLE_VISUALLY_GOOD,data/research_batches/scan_validation_pg95_john_damascene.md
2934,042,READY_REPORT_EXACT_MAPPING,Patrologia_Graeca_Vol._095.pdf,Zual/TLG_libre_scans,scans/volumes/pg95-john-damascene,scans/volumes/pg95-john-damascene/pg95-original-image-only.pdf,Creative Commons Public Domain Mark 1.0,SAMPLE_VISUALLY_GOOD,data/research_batches/scan_validation_pg95_john_damascene.md
2934,043,READY_REPORT_EXACT_MAPPING,Patrologia_Graeca_Vol._095.pdf,Zual/TLG_libre_scans,scans/volumes/pg95-john-damascene,scans/volumes/pg95-john-damascene/pg95-original-image-only.pdf,Creative Commons Public Domain Mark 1.0,SAMPLE_VISUALLY_GOOD,data/research_batches/scan_validation_pg95_john_damascene.md
2934,044,READY_REPORT_EXACT_MAPPING,Patrologia_Graeca_Vol._095.pdf,Zual/TLG_libre_scans,scans/volumes/pg95-john-damascene,scans/volumes/pg95-john-damascene/pg95-original-image-only.pdf,Creative Commons Public Domain Mark 1.0,SAMPLE_VISUALLY_GOOD,data/research_batches/scan_validation_pg95_john_damascene.md
2934,045,READY_REPORT_EXACT_MAPPING,Patrologia_Graeca_Vol._095.pdf,Zual/TLG_libre_scans,scans/volumes/pg95-john-damascene,scans/volumes/pg95-john-damascene/pg95-original-image-only.pdf,Creative Commons Public Domain Mark 1.0,SAMPLE_VISUALLY_GOOD,data/research_batches/scan_validation_pg95_john_damascene.md
2934,046,READY_REPORT_EXACT_MAPPING,Patrologia_Graeca_Vol._095.pdf,Zual/TLG_libre_scans,scans/volumes/pg95-john-damascene,scans/volumes/pg95-john-damascene/pg95-original-image-only.pdf,Creative Commons Public Domain Mark 1.0,SAMPLE_VISUALLY_GOOD,data/research_batches/scan_validation_pg95_john_damascene.md
2934,047,READY_REPORT_EXACT_MAPPING,Patrologia_Graeca_Vol._095.pdf,Zual/TLG_libre_scans,scans/volumes/pg95-john-damascene,scans/volumes/pg95-john-damascene/pg95-original-image-only.pdf,Creative Commons Public Domain Mark 1.0,SAMPLE_VISUALLY_GOOD,data/research_batches/scan_validation_pg95_john_damascene.md
2934,048,READY_REPORT_EXACT_MAPPING,Patrologia_Graeca_Vol._095.pdf,Zual/TLG_libre_scans,scans/volumes/pg95-john-damascene,scans/volumes/pg95-john-damascene/pg95-original-image-only.pdf,Creative Commons Public Domain Mark 1.0,SAMPLE_VISUALLY_GOOD,data/research_batches/scan_validation_pg95_john_damascene.md
2934,050,READY_REPORT_EXACT_MAPPING,Patrologia_Graeca_Vol._095.pdf,Zual/TLG_libre_scans,scans/volumes/pg95-john-damascene,scans/volumes/pg95-john-damascene/pg95-original-image-only.pdf,Creative Commons Public Domain Mark 1.0,SAMPLE_VISUALLY_GOOD,data/research_batches/scan_validation_pg95_john_damascene.md
2934,051,READY_REPORT_EXACT_MAPPING,Patrologia_Graeca_Vol._095.pdf,Zual/TLG_libre_scans,scans/volumes/pg95-john-damascene,scans/volumes/pg95-john-damascene/pg95-original-image-only.pdf,Creative Commons Public Domain Mark 1.0,SAMPLE_VISUALLY_GOOD,data/research_batches/scan_validation_pg95_john_damascene.md
2934,052,READY_REPORT_EXACT_MAPPING,Patrologia_Graeca_Vol._095.pdf,Zual/TLG_libre_scans,scans/volumes/pg95-john-damascene,scans/volumes/pg95-john-damascene/pg95-original-image-only.pdf,Creative Commons Public Domain Mark 1.0,SAMPLE_VISUALLY_GOOD,data/research_batches/scan_validation_pg95_john_damascene.md
2934,053,READY_REPORT_EXACT_MAPPING,Patrologia_Graeca_Vol._095.pdf,Zual/TLG_libre_scans,scans/volumes/pg95-john-damascene,scans/volumes/pg95-john-damascene/pg95-original-image-only.pdf,Creative Commons Public Domain Mark 1.0,SAMPLE_VISUALLY_GOOD,data/research_batches/scan_validation_pg95_john_damascene.md
2934,054,READY_REPORT_EXACT_MAPPING,Patrologia_Graeca_Vol._096.pdf,Zual/TLG_libre_scans,scans/volumes/pg96-john-damascene,scans/volumes/pg96-john-damascene/pg96-original-image-only.pdf,Creative Commons Public Domain Mark 1.0,SAMPLE_VISUALLY_GOOD,data/research_batches/scan_validation_pg96_john_damascene.md
2934,055,READY_REPORT_EXACT_MAPPING,Patrologia_Graeca_Vol._096.pdf,Zual/TLG_libre_scans,scans/volumes/pg96-john-damascene,scans/volumes/pg96-john-damascene/pg96-original-image-only.pdf,Creative Commons Public Domain Mark 1.0,SAMPLE_VISUALLY_GOOD,data/research_batches/scan_validation_pg96_john_damascene.md
2934,056,READY_REPORT_EXACT_MAPPING,Patrologia_Graeca_Vol._096.pdf,Zual/TLG_libre_scans,scans/volumes/pg96-john-damascene,scans/volumes/pg96-john-damascene/pg96-original-image-only.pdf,Creative Commons Public Domain Mark 1.0,SAMPLE_VISUALLY_GOOD,data/research_batches/scan_validation_pg96_john_damascene.md
2934,057,READY_REPORT_EXACT_MAPPING,Patrologia_Graeca_Vol._096.pdf,Zual/TLG_libre_scans,scans/volumes/pg96-john-damascene,scans/volumes/pg96-john-damascene/pg96-original-image-only.pdf,Creative Commons Public Domain Mark 1.0,SAMPLE_VISUALLY_GOOD,data/research_batches/scan_validation_pg96_john_damascene.md
2934,059,READY_REPORT_EXACT_MAPPING,Patrologia_Graeca_Vol._096.pdf,Zual/TLG_libre_scans,scans/volumes/pg96-john-damascene,scans/volumes/pg96-john-damascene/pg96-original-image-only.pdf,Creative Commons Public Domain Mark 1.0,SAMPLE_VISUALLY_GOOD,data/research_batches/scan_validation_pg96_john_damascene.md
2934,060,READY_REPORT_EXACT_MAPPING,Patrologia_Graeca_Vol._096.pdf,Zual/TLG_libre_scans,scans/volumes/pg96-john-damascene,scans/volumes/pg96-john-damascene/pg96-original-image-only.pdf,Creative Commons Public Domain Mark 1.0,SAMPLE_VISUALLY_GOOD,data/research_batches/scan_validation_pg96_john_damascene.md
2934,061,READY_REPORT_EXACT_MAPPING,Patrologia_Graeca_Vol._096.pdf,Zual/TLG_libre_scans,scans/volumes/pg96-john-damascene,scans/volumes/pg96-john-damascene/pg96-original-image-only.pdf,Creative Commons Public Domain Mark 1.0,SAMPLE_VISUALLY_GOOD,data/research_batches/scan_validation_pg96_john_damascene.md
2934,062,READY_REPORT_EXACT_MAPPING,Patrologia_Graeca_Vol._096.pdf,Zual/TLG_libre_scans,scans/volumes/pg96-john-damascene,scans/volumes/pg96-john-damascene/pg96-original-image-only.pdf,Creative Commons Public Domain Mark 1.0,SAMPLE_VISUALLY_GOOD,data/research_batches/scan_validation_pg96_john_damascene.md
2934,064,READY_REPORT_EXACT_MAPPING,Patrologia_Graeca_Vol._096.pdf,Zual/TLG_libre_scans,scans/volumes/pg96-john-damascene,scans/volumes/pg96-john-damascene/pg96-original-image-only.pdf,Creative Commons Public Domain Mark 1.0,SAMPLE_VISUALLY_GOOD,data/research_batches/scan_validation_pg96_john_damascene.md
2934,072,READY_REPORT_EXACT_MAPPING,Patrologia_Graeca_Vol._096.pdf,Zual/TLG_libre_scans,scans/volumes/pg96-john-damascene,scans/volumes/pg96-john-damascene/pg96-original-image-only.pdf,Creative Commons Public Domain Mark 1.0,SAMPLE_VISUALLY_GOOD,data/research_batches/scan_validation_pg96_john_damascene.md
2935,001,READY_REPORT_EXACT_MAPPING,Patrologia_Graeca_Vol._096.pdf,Zual/TLG_libre_scans,scans/volumes/pg96-john-damascene,scans/volumes/pg96-john-damascene/pg96-original-image-only.pdf,Creative Commons Public Domain Mark 1.0,SAMPLE_VISUALLY_GOOD,data/research_batches/scan_validation_pg96_john_damascene.md
2935,002,READY_REPORT_EXACT_MAPPING,Patrologia_Graeca_Vol._096.pdf,Zual/TLG_libre_scans,scans/volumes/pg96-john-damascene,scans/volumes/pg96-john-damascene/pg96-original-image-only.pdf,Creative Commons Public Domain Mark 1.0,SAMPLE_VISUALLY_GOOD,data/research_batches/scan_validation_pg96_john_damascene.md
2938,001,READY_REPORT_EXACT_MAPPING,Patrologia_Graeca_Vol._098.pdf,Zual/TLG_libre_scans,scans/volumes/pg98-germanus-tarasius,scans/volumes/pg98-germanus-tarasius/pg98-original-image-only.pdf,Creative Commons Public Domain Mark 1.0,SAMPLE_VISUALLY_GOOD,data/research_batches/scan_validation_pg98_germanus_tarasius.md
2962,005,ARCHIVED_DIRECT_REGISTRY_MAPPING,Patrologia_Graeca_Vol._18.djvu,Zual/TLG_libre_scans,scans/tlg2962/tlg005/pg18-cols512-517,scans/volumes/pg18-petrus-alexandrinus/pg18-targeted-pages-262-265.djvu;webdataset/tlg2962--tlg005--pg18-cols512-517--a53d4688852e.tar,Creative Commons Public Domain Mark 1.0,SAMPLE_VISUALLY_GOOD,data/scan_sources.csv
2972,001,ARCHIVED_DIRECT_REGISTRY_MAPPING,ioannislaurentii00lydu,Zual/TLG_libre_scans,scans/tlg2972/tlg001/wachsmuth-1897,webdataset/tlg2972--tlg001--wachsmuth-1897--cb020d9c5cd8.tar,Public-domain-era edition; IA scan licence/status absent; private repository,SAMPLE_VISUALLY_GOOD,data/scan_sources.csv
3007,001,READY_REPORT_EXACT_MAPPING,Patrologia_Graeca_Vol._089.pdf,Zual/TLG_libre_scans,scans/volumes/pg89-anastasius-sinaita,webdataset/volumes--pg89-anastasius-sinaita--pages-310-311--cec1be123942.tar;webdataset/volumes--pg89-anastasius-sinaita--pages-315-315--e1d538e14956.tar;webdataset/volumes--pg89-anastasius-sinaita--pages-615-615--252ad0769a2e.tar;webdataset/volumes--pg89-anastasius-sinaita--pages-622-661--f327befb1fdb.tar;webdataset/volumes--pg89-anastasius-sinaita--pages-701-719--9c7d572f536f.tar;webdataset/volumes--pg89-anastasius-sinaita--pages-731-948--e4ed197fb498.tar,Creative Commons Public Domain Mark 1.0,SAMPLE_VISUALLY_GOOD,data/research_batches/scan_validation_pg89_anastasius_sinaita.md
3007,002,READY_REPORT_EXACT_MAPPING,Patrologia_Graeca_Vol._089.pdf,Zual/TLG_libre_scans,scans/volumes/pg89-anastasius-sinaita,webdataset/volumes--pg89-anastasius-sinaita--pages-310-311--cec1be123942.tar;webdataset/volumes--pg89-anastasius-sinaita--pages-315-315--e1d538e14956.tar;webdataset/volumes--pg89-anastasius-sinaita--pages-615-615--252ad0769a2e.tar;webdataset/volumes--pg89-anastasius-sinaita--pages-622-661--f327befb1fdb.tar;webdataset/volumes--pg89-anastasius-sinaita--pages-701-719--9c7d572f536f.tar;webdataset/volumes--pg89-anastasius-sinaita--pages-731-948--e4ed197fb498.tar,Creative Commons Public Domain Mark 1.0,SAMPLE_VISUALLY_GOOD,data/research_batches/scan_validation_pg89_anastasius_sinaita.md
3007,003,READY_REPORT_EXACT_MAPPING,Patrologia_Graeca_Vol._089.pdf,Zual/TLG_libre_scans,scans/volumes/pg89-anastasius-sinaita,webdataset/volumes--pg89-anastasius-sinaita--pages-310-311--cec1be123942.tar;webdataset/volumes--pg89-anastasius-sinaita--pages-315-315--e1d538e14956.tar;webdataset/volumes--pg89-anastasius-sinaita--pages-615-615--252ad0769a2e.tar;webdataset/volumes--pg89-anastasius-sinaita--pages-622-661--f327befb1fdb.tar;webdataset/volumes--pg89-anastasius-sinaita--pages-701-719--9c7d572f536f.tar;webdataset/volumes--pg89-anastasius-sinaita--pages-731-948--e4ed197fb498.tar,Creative Commons Public Domain Mark 1.0,SAMPLE_VISUALLY_GOOD,data/research_batches/scan_validation_pg89_anastasius_sinaita.md
3057,003,READY_REPORT_EXACT_MAPPING,Patrologia_Graeca_Vol._120.pdf,Zual/TLG_libre_scans,scans/volumes/pg120-byzantine,scans/volumes/pg120-byzantine/pg120-original-image-only.pdf,Creative Commons Public Domain Mark 1.0,SAMPLE_VISUALLY_GOOD,data/research_batches/scan_validation_pg120_byzantine.md
3065,002,READY_REPORT_EXACT_MAPPING,Patrologia_Graeca_Vol._105.pdf,Zual/TLG_libre_scans,scans/volumes/pg105-nicetas-paphlagon,scans/volumes/pg105-nicetas-paphlagon/pg105-original-image-only.pdf,Creative Commons Public Domain Mark 1.0,SAMPLE_VISUALLY_GOOD,data/research_batches/scan_validation_pg105_nicetas_paphlagon.md
3065,003,READY_REPORT_EXACT_MAPPING,Patrologia_Graeca_Vol._105.pdf,Zual/TLG_libre_scans,scans/volumes/pg105-nicetas-paphlagon,scans/volumes/pg105-nicetas-paphlagon/pg105-original-image-only.pdf,Creative Commons Public Domain Mark 1.0,SAMPLE_VISUALLY_GOOD,data/research_batches/scan_validation_pg105_nicetas_paphlagon.md
3065,004,READY_REPORT_EXACT_MAPPING,Patrologia_Graeca_Vol._105.pdf,Zual/TLG_libre_scans,scans/volumes/pg105-nicetas-paphlagon,scans/volumes/pg105-nicetas-paphlagon/pg105-original-image-only.pdf,Creative Commons Public Domain Mark 1.0,SAMPLE_VISUALLY_GOOD,data/research_batches/scan_validation_pg105_nicetas_paphlagon.md
3065,005,READY_REPORT_EXACT_MAPPING,Patrologia_Graeca_Vol._105.pdf,Zual/TLG_libre_scans,scans/volumes/pg105-nicetas-paphlagon,scans/volumes/pg105-nicetas-paphlagon/pg105-original-image-only.pdf,Creative Commons Public Domain Mark 1.0,SAMPLE_VISUALLY_GOOD,data/research_batches/scan_validation_pg105_nicetas_paphlagon.md
3093,003,READY_REPORT_EXACT_MAPPING,Patrologia_Graeca_Vol._105.pdf,Zual/TLG_libre_scans,scans/volumes/pg105-nicetas-paphlagon,scans/volumes/pg105-nicetas-paphlagon/pg105-original-image-only.pdf,Creative Commons Public Domain Mark 1.0,SAMPLE_VISUALLY_GOOD,data/research_batches/scan_validation_pg105_nicetas_paphlagon.md
3099,004,READY_REPORT_EXACT_MAPPING,Patrologia_Graeca_Vol._120.pdf,Zual/TLG_libre_scans,scans/volumes/pg120-byzantine,scans/volumes/pg120-byzantine/pg120-original-image-only.pdf,Creative Commons Public Domain Mark 1.0,SAMPLE_VISUALLY_GOOD,data/research_batches/scan_validation_pg120_byzantine.md
3099,009,READY_REPORT_EXACT_MAPPING,Patrologia_Graeca_Vol._120.pdf,Zual/TLG_libre_scans,scans/volumes/pg120-byzantine,scans/volumes/pg120-byzantine/pg120-original-image-only.pdf,Creative Commons Public Domain Mark 1.0,SAMPLE_VISUALLY_GOOD,data/research_batches/scan_validation_pg120_byzantine.md
3115,009,READY_REPORT_EXACT_MAPPING,Patrologia_Graeca_Vol._115.pdf,Zual/TLG_libre_scans,scans/volumes/pg115-symeon-metaphrastes,webdataset/volumes--pg115-symeon-metaphrastes--abc55701924d.tar,Creative Commons Public Domain Mark 1.0,SAMPLE_VISUALLY_GOOD,data/research_batches/scan_validation_pg115_symeon_metaphrastes.md
3115,010,READY_REPORT_EXACT_MAPPING,Patrologia_Graeca_Vol._115.pdf,Zual/TLG_libre_scans,scans/volumes/pg115-symeon-metaphrastes,webdataset/volumes--pg115-symeon-metaphrastes--abc55701924d.tar,Creative Commons Public Domain Mark 1.0,SAMPLE_VISUALLY_GOOD,data/research_batches/scan_validation_pg115_symeon_metaphrastes.md
3115,018,READY_REPORT_EXACT_MAPPING,Patrologia_Graeca_Vol._115.pdf,Zual/TLG_libre_scans,scans/volumes/pg115-symeon-metaphrastes,webdataset/volumes--pg115-symeon-metaphrastes--abc55701924d.tar,Creative Commons Public Domain Mark 1.0,SAMPLE_VISUALLY_GOOD,data/research_batches/scan_validation_pg115_symeon_metaphrastes.md
3115,020,READY_REPORT_EXACT_MAPPING,Patrologia_Graeca_Vol._116.pdf,Zual/TLG_libre_scans,scans/volumes/pg116-symeon-metaphrastes,webdataset/volumes--pg116-symeon-metaphrastes--b9a5de7449f9.tar,Creative Commons Public Domain Mark 1.0,SAMPLE_VISUALLY_GOOD,data/research_batches/scan_validation_pg116_symeon_metaphrastes_ii.md
3115,021,READY_REPORT_EXACT_MAPPING,Patrologia_Graeca_Vol._116.pdf,Zual/TLG_libre_scans,scans/volumes/pg116-symeon-metaphrastes,webdataset/volumes--pg116-symeon-metaphrastes--b9a5de7449f9.tar,Creative Commons Public Domain Mark 1.0,SAMPLE_VISUALLY_GOOD,data/research_batches/scan_validation_pg116_symeon_metaphrastes_ii.md
3115,022,READY_REPORT_EXACT_MAPPING,Patrologia_Graeca_Vol._116.pdf,Zual/TLG_libre_scans,scans/volumes/pg116-symeon-metaphrastes,webdataset/volumes--pg116-symeon-metaphrastes--b9a5de7449f9.tar,Creative Commons Public Domain Mark 1.0,SAMPLE_VISUALLY_GOOD,data/research_batches/scan_validation_pg116_symeon_metaphrastes_ii.md
3115,024,READY_REPORT_EXACT_MAPPING,Patrologia_Graeca_Vol._115.pdf,Zual/TLG_libre_scans,scans/volumes/pg115-symeon-metaphrastes,webdataset/volumes--pg115-symeon-metaphrastes--abc55701924d.tar,Creative Commons Public Domain Mark 1.0,SAMPLE_VISUALLY_GOOD,data/research_batches/scan_validation_pg115_symeon_metaphrastes.md
3115,025,READY_REPORT_EXACT_MAPPING,Patrologia_Graeca_Vol._116.pdf,Zual/TLG_libre_scans,scans/volumes/pg116-symeon-metaphrastes,webdataset/volumes--pg116-symeon-metaphrastes--b9a5de7449f9.tar,Creative Commons Public Domain Mark 1.0,SAMPLE_VISUALLY_GOOD,data/research_batches/scan_validation_pg116_symeon_metaphrastes_ii.md
3115,026,READY_REPORT_EXACT_MAPPING,Patrologia_Graeca_Vol._114.pdf,Zual/TLG_libre_scans,scans/volumes/pg114-symeon-metaphrastes,webdataset/volumes--pg114-symeon-metaphrastes--de5e27d45f14.tar,Creative Commons Public Domain Mark 1.0,SAMPLE_VISUALLY_GOOD,data/research_batches/scan_validation_pg114_symeon_metaphrastes.md
3115,027,READY_REPORT_EXACT_MAPPING,Patrologia_Graeca_Vol._115.pdf,Zual/TLG_libre_scans,scans/volumes/pg115-symeon-metaphrastes,webdataset/volumes--pg115-symeon-metaphrastes--abc55701924d.tar,Creative Commons Public Domain Mark 1.0,SAMPLE_VISUALLY_GOOD,data/research_batches/scan_validation_pg115_symeon_metaphrastes.md
3115,028,READY_REPORT_EXACT_MAPPING,Patrologia_Graeca_Vol._115.pdf,Zual/TLG_libre_scans,scans/volumes/pg115-symeon-metaphrastes,webdataset/volumes--pg115-symeon-metaphrastes--abc55701924d.tar,Creative Commons Public Domain Mark 1.0,SAMPLE_VISUALLY_GOOD,data/research_batches/scan_validation_pg115_symeon_metaphrastes.md
3115,029,READY_REPORT_EXACT_MAPPING,Patrologia_Graeca_Vol._114.pdf,Zual/TLG_libre_scans,scans/volumes/pg114-symeon-metaphrastes,webdataset/volumes--pg114-symeon-metaphrastes--de5e27d45f14.tar,Creative Commons Public Domain Mark 1.0,SAMPLE_VISUALLY_GOOD,data/research_batches/scan_validation_pg114_symeon_metaphrastes.md
3115,030,READY_REPORT_EXACT_MAPPING,Patrologia_Graeca_Vol._115.pdf,Zual/TLG_libre_scans,scans/volumes/pg115-symeon-metaphrastes,webdataset/volumes--pg115-symeon-metaphrastes--abc55701924d.tar,Creative Commons Public Domain Mark 1.0,SAMPLE_VISUALLY_GOOD,data/research_batches/scan_validation_pg115_symeon_metaphrastes.md
3115,031,READY_REPORT_EXACT_MAPPING,Patrologia_Graeca_Vol._115.pdf,Zual/TLG_libre_scans,scans/volumes/pg115-symeon-metaphrastes,webdataset/volumes--pg115-symeon-metaphrastes--abc55701924d.tar,Creative Commons Public Domain Mark 1.0,SAMPLE_VISUALLY_GOOD,data/research_batches/scan_validation_pg115_symeon_metaphrastes.md
3115,032,READY_REPORT_EXACT_MAPPING,Patrologia_Graeca_Vol._115.pdf,Zual/TLG_libre_scans,scans/volumes/pg115-symeon-metaphrastes,webdataset/volumes--pg115-symeon-metaphrastes--abc55701924d.tar,Creative Commons Public Domain Mark 1.0,SAMPLE_VISUALLY_GOOD,data/research_batches/scan_validation_pg115_symeon_metaphrastes.md
3115,033,READY_REPORT_EXACT_MAPPING,Patrologia_Graeca_Vol._115.pdf,Zual/TLG_libre_scans,scans/volumes/pg115-symeon-metaphrastes,webdataset/volumes--pg115-symeon-metaphrastes--abc55701924d.tar,Creative Commons Public Domain Mark 1.0,SAMPLE_VISUALLY_GOOD,data/research_batches/scan_validation_pg115_symeon_metaphrastes.md
3115,034,READY_REPORT_EXACT_MAPPING,Patrologia_Graeca_Vol._115.pdf,Zual/TLG_libre_scans,scans/volumes/pg115-symeon-metaphrastes,webdataset/volumes--pg115-symeon-metaphrastes--abc55701924d.tar,Creative Commons Public Domain Mark 1.0,SAMPLE_VISUALLY_GOOD,data/research_batches/scan_validation_pg115_symeon_metaphrastes.md
3115,035,READY_REPORT_EXACT_MAPPING,Patrologia_Graeca_Vol._115.pdf,Zual/TLG_libre_scans,scans/volumes/pg115-symeon-metaphrastes,webdataset/volumes--pg115-symeon-metaphrastes--abc55701924d.tar,Creative Commons Public Domain Mark 1.0,SAMPLE_VISUALLY_GOOD,data/research_batches/scan_validation_pg115_symeon_metaphrastes.md
3115,036,READY_REPORT_EXACT_MAPPING,Patrologia_Graeca_Vol._115.pdf,Zual/TLG_libre_scans,scans/volumes/pg115-symeon-metaphrastes,webdataset/volumes--pg115-symeon-metaphrastes--abc55701924d.tar,Creative Commons Public Domain Mark 1.0,SAMPLE_VISUALLY_GOOD,data/research_batches/scan_validation_pg115_symeon_metaphrastes.md
3115,037,READY_REPORT_EXACT_MAPPING,Patrologia_Graeca_Vol._114.pdf,Zual/TLG_libre_scans,scans/volumes/pg114-symeon-metaphrastes,webdataset/volumes--pg114-symeon-metaphrastes--de5e27d45f14.tar,Creative Commons Public Domain Mark 1.0,SAMPLE_VISUALLY_GOOD,data/research_batches/scan_validation_pg114_symeon_metaphrastes.md
3115,038,READY_REPORT_EXACT_MAPPING,Patrologia_Graeca_Vol._115.pdf,Zual/TLG_libre_scans,scans/volumes/pg115-symeon-metaphrastes,webdataset/volumes--pg115-symeon-metaphrastes--abc55701924d.tar,Creative Commons Public Domain Mark 1.0,SAMPLE_VISUALLY_GOOD,data/research_batches/scan_validation_pg115_symeon_metaphrastes.md
3115,040,READY_REPORT_EXACT_MAPPING,Patrologia_Graeca_Vol._114.pdf,Zual/TLG_libre_scans,scans/volumes/pg114-symeon-metaphrastes,webdataset/volumes--pg114-symeon-metaphrastes--de5e27d45f14.tar,Creative Commons Public Domain Mark 1.0,SAMPLE_VISUALLY_GOOD,data/research_batches/scan_validation_pg114_symeon_metaphrastes.md
3115,043,READY_REPORT_EXACT_MAPPING,Patrologia_Graeca_Vol._115.pdf,Zual/TLG_libre_scans,scans/volumes/pg115-symeon-metaphrastes,webdataset/volumes--pg115-symeon-metaphrastes--abc55701924d.tar,Creative Commons Public Domain Mark 1.0,SAMPLE_VISUALLY_GOOD,data/research_batches/scan_validation_pg115_symeon_metaphrastes.md
3115,044,READY_REPORT_EXACT_MAPPING,Patrologia_Graeca_Vol._115.pdf,Zual/TLG_libre_scans,scans/volumes/pg115-symeon-metaphrastes,webdataset/volumes--pg115-symeon-metaphrastes--abc55701924d.tar,Creative Commons Public Domain Mark 1.0,SAMPLE_VISUALLY_GOOD,data/research_batches/scan_validation_pg115_symeon_metaphrastes.md
3115,045,READY_REPORT_EXACT_MAPPING,Patrologia_Graeca_Vol._115.pdf,Zual/TLG_libre_scans,scans/volumes/pg115-symeon-metaphrastes,webdataset/volumes--pg115-symeon-metaphrastes--abc55701924d.tar,Creative Commons Public Domain Mark 1.0,SAMPLE_VISUALLY_GOOD,data/research_batches/scan_validation_pg115_symeon_metaphrastes.md
3115,046,READY_REPORT_EXACT_MAPPING,Patrologia_Graeca_Vol._115.pdf,Zual/TLG_libre_scans,scans/volumes/pg115-symeon-metaphrastes,webdataset/volumes--pg115-symeon-metaphrastes--abc55701924d.tar,Creative Commons Public Domain Mark 1.0,SAMPLE_VISUALLY_GOOD,data/research_batches/scan_validation_pg115_symeon_metaphrastes.md
3115,047,READY_REPORT_EXACT_MAPPING,Patrologia_Graeca_Vol._115.pdf,Zual/TLG_libre_scans,scans/volumes/pg115-symeon-metaphrastes,webdataset/volumes--pg115-symeon-metaphrastes--abc55701924d.tar,Creative Commons Public Domain Mark 1.0,SAMPLE_VISUALLY_GOOD,data/research_batches/scan_validation_pg115_symeon_metaphrastes.md
3115,048,READY_REPORT_EXACT_MAPPING,Patrologia_Graeca_Vol._115.pdf,Zual/TLG_libre_scans,scans/volumes/pg115-symeon-metaphrastes,webdataset/volumes--pg115-symeon-metaphrastes--abc55701924d.tar,Creative Commons Public Domain Mark 1.0,SAMPLE_VISUALLY_GOOD,data/research_batches/scan_validation_pg115_symeon_metaphrastes.md
3115,049,READY_REPORT_EXACT_MAPPING,Patrologia_Graeca_Vol._114.pdf,Zual/TLG_libre_scans,scans/volumes/pg114-symeon-metaphrastes,webdataset/volumes--pg114-symeon-metaphrastes--de5e27d45f14.tar,Creative Commons Public Domain Mark 1.0,SAMPLE_VISUALLY_GOOD,data/research_batches/scan_validation_pg114_symeon_metaphrastes.md
3115,050,READY_REPORT_EXACT_MAPPING,Patrologia_Graeca_Vol._115.pdf,Zual/TLG_libre_scans,scans/volumes/pg115-symeon-metaphrastes,webdataset/volumes--pg115-symeon-metaphrastes--abc55701924d.tar,Creative Commons Public Domain Mark 1.0,SAMPLE_VISUALLY_GOOD,data/research_batches/scan_validation_pg115_symeon_metaphrastes.md
3115,051,READY_REPORT_EXACT_MAPPING,Patrologia_Graeca_Vol._115.pdf,Zual/TLG_libre_scans,scans/volumes/pg115-symeon-metaphrastes,webdataset/volumes--pg115-symeon-metaphrastes--abc55701924d.tar,Creative Commons Public Domain Mark 1.0,SAMPLE_VISUALLY_GOOD,data/research_batches/scan_validation_pg115_symeon_metaphrastes.md
3115,052,READY_REPORT_EXACT_MAPPING,Patrologia_Graeca_Vol._115.pdf,Zual/TLG_libre_scans,scans/volumes/pg115-symeon-metaphrastes,webdataset/volumes--pg115-symeon-metaphrastes--abc55701924d.tar,Creative Commons Public Domain Mark 1.0,SAMPLE_VISUALLY_GOOD,data/research_batches/scan_validation_pg115_symeon_metaphrastes.md
3115,055,READY_REPORT_EXACT_MAPPING,Patrologia_Graeca_Vol._115.pdf,Zual/TLG_libre_scans,scans/volumes/pg115-symeon-metaphrastes,webdataset/volumes--pg115-symeon-metaphrastes--abc55701924d.tar,Creative Commons Public Domain Mark 1.0,SAMPLE_VISUALLY_GOOD,data/research_batches/scan_validation_pg115_symeon_metaphrastes.md
3115,056,READY_REPORT_EXACT_MAPPING,Patrologia_Graeca_Vol._114.pdf,Zual/TLG_libre_scans,scans/volumes/pg114-symeon-metaphrastes,webdataset/volumes--pg114-symeon-metaphrastes--de5e27d45f14.tar,Creative Commons Public Domain Mark 1.0,SAMPLE_VISUALLY_GOOD,data/research_batches/scan_validation_pg114_symeon_metaphrastes.md
3115,057,READY_REPORT_EXACT_MAPPING,Patrologia_Graeca_Vol._116.pdf,Zual/TLG_libre_scans,scans/volumes/pg116-symeon-metaphrastes,webdataset/volumes--pg116-symeon-metaphrastes--b9a5de7449f9.tar,Creative Commons Public Domain Mark 1.0,SAMPLE_VISUALLY_GOOD,data/research_batches/scan_validation_pg116_symeon_metaphrastes_ii.md
3115,058,READY_REPORT_EXACT_MAPPING,Patrologia_Graeca_Vol._115.pdf,Zual/TLG_libre_scans,scans/volumes/pg115-symeon-metaphrastes,webdataset/volumes--pg115-symeon-metaphrastes--abc55701924d.tar,Creative Commons Public Domain Mark 1.0,SAMPLE_VISUALLY_GOOD,data/research_batches/scan_validation_pg115_symeon_metaphrastes.md
3115,059,READY_REPORT_EXACT_MAPPING,Patrologia_Graeca_Vol._115.pdf,Zual/TLG_libre_scans,scans/volumes/pg115-symeon-metaphrastes,webdataset/volumes--pg115-symeon-metaphrastes--abc55701924d.tar,Creative Commons Public Domain Mark 1.0,SAMPLE_VISUALLY_GOOD,data/research_batches/scan_validation_pg115_symeon_metaphrastes.md
3115,060,READY_REPORT_EXACT_MAPPING,Patrologia_Graeca_Vol._115.pdf,Zual/TLG_libre_scans,scans/volumes/pg115-symeon-metaphrastes,webdataset/volumes--pg115-symeon-metaphrastes--abc55701924d.tar,Creative Commons Public Domain Mark 1.0,SAMPLE_VISUALLY_GOOD,data/research_batches/scan_validation_pg115_symeon_metaphrastes.md
3115,062,READY_REPORT_EXACT_MAPPING,Patrologia_Graeca_Vol._115.pdf,Zual/TLG_libre_scans,scans/volumes/pg115-symeon-metaphrastes,webdataset/volumes--pg115-symeon-metaphrastes--abc55701924d.tar,Creative Commons Public Domain Mark 1.0,SAMPLE_VISUALLY_GOOD,data/research_batches/scan_validation_pg115_symeon_metaphrastes.md
3115,063,READY_REPORT_EXACT_MAPPING,Patrologia_Graeca_Vol._116.pdf,Zual/TLG_libre_scans,scans/volumes/pg116-symeon-metaphrastes,webdataset/volumes--pg116-symeon-metaphrastes--b9a5de7449f9.tar,Creative Commons Public Domain Mark 1.0,SAMPLE_VISUALLY_GOOD,data/research_batches/scan_validation_pg116_symeon_metaphrastes_ii.md
3115,064,READY_REPORT_EXACT_MAPPING,Patrologia_Graeca_Vol._115.pdf,Zual/TLG_libre_scans,scans/volumes/pg115-symeon-metaphrastes,webdataset/volumes--pg115-symeon-metaphrastes--abc55701924d.tar,Creative Commons Public Domain Mark 1.0,SAMPLE_VISUALLY_GOOD,data/research_batches/scan_validation_pg115_symeon_metaphrastes.md
3115,065,READY_REPORT_EXACT_MAPPING,Patrologia_Graeca_Vol._115.pdf,Zual/TLG_libre_scans,scans/volumes/pg115-symeon-metaphrastes,webdataset/volumes--pg115-symeon-metaphrastes--abc55701924d.tar,Creative Commons Public Domain Mark 1.0,SAMPLE_VISUALLY_GOOD,data/research_batches/scan_validation_pg115_symeon_metaphrastes.md
3115,066,READY_REPORT_EXACT_MAPPING,Patrologia_Graeca_Vol._116.pdf,Zual/TLG_libre_scans,scans/volumes/pg116-symeon-metaphrastes,webdataset/volumes--pg116-symeon-metaphrastes--b9a5de7449f9.tar,Creative Commons Public Domain Mark 1.0,SAMPLE_VISUALLY_GOOD,data/research_batches/scan_validation_pg116_symeon_metaphrastes_ii.md
3115,067,READY_REPORT_EXACT_MAPPING,Patrologia_Graeca_Vol._114.pdf,Zual/TLG_libre_scans,scans/volumes/pg114-symeon-metaphrastes,webdataset/volumes--pg114-symeon-metaphrastes--de5e27d45f14.tar,Creative Commons Public Domain Mark 1.0,SAMPLE_VISUALLY_GOOD,data/research_batches/scan_validation_pg114_symeon_metaphrastes.md
3115,068,READY_REPORT_EXACT_MAPPING,Patrologia_Graeca_Vol._115.pdf,Zual/TLG_libre_scans,scans/volumes/pg115-symeon-metaphrastes,webdataset/volumes--pg115-symeon-metaphrastes--abc55701924d.tar,Creative Commons Public Domain Mark 1.0,SAMPLE_VISUALLY_GOOD,data/research_batches/scan_validation_pg115_symeon_metaphrastes.md
3115,069,READY_REPORT_EXACT_MAPPING,Patrologia_Graeca_Vol._115.pdf,Zual/TLG_libre_scans,scans/volumes/pg115-symeon-metaphrastes,webdataset/volumes--pg115-symeon-metaphrastes--abc55701924d.tar,Creative Commons Public Domain Mark 1.0,SAMPLE_VISUALLY_GOOD,data/research_batches/scan_validation_pg115_symeon_metaphrastes.md
3115,070,READY_REPORT_EXACT_MAPPING,Patrologia_Graeca_Vol._115.pdf,Zual/TLG_libre_scans,scans/volumes/pg115-symeon-metaphrastes,webdataset/volumes--pg115-symeon-metaphrastes--abc55701924d.tar,Creative Commons Public Domain Mark 1.0,SAMPLE_VISUALLY_GOOD,data/research_batches/scan_validation_pg115_symeon_metaphrastes.md
3115,071,READY_REPORT_EXACT_MAPPING,Patrologia_Graeca_Vol._116.pdf,Zual/TLG_libre_scans,scans/volumes/pg116-symeon-metaphrastes,webdataset/volumes--pg116-symeon-metaphrastes--b9a5de7449f9.tar,Creative Commons Public Domain Mark 1.0,SAMPLE_VISUALLY_GOOD,data/research_batches/scan_validation_pg116_symeon_metaphrastes_ii.md
3115,072,READY_REPORT_EXACT_MAPPING,Patrologia_Graeca_Vol._115.pdf,Zual/TLG_libre_scans,scans/volumes/pg115-symeon-metaphrastes,webdataset/volumes--pg115-symeon-metaphrastes--abc55701924d.tar,Creative Commons Public Domain Mark 1.0,SAMPLE_VISUALLY_GOOD,data/research_batches/scan_validation_pg115_symeon_metaphrastes.md
3115,075,READY_REPORT_EXACT_MAPPING,Patrologia_Graeca_Vol._116.pdf,Zual/TLG_libre_scans,scans/volumes/pg116-symeon-metaphrastes,webdataset/volumes--pg116-symeon-metaphrastes--b9a5de7449f9.tar,Creative Commons Public Domain Mark 1.0,SAMPLE_VISUALLY_GOOD,data/research_batches/scan_validation_pg116_symeon_metaphrastes_ii.md
3115,076,READY_REPORT_EXACT_MAPPING,Patrologia_Graeca_Vol._116.pdf,Zual/TLG_libre_scans,scans/volumes/pg116-symeon-metaphrastes,webdataset/volumes--pg116-symeon-metaphrastes--b9a5de7449f9.tar,Creative Commons Public Domain Mark 1.0,SAMPLE_VISUALLY_GOOD,data/research_batches/scan_validation_pg116_symeon_metaphrastes_ii.md
3115,077,READY_REPORT_EXACT_MAPPING,Patrologia_Graeca_Vol._116.pdf,Zual/TLG_libre_scans,scans/volumes/pg116-symeon-metaphrastes,webdataset/volumes--pg116-symeon-metaphrastes--b9a5de7449f9.tar,Creative Commons Public Domain Mark 1.0,SAMPLE_VISUALLY_GOOD,data/research_batches/scan_validation_pg116_symeon_metaphrastes_ii.md
3115,082,READY_REPORT_EXACT_MAPPING,Patrologia_Graeca_Vol._114.pdf,Zual/TLG_libre_scans,scans/volumes/pg114-symeon-metaphrastes,webdataset/volumes--pg114-symeon-metaphrastes--de5e27d45f14.tar,Creative Commons Public Domain Mark 1.0,SAMPLE_VISUALLY_GOOD,data/research_batches/scan_validation_pg114_symeon_metaphrastes.md
3115,083,READY_REPORT_EXACT_MAPPING,Patrologia_Graeca_Vol._115.pdf,Zual/TLG_libre_scans,scans/volumes/pg115-symeon-metaphrastes,webdataset/volumes--pg115-symeon-metaphrastes--abc55701924d.tar,Creative Commons Public Domain Mark 1.0,SAMPLE_VISUALLY_GOOD,data/research_batches/scan_validation_pg115_symeon_metaphrastes.md
3115,084,READY_REPORT_EXACT_MAPPING,Patrologia_Graeca_Vol._115.pdf,Zual/TLG_libre_scans,scans/volumes/pg115-symeon-metaphrastes,webdataset/volumes--pg115-symeon-metaphrastes--abc55701924d.tar,Creative Commons Public Domain Mark 1.0,SAMPLE_VISUALLY_GOOD,data/research_batches/scan_validation_pg115_symeon_metaphrastes.md
3115,085,READY_REPORT_EXACT_MAPPING,Patrologia_Graeca_Vol._116.pdf,Zual/TLG_libre_scans,scans/volumes/pg116-symeon-metaphrastes,webdataset/volumes--pg116-symeon-metaphrastes--b9a5de7449f9.tar,Creative Commons Public Domain Mark 1.0,SAMPLE_VISUALLY_GOOD,data/research_batches/scan_validation_pg116_symeon_metaphrastes_ii.md
3115,086,READY_REPORT_EXACT_MAPPING,Patrologia_Graeca_Vol._116.pdf,Zual/TLG_libre_scans,scans/volumes/pg116-symeon-metaphrastes,webdataset/volumes--pg116-symeon-metaphrastes--b9a5de7449f9.tar,Creative Commons Public Domain Mark 1.0,SAMPLE_VISUALLY_GOOD,data/research_batches/scan_validation_pg116_symeon_metaphrastes_ii.md
3115,087,READY_REPORT_EXACT_MAPPING,Patrologia_Graeca_Vol._116.pdf,Zual/TLG_libre_scans,scans/volumes/pg116-symeon-metaphrastes,webdataset/volumes--pg116-symeon-metaphrastes--b9a5de7449f9.tar,Creative Commons Public Domain Mark 1.0,SAMPLE_VISUALLY_GOOD,data/research_batches/scan_validation_pg116_symeon_metaphrastes_ii.md
3115,088,READY_REPORT_EXACT_MAPPING,Patrologia_Graeca_Vol._116.pdf,Zual/TLG_libre_scans,scans/volumes/pg116-symeon-metaphrastes,webdataset/volumes--pg116-symeon-metaphrastes--b9a5de7449f9.tar,Creative Commons Public Domain Mark 1.0,SAMPLE_VISUALLY_GOOD,data/research_batches/scan_validation_pg116_symeon_metaphrastes_ii.md
3115,089,READY_REPORT_EXACT_MAPPING,Patrologia_Graeca_Vol._116.pdf,Zual/TLG_libre_scans,scans/volumes/pg116-symeon-metaphrastes,webdataset/volumes--pg116-symeon-metaphrastes--b9a5de7449f9.tar,Creative Commons Public Domain Mark 1.0,SAMPLE_VISUALLY_GOOD,data/research_batches/scan_validation_pg116_symeon_metaphrastes_ii.md
3115,090,READY_REPORT_EXACT_MAPPING,Patrologia_Graeca_Vol._116.pdf,Zual/TLG_libre_scans,scans/volumes/pg116-symeon-metaphrastes,webdataset/volumes--pg116-symeon-metaphrastes--b9a5de7449f9.tar,Creative Commons Public Domain Mark 1.0,SAMPLE_VISUALLY_GOOD,data/research_batches/scan_validation_pg116_symeon_metaphrastes_ii.md
3115,091,READY_REPORT_EXACT_MAPPING,Patrologia_Graeca_Vol._114.pdf,Zual/TLG_libre_scans,scans/volumes/pg114-symeon-metaphrastes,webdataset/volumes--pg114-symeon-metaphrastes--de5e27d45f14.tar,Creative Commons Public Domain Mark 1.0,SAMPLE_VISUALLY_GOOD,data/research_batches/scan_validation_pg114_symeon_metaphrastes.md
3115,092,READY_REPORT_EXACT_MAPPING,Patrologia_Graeca_Vol._116.pdf,Zual/TLG_libre_scans,scans/volumes/pg116-symeon-metaphrastes,webdataset/volumes--pg116-symeon-metaphrastes--b9a5de7449f9.tar,Creative Commons Public Domain Mark 1.0,SAMPLE_VISUALLY_GOOD,data/research_batches/scan_validation_pg116_symeon_metaphrastes_ii.md
3115,093,READY_REPORT_EXACT_MAPPING,Patrologia_Graeca_Vol._115.pdf,Zual/TLG_libre_scans,scans/volumes/pg115-symeon-metaphrastes,webdataset/volumes--pg115-symeon-metaphrastes--abc55701924d.tar,Creative Commons Public Domain Mark 1.0,SAMPLE_VISUALLY_GOOD,data/research_batches/scan_validation_pg115_symeon_metaphrastes.md
3115,094,READY_REPORT_EXACT_MAPPING,Patrologia_Graeca_Vol._115.pdf,Zual/TLG_libre_scans,scans/volumes/pg115-symeon-metaphrastes,webdataset/volumes--pg115-symeon-metaphrastes--abc55701924d.tar,Creative Commons Public Domain Mark 1.0,SAMPLE_VISUALLY_GOOD,data/research_batches/scan_validation_pg115_symeon_metaphrastes.md
3115,095,READY_REPORT_EXACT_MAPPING,Patrologia_Graeca_Vol._116.pdf,Zual/TLG_libre_scans,scans/volumes/pg116-symeon-metaphrastes,webdataset/volumes--pg116-symeon-metaphrastes--b9a5de7449f9.tar,Creative Commons Public Domain Mark 1.0,SAMPLE_VISUALLY_GOOD,data/research_batches/scan_validation_pg116_symeon_metaphrastes_ii.md
3115,096,READY_REPORT_EXACT_MAPPING,Patrologia_Graeca_Vol._116.pdf,Zual/TLG_libre_scans,scans/volumes/pg116-symeon-metaphrastes,webdataset/volumes--pg116-symeon-metaphrastes--b9a5de7449f9.tar,Creative Commons Public Domain Mark 1.0,SAMPLE_VISUALLY_GOOD,data/research_batches/scan_validation_pg116_symeon_metaphrastes_ii.md
3115,097,READY_REPORT_EXACT_MAPPING,Patrologia_Graeca_Vol._116.pdf,Zual/TLG_libre_scans,scans/volumes/pg116-symeon-metaphrastes,webdataset/volumes--pg116-symeon-metaphrastes--b9a5de7449f9.tar,Creative Commons Public Domain Mark 1.0,SAMPLE_VISUALLY_GOOD,data/research_batches/scan_validation_pg116_symeon_metaphrastes_ii.md
3115,098,READY_REPORT_EXACT_MAPPING,Patrologia_Graeca_Vol._116.pdf,Zual/TLG_libre_scans,scans/volumes/pg116-symeon-metaphrastes,webdataset/volumes--pg116-symeon-metaphrastes--b9a5de7449f9.tar,Creative Commons Public Domain Mark 1.0,SAMPLE_VISUALLY_GOOD,data/research_batches/scan_validation_pg116_symeon_metaphrastes_ii.md
3115,099,READY_REPORT_EXACT_MAPPING,Patrologia_Graeca_Vol._116.pdf,Zual/TLG_libre_scans,scans/volumes/pg116-symeon-metaphrastes,webdataset/volumes--pg116-symeon-metaphrastes--b9a5de7449f9.tar,Creative Commons Public Domain Mark 1.0,SAMPLE_VISUALLY_GOOD,data/research_batches/scan_validation_pg116_symeon_metaphrastes_ii.md
3115,100,READY_REPORT_EXACT_MAPPING,Patrologia_Graeca_Vol._116.pdf,Zual/TLG_libre_scans,scans/volumes/pg116-symeon-metaphrastes,webdataset/volumes--pg116-symeon-metaphrastes--b9a5de7449f9.tar,Creative Commons Public Domain Mark 1.0,SAMPLE_VISUALLY_GOOD,data/research_batches/scan_validation_pg116_symeon_metaphrastes_ii.md
3115,101,READY_REPORT_EXACT_MAPPING,Patrologia_Graeca_Vol._114.pdf,Zual/TLG_libre_scans,scans/volumes/pg114-symeon-metaphrastes,webdataset/volumes--pg114-symeon-metaphrastes--de5e27d45f14.tar,Creative Commons Public Domain Mark 1.0,SAMPLE_VISUALLY_GOOD,data/research_batches/scan_validation_pg114_symeon_metaphrastes.md
3115,102,READY_REPORT_EXACT_MAPPING,Patrologia_Graeca_Vol._114.pdf,Zual/TLG_libre_scans,scans/volumes/pg114-symeon-metaphrastes,webdataset/volumes--pg114-symeon-metaphrastes--de5e27d45f14.tar,Creative Commons Public Domain Mark 1.0,SAMPLE_VISUALLY_GOOD,data/research_batches/scan_validation_pg114_symeon_metaphrastes.md
3115,103,READY_REPORT_EXACT_MAPPING,Patrologia_Graeca_Vol._114.pdf,Zual/TLG_libre_scans,scans/volumes/pg114-symeon-metaphrastes,webdataset/volumes--pg114-symeon-metaphrastes--de5e27d45f14.tar,Creative Commons Public Domain Mark 1.0,SAMPLE_VISUALLY_GOOD,data/research_batches/scan_validation_pg114_symeon_metaphrastes.md
3115,104,READY_REPORT_EXACT_MAPPING,Patrologia_Graeca_Vol._114.pdf,Zual/TLG_libre_scans,scans/volumes/pg114-symeon-metaphrastes,webdataset/volumes--pg114-symeon-metaphrastes--de5e27d45f14.tar,Creative Commons Public Domain Mark 1.0,SAMPLE_VISUALLY_GOOD,data/research_batches/scan_validation_pg114_symeon_metaphrastes.md
3115,105,READY_REPORT_EXACT_MAPPING,Patrologia_Graeca_Vol._114.pdf,Zual/TLG_libre_scans,scans/volumes/pg114-symeon-metaphrastes,webdataset/volumes--pg114-symeon-metaphrastes--de5e27d45f14.tar,Creative Commons Public Domain Mark 1.0,SAMPLE_VISUALLY_GOOD,data/research_batches/scan_validation_pg114_symeon_metaphrastes.md
3115,106,READY_REPORT_EXACT_MAPPING,Patrologia_Graeca_Vol._114.pdf,Zual/TLG_libre_scans,scans/volumes/pg114-symeon-metaphrastes,webdataset/volumes--pg114-symeon-metaphrastes--de5e27d45f14.tar,Creative Commons Public Domain Mark 1.0,SAMPLE_VISUALLY_GOOD,data/research_batches/scan_validation_pg114_symeon_metaphrastes.md
3115,107,READY_REPORT_EXACT_MAPPING,Patrologia_Graeca_Vol._114.pdf,Zual/TLG_libre_scans,scans/volumes/pg114-symeon-metaphrastes,webdataset/volumes--pg114-symeon-metaphrastes--de5e27d45f14.tar,Creative Commons Public Domain Mark 1.0,SAMPLE_VISUALLY_GOOD,data/research_batches/scan_validation_pg114_symeon_metaphrastes.md
3115,108,READY_REPORT_EXACT_MAPPING,Patrologia_Graeca_Vol._114.pdf,Zual/TLG_libre_scans,scans/volumes/pg114-symeon-metaphrastes,webdataset/volumes--pg114-symeon-metaphrastes--de5e27d45f14.tar,Creative Commons Public Domain Mark 1.0,SAMPLE_VISUALLY_GOOD,data/research_batches/scan_validation_pg114_symeon_metaphrastes.md
3115,109,READY_REPORT_EXACT_MAPPING,Patrologia_Graeca_Vol._114.pdf,Zual/TLG_libre_scans,scans/volumes/pg114-symeon-metaphrastes,webdataset/volumes--pg114-symeon-metaphrastes--de5e27d45f14.tar,Creative Commons Public Domain Mark 1.0,SAMPLE_VISUALLY_GOOD,data/research_batches/scan_validation_pg114_symeon_metaphrastes.md
3115,110,READY_REPORT_EXACT_MAPPING,Patrologia_Graeca_Vol._114.pdf,Zual/TLG_libre_scans,scans/volumes/pg114-symeon-metaphrastes,webdataset/volumes--pg114-symeon-metaphrastes--de5e27d45f14.tar,Creative Commons Public Domain Mark 1.0,SAMPLE_VISUALLY_GOOD,data/research_batches/scan_validation_pg114_symeon_metaphrastes.md
3115,113,READY_REPORT_EXACT_MAPPING,Patrologia_Graeca_Vol._115.pdf,Zual/TLG_libre_scans,scans/volumes/pg115-symeon-metaphrastes,webdataset/volumes--pg115-symeon-metaphrastes--abc55701924d.tar,Creative Commons Public Domain Mark 1.0,SAMPLE_VISUALLY_GOOD,data/research_batches/scan_validation_pg115_symeon_metaphrastes.md
3115,116,READY_REPORT_EXACT_MAPPING,Patrologia_Graeca_Vol._114.pdf,Zual/TLG_libre_scans,scans/volumes/pg114-symeon-metaphrastes,webdataset/volumes--pg114-symeon-metaphrastes--de5e27d45f14.tar,Creative Commons Public Domain Mark 1.0,SAMPLE_VISUALLY_GOOD,data/research_batches/scan_validation_pg114_symeon_metaphrastes.md
3115,117,READY_REPORT_EXACT_MAPPING,Patrologia_Graeca_Vol._114.pdf,Zual/TLG_libre_scans,scans/volumes/pg114-symeon-metaphrastes,webdataset/volumes--pg114-symeon-metaphrastes--de5e27d45f14.tar,Creative Commons Public Domain Mark 1.0,SAMPLE_VISUALLY_GOOD,data/research_batches/scan_validation_pg114_symeon_metaphrastes.md
3118,001,ARCHIVED_DIRECT_REGISTRY_MAPPING,michandreopulili00sind,Zual/TLG_libre_scans,scans/volumes/syntipas-jernstedt-1912,webdataset/volumes--syntipas-jernstedt-1912--5aa415ef10e0.tar,Public-domain-era edition; IA scan licence/status absent; private repository,SAMPLE_VISUALLY_GOOD,data/scan_sources.csv
3118,002,ARCHIVED_DIRECT_REGISTRY_MAPPING,michandreopulili00sind,Zual/TLG_libre_scans,scans/volumes/syntipas-jernstedt-1912,webdataset/volumes--syntipas-jernstedt-1912--5aa415ef10e0.tar,Public-domain-era edition; IA scan licence/status absent; private repository,SAMPLE_VISUALLY_GOOD,data/scan_sources.csv
3118,003,ARCHIVED_DIRECT_REGISTRY_MAPPING,fabulaeromanense01eberuoft,Zual/TLG_libre_scans,scans/volumes/eberhard-fabulae-romanenses1-1872,webdataset/volumes--eberhard-fabulae-romanenses1-1872--a2be1bbea6a5.tar,Public-domain-era edition; IA scan licence/status absent; private repository,SAMPLE_VISUALLY_GOOD,data/scan_sources.csv
3119,001,READY_REPORT_EXACT_MAPPING,Patrologia_Graeca_Vol._098.pdf,Zual/TLG_libre_scans,scans/volumes/pg98-germanus-tarasius,scans/volumes/pg98-germanus-tarasius/pg98-original-image-only.pdf,Creative Commons Public Domain Mark 1.0,SAMPLE_VISUALLY_GOOD,data/research_batches/scan_validation_pg98_germanus_tarasius.md
3123,002,READY_REPORT_EXACT_MAPPING,Patrologia_Graeca_Vol._099.pdf,Zual/TLG_libre_scans,scans/volumes/pg99-theodore-studite,scans/volumes/pg99-theodore-studite/pg99-original-image-only.pdf,Creative Commons Public Domain Mark 1.0,SAMPLE_VISUALLY_GOOD,data/research_batches/scan_validation_pg99_theodore_studite.md
3156,001,ARCHIVED_DIRECT_REGISTRY_MAPPING,bub_gb_wc5fAAAAMAAJ,Zual/TLG_libre_scans,scans/tlg3156/tlg001/flach-1876,webdataset/tlg3156--tlg001--flach-1876--f8a2d7d2571f.tar,Public Domain Mark 1.0,SAMPLE_VISUALLY_GOOD,data/scan_sources.csv
3161,001,ARCHIVED_DIRECT_REGISTRY_MAPPING,Patrologia_Graeca_Vol._090.pdf,Zual/TLG_libre_scans,scans/volumes/pg90-maximus,scans/volumes/pg90-maximus/pg90-original-image-only.pdf,Creative Commons Public Domain Mark 1.0,SAMPLE_VISUALLY_GOOD,data/scan_sources.csv
3161,004,ARCHIVED_DIRECT_REGISTRY_MAPPING,Patrologia_Graeca_Vol._090.pdf,Zual/TLG_libre_scans,scans/volumes/pg90-maximus,scans/volumes/pg90-maximus/pg90-original-image-only.pdf,Creative Commons Public Domain Mark 1.0,SAMPLE_VISUALLY_GOOD,data/scan_sources.csv
3165,001,READY_REPORT_EXACT_MAPPING,Patrologia_Graeca_Vol._091.pdf,Zual/TLG_libre_scans,scans/volumes/pg91-maximus-thalassius,webdataset/volumes--pg91-maximus-thalassius--148279c352ec.tar,Creative Commons Public Domain Mark 1.0,SAMPLE_VISUALLY_GOOD,data/research_batches/scan_validation_pg91_maximus_thalassius.md
3173,001,READY_REPORT_EXACT_MAPPING,Patrologia_Graeca_Vol._096.pdf,Zual/TLG_libre_scans,scans/volumes/pg96-john-damascene,scans/volumes/pg96-john-damascene/pg96-original-image-only.pdf,Creative Commons Public Domain Mark 1.0,SAMPLE_VISUALLY_GOOD,data/research_batches/scan_validation_pg96_john_damascene.md
3173,002,READY_REPORT_EXACT_MAPPING,Patrologia_Graeca_Vol._095.pdf,Zual/TLG_libre_scans,scans/volumes/pg95-john-damascene,scans/volumes/pg95-john-damascene/pg95-original-image-only.pdf,Creative Commons Public Domain Mark 1.0,SAMPLE_VISUALLY_GOOD,data/research_batches/scan_validation_pg95_john_damascene.md
3247,002,READY_REPORT_EXACT_MAPPING,Patrologia_Graeca_Vol._120.pdf,Zual/TLG_libre_scans,scans/volumes/pg120-byzantine,scans/volumes/pg120-byzantine/pg120-original-image-only.pdf,Creative Commons Public Domain Mark 1.0,SAMPLE_VISUALLY_GOOD,data/research_batches/scan_validation_pg120_byzantine.md
3280,003,READY_REPORT_EXACT_MAPPING,Patrologia_Graeca_Vol._100.pdf,Zual/TLG_libre_scans,scans/volumes/pg100-nicephorus,scans/volumes/pg100-nicephorus/pg100-original-image-only.pdf,Creative Commons Public Domain Mark 1.0,SAMPLE_VISUALLY_GOOD,data/research_batches/scan_validation_pg100_nicephorus.md
3292,002,READY_REPORT_EXACT_MAPPING,Patrologia_Graeca_Vol._100.pdf,Zual/TLG_libre_scans,scans/volumes/pg100-nicephorus,scans/volumes/pg100-nicephorus/pg100-original-image-only.pdf,Creative Commons Public Domain Mark 1.0,SAMPLE_VISUALLY_GOOD,data/research_batches/scan_validation_pg100_nicephorus.md
3292,003,READY_REPORT_EXACT_MAPPING,Patrologia_Graeca_Vol._100.pdf,Zual/TLG_libre_scans,scans/volumes/pg100-nicephorus,scans/volumes/pg100-nicephorus/pg100-original-image-only.pdf,Creative Commons Public Domain Mark 1.0,SAMPLE_VISUALLY_GOOD,data/research_batches/scan_validation_pg100_nicephorus.md
3337,002,READY_REPORT_EXACT_MAPPING,Patrologia_Graeca_Vol._105.pdf,Zual/TLG_libre_scans,scans/volumes/pg105-nicetas-paphlagon,scans/volumes/pg105-nicetas-paphlagon/pg105-original-image-only.pdf,Creative Commons Public Domain Mark 1.0,SAMPLE_VISUALLY_GOOD,data/research_batches/scan_validation_pg105_nicetas_paphlagon.md
3337,003,READY_REPORT_EXACT_MAPPING,Patrologia_Graeca_Vol._105.pdf,Zual/TLG_libre_scans,scans/volumes/pg105-nicetas-paphlagon,scans/volumes/pg105-nicetas-paphlagon/pg105-original-image-only.pdf,Creative Commons Public Domain Mark 1.0,SAMPLE_VISUALLY_GOOD,data/research_batches/scan_validation_pg105_nicetas_paphlagon.md
3344,004,READY_REPORT_EXACT_MAPPING,Patrologia_Graeca_Vol._100.pdf,Zual/TLG_libre_scans,scans/volumes/pg100-nicephorus,scans/volumes/pg100-nicephorus/pg100-original-image-only.pdf,Creative Commons Public Domain Mark 1.0,SAMPLE_VISUALLY_GOOD,data/research_batches/scan_validation_pg100_nicephorus.md
3344,005,READY_REPORT_EXACT_MAPPING,Patrologia_Graeca_Vol._100.pdf,Zual/TLG_libre_scans,scans/volumes/pg100-nicephorus,scans/volumes/pg100-nicephorus/pg100-original-image-only.pdf,Creative Commons Public Domain Mark 1.0,SAMPLE_VISUALLY_GOOD,data/research_batches/scan_validation_pg100_nicephorus.md
3344,006,READY_REPORT_EXACT_MAPPING,Patrologia_Graeca_Vol._100.pdf,Zual/TLG_libre_scans,scans/volumes/pg100-nicephorus,scans/volumes/pg100-nicephorus/pg100-original-image-only.pdf,Creative Commons Public Domain Mark 1.0,SAMPLE_VISUALLY_GOOD,data/research_batches/scan_validation_pg100_nicephorus.md
3344,011,READY_REPORT_EXACT_MAPPING,Patrologia_Graeca_Vol._100.pdf,Zual/TLG_libre_scans,scans/volumes/pg100-nicephorus,scans/volumes/pg100-nicephorus/pg100-original-image-only.pdf,Creative Commons Public Domain Mark 1.0,SAMPLE_VISUALLY_GOOD,data/research_batches/scan_validation_pg100_nicephorus.md
3344,017,READY_REPORT_EXACT_MAPPING,Patrologia_Graeca_Vol._100.pdf,Zual/TLG_libre_scans,scans/volumes/pg100-nicephorus,scans/volumes/pg100-nicephorus/pg100-original-image-only.pdf,Creative Commons Public Domain Mark 1.0,SAMPLE_VISUALLY_GOOD,data/research_batches/scan_validation_pg100_nicephorus.md
3374,001,READY_REPORT_EXACT_MAPPING,Patrologia_Graeca_Vol._085.pdf,Zual/TLG_libre_scans,scans/volumes/pg85-basil-seleucia,webdataset/volumes--pg85-basil-seleucia--pages-014-237--ed471407632e.tar;webdataset/volumes--pg85-basil-seleucia--pages-681-682--482cf3ad2e04.tar;webdataset/volumes--pg85-basil-seleucia--pages-691-696--3d472cdeed67.tar;webdataset/volumes--pg85-basil-seleucia--pages-760-803--4bd2892ce5b1.tar;webdataset/volumes--pg85-basil-seleucia--pages-915-916--13d3e81f57ef.tar;webdataset/volumes--pg85-basil-seleucia--pages-938-948--6f17a6d8a162.tar,Creative Commons Public Domain Mark 1.0,SAMPLE_VISUALLY_GOOD,data/research_batches/scan_validation_pg85_basil_seleucia.md
3386,002,READY_REPORT_EXACT_MAPPING,Patrologia_Graeca_Vol._099.pdf,Zual/TLG_libre_scans,scans/volumes/pg99-theodore-studite,scans/volumes/pg99-theodore-studite/pg99-original-image-only.pdf,Creative Commons Public Domain Mark 1.0,SAMPLE_VISUALLY_GOOD,data/research_batches/scan_validation_pg99_theodore_studite.md
3390,001,READY_REPORT_EXACT_MAPPING,Patrologia_Graeca_Vol._088.pdf,Zual/TLG_libre_scans,scans/volumes/pg88-byzantine,webdataset/volumes--pg88-byzantine--pages-1000-1006--72c6c4a5183b.tar;webdataset/volumes--pg88-byzantine--pages-1009-1061--65cd15920a90.tar;webdataset/volumes--pg88-byzantine--pages-244-268--763cfb3d949f.tar;webdataset/volumes--pg88-byzantine--pages-302-308--58130c30dfb7.tar;webdataset/volumes--pg88-byzantine--pages-320-595--1f3d2f453c93.tar;webdataset/volumes--pg88-byzantine--pages-597-619--103913d60663.tar;webdataset/volumes--pg88-byzantine--pages-984-997--def880a96877.tar,Creative Commons Public Domain Mark 1.0,SAMPLE_VISUALLY_GOOD,data/research_batches/scan_validation_pg88_byzantine.md
3390,002,READY_REPORT_EXACT_MAPPING,Patrologia_Graeca_Vol._088.pdf,Zual/TLG_libre_scans,scans/volumes/pg88-byzantine,webdataset/volumes--pg88-byzantine--pages-1000-1006--72c6c4a5183b.tar;webdataset/volumes--pg88-byzantine--pages-1009-1061--65cd15920a90.tar;webdataset/volumes--pg88-byzantine--pages-244-268--763cfb3d949f.tar;webdataset/volumes--pg88-byzantine--pages-302-308--58130c30dfb7.tar;webdataset/volumes--pg88-byzantine--pages-320-595--1f3d2f453c93.tar;webdataset/volumes--pg88-byzantine--pages-597-619--103913d60663.tar;webdataset/volumes--pg88-byzantine--pages-984-997--def880a96877.tar,Creative Commons Public Domain Mark 1.0,SAMPLE_VISUALLY_GOOD,data/research_batches/scan_validation_pg88_byzantine.md
3390,003,READY_REPORT_EXACT_MAPPING,Patrologia_Graeca_Vol._088.pdf,Zual/TLG_libre_scans,scans/volumes/pg88-byzantine,webdataset/volumes--pg88-byzantine--pages-1000-1006--72c6c4a5183b.tar;webdataset/volumes--pg88-byzantine--pages-1009-1061--65cd15920a90.tar;webdataset/volumes--pg88-byzantine--pages-244-268--763cfb3d949f.tar;webdataset/volumes--pg88-byzantine--pages-302-308--58130c30dfb7.tar;webdataset/volumes--pg88-byzantine--pages-320-595--1f3d2f453c93.tar;webdataset/volumes--pg88-byzantine--pages-597-619--103913d60663.tar;webdataset/volumes--pg88-byzantine--pages-984-997--def880a96877.tar,Creative Commons Public Domain Mark 1.0,SAMPLE_VISUALLY_GOOD,data/research_batches/scan_validation_pg88_byzantine.md
3393,006,READY_REPORT_EXACT_MAPPING,Patrologia_Graeca_Vol._089.pdf,Zual/TLG_libre_scans,scans/volumes/pg89-anastasius-sinaita,webdataset/volumes--pg89-anastasius-sinaita--pages-310-311--cec1be123942.tar;webdataset/volumes--pg89-anastasius-sinaita--pages-315-315--e1d538e14956.tar;webdataset/volumes--pg89-anastasius-sinaita--pages-615-615--252ad0769a2e.tar;webdataset/volumes--pg89-anastasius-sinaita--pages-622-661--f327befb1fdb.tar;webdataset/volumes--pg89-anastasius-sinaita--pages-701-719--9c7d572f536f.tar;webdataset/volumes--pg89-anastasius-sinaita--pages-731-948--e4ed197fb498.tar,Creative Commons Public Domain Mark 1.0,SAMPLE_VISUALLY_GOOD,data/research_batches/scan_validation_pg89_anastasius_sinaita.md
3395,001,READY_REPORT_EXACT_MAPPING,Patrologia_Graeca_Vol._120.pdf,Zual/TLG_libre_scans,scans/volumes/pg120-byzantine,scans/volumes/pg120-byzantine/pg120-original-image-only.pdf,Creative Commons Public Domain Mark 1.0,SAMPLE_VISUALLY_GOOD,data/research_batches/scan_validation_pg120_byzantine.md
3395,002,READY_REPORT_EXACT_MAPPING,Patrologia_Graeca_Vol._120.pdf,Zual/TLG_libre_scans,scans/volumes/pg120-byzantine,scans/volumes/pg120-byzantine/pg120-original-image-only.pdf,Creative Commons Public Domain Mark 1.0,SAMPLE_VISUALLY_GOOD,data/research_batches/scan_validation_pg120_byzantine.md
3396,001,ARCHIVED_DIRECT_REGISTRY_MAPPING,epistolographoih00herc,Zual/TLG_libre_scans,scans/tlg3396/tlg001b/hercher-1873-pp607-608,webdataset/tlg3396--tlg001b--hercher-1873-pp607-608--d929163d096d.tar,Public Domain Mark 1.0,SOURCE_PAGES_VERIFIED,data/scan_sources.csv
3405,001,READY_REPORT_EXACT_MAPPING,Patrologia_Graeca_Vol._100.pdf,Zual/TLG_libre_scans,scans/volumes/pg100-nicephorus,scans/volumes/pg100-nicephorus/pg100-original-image-only.pdf,Creative Commons Public Domain Mark 1.0,SAMPLE_VISUALLY_GOOD,data/research_batches/scan_validation_pg100_nicephorus.md
3412,001,READY_REPORT_EXACT_MAPPING,Patrologia_Graeca_Vol._088.pdf,Zual/TLG_libre_scans,scans/volumes/pg88-byzantine,webdataset/volumes--pg88-byzantine--pages-1000-1006--72c6c4a5183b.tar;webdataset/volumes--pg88-byzantine--pages-1009-1061--65cd15920a90.tar;webdataset/volumes--pg88-byzantine--pages-244-268--763cfb3d949f.tar;webdataset/volumes--pg88-byzantine--pages-302-308--58130c30dfb7.tar;webdataset/volumes--pg88-byzantine--pages-320-595--1f3d2f453c93.tar;webdataset/volumes--pg88-byzantine--pages-597-619--103913d60663.tar;webdataset/volumes--pg88-byzantine--pages-984-997--def880a96877.tar,Creative Commons Public Domain Mark 1.0,SAMPLE_VISUALLY_GOOD,data/research_batches/scan_validation_pg88_byzantine.md
3413,001,READY_REPORT_EXACT_MAPPING,Patrologia_Graeca_Vol._091.pdf,Zual/TLG_libre_scans,scans/volumes/pg91-maximus-thalassius,webdataset/volumes--pg91-maximus-thalassius--148279c352ec.tar,Creative Commons Public Domain Mark 1.0,SAMPLE_VISUALLY_GOOD,data/research_batches/scan_validation_pg91_maximus_thalassius.md
3416,001,READY_REPORT_EXACT_MAPPING,Patrologia_Graeca_Vol._098.pdf,Zual/TLG_libre_scans,scans/volumes/pg98-germanus-tarasius,scans/volumes/pg98-germanus-tarasius/pg98-original-image-only.pdf,Creative Commons Public Domain Mark 1.0,SAMPLE_VISUALLY_GOOD,data/research_batches/scan_validation_pg98_germanus_tarasius.md
4003,001,ARCHIVED_DIRECT_REGISTRY_MAPPING,Geographi_graeci_minores_IA_geographigraeci03mlgoog.pdf,Zual/TLG_libre_scans,scans/volumes/muller-geographi-graeci-minores-v1-1855,webdataset/volumes--muller-geographi-graeci-minores-v1-1855--04768e34cb7e.tar,Public domain,SAMPLE_VISUALLY_GOOD,data/scan_sources.csv
4026,001,ARCHIVED_DIRECT_REGISTRY_MAPPING,commentariaina21pt12akaduoft,Zual/TLG_libre_scans,scans/volumes/cag21-2-rabe-1896,webdataset/volumes--cag21-2-rabe-1896--fd6c63080154.tar,NOT_IN_COPYRIGHT; IA rights/license fields absent; private repository,SAMPLE_VISUALLY_GOOD,data/scan_sources.csv
4026,002,ARCHIVED_DIRECT_REGISTRY_MAPPING,commentariaina21pt12akaduoft,Zual/TLG_libre_scans,scans/volumes/cag21-2-rabe-1896,webdataset/volumes--cag21-2-rabe-1896--fd6c63080154.tar,NOT_IN_COPYRIGHT; IA rights/license fields absent; private repository,SAMPLE_VISUALLY_GOOD,data/scan_sources.csv
4026,003,ARCHIVED_DIRECT_REGISTRY_MAPPING,commentariaina21pt12akaduoft,Zual/TLG_libre_scans,scans/volumes/cag21-2-rabe-1896,webdataset/volumes--cag21-2-rabe-1896--fd6c63080154.tar,NOT_IN_COPYRIGHT; IA rights/license fields absent; private repository,SAMPLE_VISUALLY_GOOD,data/scan_sources.csv
4027,002,ARCHIVED_DIRECT_REGISTRY_MAPPING,scholiainaristot00bran,Zual/TLG_libre_scans,scans/volumes/brandis-scholia-aristotelem-1836,webdataset/volumes--brandis-scholia-aristotelem-1836--e55304dbb976.tar,Public-domain-era edition; no explicit IA rights field,SAMPLE_VISUALLY_GOOD,data/scan_sources.csv
4027,003,ARCHIVED_DIRECT_REGISTRY_MAPPING,scholiainaristot00bran,Zual/TLG_libre_scans,scans/volumes/brandis-scholia-aristotelem-1836,webdataset/volumes--brandis-scholia-aristotelem-1836--e55304dbb976.tar,Public-domain-era edition; no explicit IA rights field,SAMPLE_VISUALLY_GOOD,data/scan_sources.csv
4031,002,ARCHIVED_DIRECT_REGISTRY_MAPPING,commentariaina20akaduoft,Zual/TLG_libre_scans,scans/volumes/cag20-heylbut-1892,webdataset/volumes--cag20-heylbut-1892--07a27792f943.tar,Public-domain-era edition; no explicit IA rights field,SAMPLE_VISUALLY_GOOD,data/scan_sources.csv
4033,001,ARCHIVED_DIRECT_REGISTRY_MAPPING,commentariaina20akaduoft,Zual/TLG_libre_scans,scans/volumes/cag20-heylbut-1892,webdataset/volumes--cag20-heylbut-1892--07a27792f943.tar,Public-domain-era edition; no explicit IA rights field,SAMPLE_VISUALLY_GOOD,data/scan_sources.csv
4033,002,ARCHIVED_DIRECT_REGISTRY_MAPPING,commentariaina20akaduoft,Zual/TLG_libre_scans,scans/volumes/cag20-heylbut-1892,webdataset/volumes--cag20-heylbut-1892--07a27792f943.tar,Public-domain-era edition; no explicit IA rights field,SAMPLE_VISUALLY_GOOD,data/scan_sources.csv
4034,001,ARCHIVED_DIRECT_REGISTRY_MAPPING,commentariaina20akaduoft,Zual/TLG_libre_scans,scans/volumes/cag20-heylbut-1892,webdataset/volumes--cag20-heylbut-1892--07a27792f943.tar,Public-domain-era edition; no explicit IA rights field,SAMPLE_VISUALLY_GOOD,data/scan_sources.csv
4036,002,ARCHIVED_DIRECT_REGISTRY_MAPPING,manitius-hypotyposis-astronomicarum-positionum-gr-lat-1909,Zual/TLG_libre_scans,scans/tlg4036/tlg002/manitius-1909-reprint-1974,webdataset/tlg4036--tlg002--manitius-1909-reprint-1974--40fa79da9293.tar,Public Domain Mark 1.0,SAMPLE_VISUALLY_GOOD,data/scan_sources.csv
4036,006,ARCHIVED_DIRECT_REGISTRY_MAPPING,ritzenfeld-institutio-physica-gr-lat-1912,Zual/TLG_libre_scans,scans/tlg4036/tlg006/ritzenfeld-1912,webdataset/tlg4036--tlg006--ritzenfeld-1912--dd0fbde9a102.tar,Public Domain Mark 1.0,IMAGE_SET_VERIFIED,data/scan_sources.csv
4090,032,READY_REPORT_EXACT_MAPPING,Patrologia_Graeca_Vol._077.pdf,Zual/TLG_libre_scans,scans/volumes/pg77-cyril-alexandria,scans/volumes/pg77-cyril-alexandria/pg77-original-image-only.pdf,Creative Commons Public Domain Mark 1.0,SAMPLE_VISUALLY_GOOD,data/research_batches/scan_validation_pg77_cyril_alexandria.md
4090,114,READY_REPORT_EXACT_MAPPING,Patrologia_Graeca_Vol._077.pdf,Zual/TLG_libre_scans,scans/volumes/pg77-cyril-alexandria,scans/volumes/pg77-cyril-alexandria/pg77-original-image-only.pdf,Creative Commons Public Domain Mark 1.0,SAMPLE_VISUALLY_GOOD,data/research_batches/scan_validation_pg77_cyril_alexandria.md
4090,115,READY_REPORT_EXACT_MAPPING,Patrologia_Graeca_Vol._077.pdf,Zual/TLG_libre_scans,scans/volumes/pg77-cyril-alexandria,scans/volumes/pg77-cyril-alexandria/pg77-original-image-only.pdf,Creative Commons Public Domain Mark 1.0,SAMPLE_VISUALLY_GOOD,data/research_batches/scan_validation_pg77_cyril_alexandria.md
4090,116,READY_REPORT_EXACT_MAPPING,Patrologia_Graeca_Vol._077.pdf,Zual/TLG_libre_scans,scans/volumes/pg77-cyril-alexandria,scans/volumes/pg77-cyril-alexandria/pg77-original-image-only.pdf,Creative Commons Public Domain Mark 1.0,SAMPLE_VISUALLY_GOOD,data/research_batches/scan_validation_pg77_cyril_alexandria.md
4090,117,READY_REPORT_EXACT_MAPPING,Patrologia_Graeca_Vol._077.pdf,Zual/TLG_libre_scans,scans/volumes/pg77-cyril-alexandria,scans/volumes/pg77-cyril-alexandria/pg77-original-image-only.pdf,Creative Commons Public Domain Mark 1.0,SAMPLE_VISUALLY_GOOD,data/research_batches/scan_validation_pg77_cyril_alexandria.md
4090,118,READY_REPORT_EXACT_MAPPING,Patrologia_Graeca_Vol._077.pdf,Zual/TLG_libre_scans,scans/volumes/pg77-cyril-alexandria,scans/volumes/pg77-cyril-alexandria/pg77-original-image-only.pdf,Creative Commons Public Domain Mark 1.0,SAMPLE_VISUALLY_GOOD,data/research_batches/scan_validation_pg77_cyril_alexandria.md
4090,119,READY_REPORT_EXACT_MAPPING,Patrologia_Graeca_Vol._077.pdf,Zual/TLG_libre_scans,scans/volumes/pg77-cyril-alexandria,scans/volumes/pg77-cyril-alexandria/pg77-original-image-only.pdf,Creative Commons Public Domain Mark 1.0,SAMPLE_VISUALLY_GOOD,data/research_batches/scan_validation_pg77_cyril_alexandria.md
4090,120,READY_REPORT_EXACT_MAPPING,Patrologia_Graeca_Vol._077.pdf,Zual/TLG_libre_scans,scans/volumes/pg77-cyril-alexandria,scans/volumes/pg77-cyril-alexandria/pg77-original-image-only.pdf,Creative Commons Public Domain Mark 1.0,SAMPLE_VISUALLY_GOOD,data/research_batches/scan_validation_pg77_cyril_alexandria.md
4090,121,READY_REPORT_EXACT_MAPPING,Patrologia_Graeca_Vol._077.pdf,Zual/TLG_libre_scans,scans/volumes/pg77-cyril-alexandria,scans/volumes/pg77-cyril-alexandria/pg77-original-image-only.pdf,Creative Commons Public Domain Mark 1.0,SAMPLE_VISUALLY_GOOD,data/research_batches/scan_validation_pg77_cyril_alexandria.md
4090,122,READY_REPORT_EXACT_MAPPING,Patrologia_Graeca_Vol._077.pdf,Zual/TLG_libre_scans,scans/volumes/pg77-cyril-alexandria,scans/volumes/pg77-cyril-alexandria/pg77-original-image-only.pdf,Creative Commons Public Domain Mark 1.0,SAMPLE_VISUALLY_GOOD,data/research_batches/scan_validation_pg77_cyril_alexandria.md
4090,123,READY_REPORT_EXACT_MAPPING,Patrologia_Graeca_Vol._077.pdf,Zual/TLG_libre_scans,scans/volumes/pg77-cyril-alexandria,scans/volumes/pg77-cyril-alexandria/pg77-original-image-only.pdf,Creative Commons Public Domain Mark 1.0,SAMPLE_VISUALLY_GOOD,data/research_batches/scan_validation_pg77_cyril_alexandria.md
4090,124,READY_REPORT_EXACT_MAPPING,Patrologia_Graeca_Vol._077.pdf,Zual/TLG_libre_scans,scans/volumes/pg77-cyril-alexandria,scans/volumes/pg77-cyril-alexandria/pg77-original-image-only.pdf,Creative Commons Public Domain Mark 1.0,SAMPLE_VISUALLY_GOOD,data/research_batches/scan_validation_pg77_cyril_alexandria.md
4093,007,ARCHIVED_DIRECT_REGISTRY_MAPPING,hephaestionisenc00hephuoft,Zual/TLG_libre_scans,scans/volumes/hephaestion-consbruch-1906,webdataset/volumes--hephaestion-consbruch-1906--e7b5d4dd11a9.tar,Public-domain-era edition; no explicit IA rights field,SAMPLE_VISUALLY_GOOD,data/scan_sources.csv
4110,016,ARCHIVED_DIRECT_REGISTRY_MAPPING,Patrologia_Graeca_Vol._079.pdf,Zual/TLG_libre_scans,scans/volumes/pg79-nilus-evagrius/4110-016,webdataset/volumes--pg79-nilus-evagrius--4110-016--8ba4d8d5d0f6.tar,Creative Commons Public Domain Mark 1.0,SAMPLE_VISUALLY_GOOD,data/scan_sources.csv
4110,020,READY_REPORT_EXACT_MAPPING,Patrologia_Graeca_Vol._079.pdf,Zual/TLG_libre_scans,scans/volumes/pg79-nilus-evagrius/4110-020-024,webdataset/volumes--pg79-nilus-evagrius--4110-020-024--bfc9723e9c36.tar,Creative Commons Public Domain Mark 1.0,SAMPLE_VISUALLY_GOOD,data/research_batches/scan_validation_pg79_nilus_evagrius.md
4110,021,READY_REPORT_EXACT_MAPPING,Patrologia_Graeca_Vol._079.pdf,Zual/TLG_libre_scans,scans/volumes/pg79-nilus-evagrius/4110-020-024,webdataset/volumes--pg79-nilus-evagrius--4110-020-024--bfc9723e9c36.tar,Creative Commons Public Domain Mark 1.0,SAMPLE_VISUALLY_GOOD,data/research_batches/scan_validation_pg79_nilus_evagrius.md
4110,023,READY_REPORT_EXACT_MAPPING,Patrologia_Graeca_Vol._079.pdf,Zual/TLG_libre_scans,scans/volumes/pg79-nilus-evagrius/4110-020-024,webdataset/volumes--pg79-nilus-evagrius--4110-020-024--bfc9723e9c36.tar,Creative Commons Public Domain Mark 1.0,SAMPLE_VISUALLY_GOOD,data/research_batches/scan_validation_pg79_nilus_evagrius.md
4110,024,READY_REPORT_EXACT_MAPPING,Patrologia_Graeca_Vol._079.pdf,Zual/TLG_libre_scans,scans/volumes/pg79-nilus-evagrius/4110-020-024,webdataset/volumes--pg79-nilus-evagrius--4110-020-024--bfc9723e9c36.tar,Creative Commons Public Domain Mark 1.0,SAMPLE_VISUALLY_GOOD,data/research_batches/scan_validation_pg79_nilus_evagrius.md
4110,025,ARCHIVED_DIRECT_REGISTRY_MAPPING,Patrologia_Graeca_Vol._079.pdf,Zual/TLG_libre_scans,scans/volumes/pg79-nilus-evagrius/4110-025,webdataset/volumes--pg79-nilus-evagrius--4110-025--b518c8bdb0f3.tar,Creative Commons Public Domain Mark 1.0,SAMPLE_VISUALLY_GOOD,data/scan_sources.csv
4118,004,READY_REPORT_EXACT_MAPPING,Patrologia_Graeca_Vol._079.pdf,Zual/TLG_libre_scans,scans/volumes/pg79-nilus-evagrius/4110-020-024,webdataset/volumes--pg79-nilus-evagrius--4110-020-024--bfc9723e9c36.tar,Creative Commons Public Domain Mark 1.0,SAMPLE_VISUALLY_GOOD,data/research_batches/scan_validation_pg79_nilus_evagrius.md
4139,002,READY_REPORT_EXACT_MAPPING,Patrologia_Graeca_Vol._052.pdf,Zual/TLG_libre_scans,scans/volumes/pg52-chrysostom,webdataset/volumes--pg52-chrysostom--054ba5a70336.tar,Creative Commons Public Domain Mark 1.0,SAMPLE_VISUALLY_GOOD,data/research_batches/scan_validation_pg52_chrysostom.md
4139,003,READY_REPORT_EXACT_MAPPING,Patrologia_Graeca_Vol._055.pdf,Zual/TLG_libre_scans,scans/volumes/pg55-chrysostom,scans/volumes/pg55-chrysostom/pg55-original-image-only.pdf,Creative Commons Public Domain Mark 1.0,SAMPLE_VISUALLY_GOOD,data/research_batches/scan_validation_pg55_chrysostom.md
4139,005,READY_REPORT_EXACT_MAPPING,Patrologia_Graeca_Vol._056.pdf,Zual/TLG_libre_scans,scans/volumes/pg56-chrysostom-severianus,scans/volumes/pg56-chrysostom-severianus/pg56-original-image-only.pdf,Creative Commons Public Domain Mark 1.0,SAMPLE_VISUALLY_GOOD,data/research_batches/scan_validation_pg56_chrysostom_severianus.md
4139,006,READY_REPORT_EXACT_MAPPING,Patrologia_Graeca_Vol._059.pdf,Zual/TLG_libre_scans,scans/volumes/pg59-chrysostom-spuria,scans/volumes/pg59-chrysostom-spuria/pg59-original-image-only.pdf,Creative Commons Public Domain Mark 1.0,SAMPLE_VISUALLY_GOOD,data/research_batches/scan_validation_pg59_chrysostom_spuria.md
4139,007,READY_REPORT_EXACT_MAPPING,Patrologia_Graeca_Vol._056.pdf,Zual/TLG_libre_scans,scans/volumes/pg56-chrysostom-severianus,scans/volumes/pg56-chrysostom-severianus/pg56-original-image-only.pdf,Creative Commons Public Domain Mark 1.0,SAMPLE_VISUALLY_GOOD,data/research_batches/scan_validation_pg56_chrysostom_severianus.md
4139,008,READY_REPORT_EXACT_MAPPING,Patrologia_Graeca_Vol._055.pdf,Zual/TLG_libre_scans,scans/volumes/pg55-chrysostom,scans/volumes/pg55-chrysostom/pg55-original-image-only.pdf,Creative Commons Public Domain Mark 1.0,SAMPLE_VISUALLY_GOOD,data/research_batches/scan_validation_pg55_chrysostom.md
4139,009,READY_REPORT_EXACT_MAPPING,Patrologia_Graeca_Vol._056.pdf,Zual/TLG_libre_scans,scans/volumes/pg56-chrysostom-severianus,scans/volumes/pg56-chrysostom-severianus/pg56-original-image-only.pdf,Creative Commons Public Domain Mark 1.0,SAMPLE_VISUALLY_GOOD,data/research_batches/scan_validation_pg56_chrysostom_severianus.md
4139,010,READY_REPORT_EXACT_MAPPING,Patrologia_Graeca_Vol._052.pdf,Zual/TLG_libre_scans,scans/volumes/pg52-chrysostom,webdataset/volumes--pg52-chrysostom--054ba5a70336.tar,Creative Commons Public Domain Mark 1.0,SAMPLE_VISUALLY_GOOD,data/research_batches/scan_validation_pg52_chrysostom.md
4139,011,READY_REPORT_EXACT_MAPPING,Patrologia_Graeca_Vol._056.pdf,Zual/TLG_libre_scans,scans/volumes/pg56-chrysostom-severianus,scans/volumes/pg56-chrysostom-severianus/pg56-original-image-only.pdf,Creative Commons Public Domain Mark 1.0,SAMPLE_VISUALLY_GOOD,data/research_batches/scan_validation_pg56_chrysostom_severianus.md
4139,012,READY_REPORT_EXACT_MAPPING,Patrologia_Graeca_Vol._059.pdf,Zual/TLG_libre_scans,scans/volumes/pg59-chrysostom-spuria,scans/volumes/pg59-chrysostom-spuria/pg59-original-image-only.pdf,Creative Commons Public Domain Mark 1.0,SAMPLE_VISUALLY_GOOD,data/research_batches/scan_validation_pg59_chrysostom_spuria.md
4139,013,READY_REPORT_EXACT_MAPPING,Patrologia_Graeca_Vol._059.pdf,Zual/TLG_libre_scans,scans/volumes/pg59-chrysostom-spuria,scans/volumes/pg59-chrysostom-spuria/pg59-original-image-only.pdf,Creative Commons Public Domain Mark 1.0,SAMPLE_VISUALLY_GOOD,data/research_batches/scan_validation_pg59_chrysostom_spuria.md
4139,014,READY_REPORT_EXACT_MAPPING,Patrologia_Graeca_Vol._059.pdf,Zual/TLG_libre_scans,scans/volumes/pg59-chrysostom-spuria,scans/volumes/pg59-chrysostom-spuria/pg59-original-image-only.pdf,Creative Commons Public Domain Mark 1.0,SAMPLE_VISUALLY_GOOD,data/research_batches/scan_validation_pg59_chrysostom_spuria.md
4139,015,READY_REPORT_EXACT_MAPPING,Patrologia_Graeca_Vol._059.pdf,Zual/TLG_libre_scans,scans/volumes/pg59-chrysostom-spuria,scans/volumes/pg59-chrysostom-spuria/pg59-original-image-only.pdf,Creative Commons Public Domain Mark 1.0,SAMPLE_VISUALLY_GOOD,data/research_batches/scan_validation_pg59_chrysostom_spuria.md
4139,016,READY_REPORT_EXACT_MAPPING,Patrologia_Graeca_Vol._063.pdf,Zual/TLG_libre_scans,scans/volumes/pg63-chrysostom,scans/volumes/pg63-chrysostom/pg63-original-image-only.pdf,Creative Commons Public Domain Mark 1.0,SAMPLE_VISUALLY_GOOD,data/research_batches/scan_validation_pg63_chrysostom.md
4139,017,READY_REPORT_EXACT_MAPPING,Patrologia_Graeca_Vol._065.pdf,Zual/TLG_libre_scans,scans/volumes/pg65-proclus-apophthegmata,webdataset/volumes--pg65-proclus-apophthegmata--0668c3e0bc2d.tar,Creative Commons Public Domain Mark 1.0,SAMPLE_VISUALLY_GOOD,data/research_batches/scan_validation_pg65_proclus_apophthegmata.md
4139,034,READY_REPORT_EXACT_MAPPING,Patrologia_Graeca_Vol._056.pdf,Zual/TLG_libre_scans,scans/volumes/pg56-chrysostom-severianus,scans/volumes/pg56-chrysostom-severianus/pg56-original-image-only.pdf,Creative Commons Public Domain Mark 1.0,SAMPLE_VISUALLY_GOOD,data/research_batches/scan_validation_pg56_chrysostom_severianus.md
4139,038,READY_REPORT_EXACT_MAPPING,Patrologia_Graeca_Vol._056.pdf,Zual/TLG_libre_scans,scans/volumes/pg56-chrysostom-severianus,scans/volumes/pg56-chrysostom-severianus/pg56-original-image-only.pdf,Creative Commons Public Domain Mark 1.0,SAMPLE_VISUALLY_GOOD,data/research_batches/scan_validation_pg56_chrysostom_severianus.md
4139,067,READY_REPORT_EXACT_MAPPING,Patrologia_Graeca_Vol._056.pdf,Zual/TLG_libre_scans,scans/volumes/pg56-chrysostom-severianus,scans/volumes/pg56-chrysostom-severianus/pg56-original-image-only.pdf,Creative Commons Public Domain Mark 1.0,SAMPLE_VISUALLY_GOOD,data/research_batches/scan_validation_pg56_chrysostom_severianus.md
4139,072,READY_REPORT_EXACT_MAPPING,Patrologia_Graeca_Vol._059.pdf,Zual/TLG_libre_scans,scans/volumes/pg59-chrysostom-spuria,scans/volumes/pg59-chrysostom-spuria/pg59-original-image-only.pdf,Creative Commons Public Domain Mark 1.0,SAMPLE_VISUALLY_GOOD,data/research_batches/scan_validation_pg59_chrysostom_spuria.md
4139,081,READY_REPORT_EXACT_MAPPING,Patrologia_Graeca_Vol._059.pdf,Zual/TLG_libre_scans,scans/volumes/pg59-chrysostom-spuria,scans/volumes/pg59-chrysostom-spuria/pg59-original-image-only.pdf,Creative Commons Public Domain Mark 1.0,SAMPLE_VISUALLY_GOOD,data/research_batches/scan_validation_pg59_chrysostom_spuria.md
4165,002,ARCHIVED_DIRECT_REGISTRY_MAPPING,scholiainaristot00bran,Zual/TLG_libre_scans,scans/volumes/brandis-scholia-aristotelem-1836,webdataset/volumes--brandis-scholia-aristotelem-1836--e55304dbb976.tar,Public-domain-era edition; no explicit IA rights field,SAMPLE_VISUALLY_GOOD,data/scan_sources.csv
4171,001,ARCHIVED_DIRECT_REGISTRY_MAPPING,bpt6k28230s,Zual/TLG_libre_scans,scans/tlg4171/tlg001/bussemaker-oppian-1849,webdataset/tlg4171--tlg001--bussemaker-oppian-1849--0035220cfa66.tar,BnF catalogue: libre de droits; Gallica reuse conditions and attribution apply,ALL_SELECTED_PAGES_VISUALLY_GOOD,data/scan_sources.csv
4190,001,ARCHIVED_DIRECT_REGISTRY_MAPPING,scholiainaristot00bran,Zual/TLG_libre_scans,scans/volumes/brandis-scholia-aristotelem-1836,webdataset/volumes--brandis-scholia-aristotelem-1836--e55304dbb976.tar,Public-domain-era edition; no explicit IA rights field,SAMPLE_VISUALLY_GOOD,data/scan_sources.csv
4190,002,ARCHIVED_DIRECT_REGISTRY_MAPPING,scholiainaristot00bran,Zual/TLG_libre_scans,scans/volumes/brandis-scholia-aristotelem-1836,webdataset/volumes--brandis-scholia-aristotelem-1836--e55304dbb976.tar,Public-domain-era edition; no explicit IA rights field,SAMPLE_VISUALLY_GOOD,data/scan_sources.csv
4190,003,ARCHIVED_DIRECT_REGISTRY_MAPPING,scholiainaristot00bran,Zual/TLG_libre_scans,scans/volumes/brandis-scholia-aristotelem-1836,webdataset/volumes--brandis-scholia-aristotelem-1836--e55304dbb976.tar,Public-domain-era edition; no explicit IA rights field,SAMPLE_VISUALLY_GOOD,data/scan_sources.csv
4190,004,ARCHIVED_DIRECT_REGISTRY_MAPPING,scholiainaristot00bran,Zual/TLG_libre_scans,scans/volumes/brandis-scholia-aristotelem-1836,webdataset/volumes--brandis-scholia-aristotelem-1836--e55304dbb976.tar,Public-domain-era edition; no explicit IA rights field,SAMPLE_VISUALLY_GOOD,data/scan_sources.csv
4190,005,ARCHIVED_DIRECT_REGISTRY_MAPPING,scholiainaristot00bran,Zual/TLG_libre_scans,scans/volumes/brandis-scholia-aristotelem-1836,webdataset/volumes--brandis-scholia-aristotelem-1836--e55304dbb976.tar,Public-domain-era edition; no explicit IA rights field,SAMPLE_VISUALLY_GOOD,data/scan_sources.csv
4191,001,ARCHIVED_DIRECT_REGISTRY_MAPPING,scholiainaristot00bran,Zual/TLG_libre_scans,scans/volumes/brandis-scholia-aristotelem-1836,webdataset/volumes--brandis-scholia-aristotelem-1836--e55304dbb976.tar,Public-domain-era edition; no explicit IA rights field,SAMPLE_VISUALLY_GOOD,data/scan_sources.csv
4191,002,ARCHIVED_DIRECT_REGISTRY_MAPPING,scholiainaristot00bran,Zual/TLG_libre_scans,scans/volumes/brandis-scholia-aristotelem-1836,webdataset/volumes--brandis-scholia-aristotelem-1836--e55304dbb976.tar,Public-domain-era edition; no explicit IA rights field,SAMPLE_VISUALLY_GOOD,data/scan_sources.csv
4192,001,ARCHIVED_DIRECT_REGISTRY_MAPPING,scholiainaristot00bran,Zual/TLG_libre_scans,scans/volumes/brandis-scholia-aristotelem-1836,webdataset/volumes--brandis-scholia-aristotelem-1836--e55304dbb976.tar,Public-domain-era edition; no explicit IA rights field,SAMPLE_VISUALLY_GOOD,data/scan_sources.csv
4192,002,ARCHIVED_DIRECT_REGISTRY_MAPPING,scholiainaristot00bran,Zual/TLG_libre_scans,scans/volumes/brandis-scholia-aristotelem-1836,webdataset/volumes--brandis-scholia-aristotelem-1836--e55304dbb976.tar,Public-domain-era edition; no explicit IA rights field,SAMPLE_VISUALLY_GOOD,data/scan_sources.csv
4192,003,ARCHIVED_DIRECT_REGISTRY_MAPPING,scholiainaristot00bran,Zual/TLG_libre_scans,scans/volumes/brandis-scholia-aristotelem-1836,webdataset/volumes--brandis-scholia-aristotelem-1836--e55304dbb976.tar,Public-domain-era edition; no explicit IA rights field,SAMPLE_VISUALLY_GOOD,data/scan_sources.csv
4192,004,ARCHIVED_DIRECT_REGISTRY_MAPPING,scholiainaristot00bran,Zual/TLG_libre_scans,scans/volumes/brandis-scholia-aristotelem-1836,webdataset/volumes--brandis-scholia-aristotelem-1836--e55304dbb976.tar,Public-domain-era edition; no explicit IA rights field,SAMPLE_VISUALLY_GOOD,data/scan_sources.csv
4192,005,ARCHIVED_DIRECT_REGISTRY_MAPPING,scholiainaristot00bran,Zual/TLG_libre_scans,scans/volumes/brandis-scholia-aristotelem-1836,webdataset/volumes--brandis-scholia-aristotelem-1836--e55304dbb976.tar,Public-domain-era edition; no explicit IA rights field,SAMPLE_VISUALLY_GOOD,data/scan_sources.csv
4193,001,ARCHIVED_DIRECT_REGISTRY_MAPPING,scholiainaristot00bran,Zual/TLG_libre_scans,scans/volumes/brandis-scholia-aristotelem-1836,webdataset/volumes--brandis-scholia-aristotelem-1836--e55304dbb976.tar,Public-domain-era edition; no explicit IA rights field,SAMPLE_VISUALLY_GOOD,data/scan_sources.csv
4194,001,ARCHIVED_DIRECT_REGISTRY_MAPPING,scholiainaristot00bran,Zual/TLG_libre_scans,scans/volumes/brandis-scholia-aristotelem-1836,webdataset/volumes--brandis-scholia-aristotelem-1836--e55304dbb976.tar,Public-domain-era edition; no explicit IA rights field,SAMPLE_VISUALLY_GOOD,data/scan_sources.csv
4194,002,ARCHIVED_DIRECT_REGISTRY_MAPPING,scholiainaristot00bran,Zual/TLG_libre_scans,scans/volumes/brandis-scholia-aristotelem-1836,webdataset/volumes--brandis-scholia-aristotelem-1836--e55304dbb976.tar,Public-domain-era edition; no explicit IA rights field,SAMPLE_VISUALLY_GOOD,data/scan_sources.csv
4194,003,ARCHIVED_DIRECT_REGISTRY_MAPPING,scholiainaristot00bran,Zual/TLG_libre_scans,scans/volumes/brandis-scholia-aristotelem-1836,webdataset/volumes--brandis-scholia-aristotelem-1836--e55304dbb976.tar,Public-domain-era edition; no explicit IA rights field,SAMPLE_VISUALLY_GOOD,data/scan_sources.csv
4194,004,ARCHIVED_DIRECT_REGISTRY_MAPPING,scholiainaristot00bran,Zual/TLG_libre_scans,scans/volumes/brandis-scholia-aristotelem-1836,webdataset/volumes--brandis-scholia-aristotelem-1836--e55304dbb976.tar,Public-domain-era edition; no explicit IA rights field,SAMPLE_VISUALLY_GOOD,data/scan_sources.csv
4194,005,ARCHIVED_DIRECT_REGISTRY_MAPPING,scholiainaristot00bran,Zual/TLG_libre_scans,scans/volumes/brandis-scholia-aristotelem-1836,webdataset/volumes--brandis-scholia-aristotelem-1836--e55304dbb976.tar,Public-domain-era edition; no explicit IA rights field,SAMPLE_VISUALLY_GOOD,data/scan_sources.csv
4194,006,ARCHIVED_DIRECT_REGISTRY_MAPPING,scholiainaristot00bran,Zual/TLG_libre_scans,scans/volumes/brandis-scholia-aristotelem-1836,webdataset/volumes--brandis-scholia-aristotelem-1836--e55304dbb976.tar,Public-domain-era edition; no explicit IA rights field,SAMPLE_VISUALLY_GOOD,data/scan_sources.csv
4194,007,ARCHIVED_DIRECT_REGISTRY_MAPPING,scholiainaristot00bran,Zual/TLG_libre_scans,scans/volumes/brandis-scholia-aristotelem-1836,webdataset/volumes--brandis-scholia-aristotelem-1836--e55304dbb976.tar,Public-domain-era edition; no explicit IA rights field,SAMPLE_VISUALLY_GOOD,data/scan_sources.csv
4195,001,ARCHIVED_DIRECT_REGISTRY_MAPPING,scholiainaristot00bran,Zual/TLG_libre_scans,scans/volumes/brandis-scholia-aristotelem-1836,webdataset/volumes--brandis-scholia-aristotelem-1836--e55304dbb976.tar,Public-domain-era edition; no explicit IA rights field,SAMPLE_VISUALLY_GOOD,data/scan_sources.csv
4195,002,ARCHIVED_DIRECT_REGISTRY_MAPPING,scholiainaristot00bran,Zual/TLG_libre_scans,scans/volumes/brandis-scholia-aristotelem-1836,webdataset/volumes--brandis-scholia-aristotelem-1836--e55304dbb976.tar,Public-domain-era edition; no explicit IA rights field,SAMPLE_VISUALLY_GOOD,data/scan_sources.csv
4195,003,ARCHIVED_DIRECT_REGISTRY_MAPPING,scholiainaristot00bran,Zual/TLG_libre_scans,scans/volumes/brandis-scholia-aristotelem-1836,webdataset/volumes--brandis-scholia-aristotelem-1836--e55304dbb976.tar,Public-domain-era edition; no explicit IA rights field,SAMPLE_VISUALLY_GOOD,data/scan_sources.csv
4195,004,ARCHIVED_DIRECT_REGISTRY_MAPPING,scholiainaristot00bran,Zual/TLG_libre_scans,scans/volumes/brandis-scholia-aristotelem-1836,webdataset/volumes--brandis-scholia-aristotelem-1836--e55304dbb976.tar,Public-domain-era edition; no explicit IA rights field,SAMPLE_VISUALLY_GOOD,data/scan_sources.csv
4196,001,ARCHIVED_DIRECT_REGISTRY_MAPPING,scholiainaristot00bran,Zual/TLG_libre_scans,scans/volumes/brandis-scholia-aristotelem-1836,webdataset/volumes--brandis-scholia-aristotelem-1836--e55304dbb976.tar,Public-domain-era edition; no explicit IA rights field,SAMPLE_VISUALLY_GOOD,data/scan_sources.csv
4196,003,ARCHIVED_DIRECT_REGISTRY_MAPPING,scholiainaristot00bran,Zual/TLG_libre_scans,scans/volumes/brandis-scholia-aristotelem-1836,webdataset/volumes--brandis-scholia-aristotelem-1836--e55304dbb976.tar,Public-domain-era edition; no explicit IA rights field,SAMPLE_VISUALLY_GOOD,data/scan_sources.csv
4209,001,ARCHIVED_DIRECT_REGISTRY_MAPPING,Geographi_graeci_minores_IA_geographigraeci03mlgoog.pdf,Zual/TLG_libre_scans,scans/volumes/muller-geographi-graeci-minores-v1-1855,webdataset/volumes--muller-geographi-graeci-minores-v1-1855--04768e34cb7e.tar,Public domain,SAMPLE_VISUALLY_GOOD,data/scan_sources.csv
4280,005,ARCHIVED_DIRECT_REGISTRY_MAPPING,bub_gb_-2sVmIsQ8MwC,Zual/TLG_libre_scans,scans/tlg4280/tlg005/miller-offprint-1872,webdataset/tlg4280--tlg005--miller-offprint-1872--7196612159be.tar,Creative Commons Public Domain Mark 1.0,SAMPLE_VISUALLY_GOOD,data/scan_sources.csv
4286,004,ARCHIVED_DIRECT_REGISTRY_MAPPING,anecdotagraecae02unkngoog,Zual/TLG_libre_scans,scans/tlg4286/tlg004/cramer-1836-pp275-307,webdataset/tlg4286--tlg004--cramer-1836-pp275-307--a5c58a4923b0.tar,Creative Commons Public Domain Mark 1.0,SAMPLE_VISUALLY_GOOD,data/scan_sources.csv
4374,001,ARCHIVED_DIRECT_REGISTRY_MAPPING,anonymichristian00herm,Zual/TLG_libre_scans,scans/tlg4374/tlg001/kroll-viereck-1895,webdataset/tlg4374--tlg001--kroll-viereck-1895--880558dd3174.tar,Public-domain-era edition; no explicit IA rights field,SAMPLE_VISUALLY_GOOD,data/scan_sources.csv
4411,001,ARCHIVED_DIRECT_REGISTRY_MAPPING,Synaxarium_Ecclesiae_Constantinopolitanae.pdf,Zual/TLG_libre_scans,scans/volumes/synaxarium-delehaye-1902,webdataset/volumes--synaxarium-delehaye-1902--april-341-373--82c4c25dd746.tar;webdataset/volumes--synaxarium-delehaye-1902--august-482-521--ce308cc4906b.tar;webdataset/volumes--synaxarium-delehaye-1902--december-187-233--9a2ea13c753d.tar;webdataset/volumes--synaxarium-delehaye-1902--february-271-300--63abf7acc99f.tar;webdataset/volumes--synaxarium-delehaye-1902--january-234-270--e8bc109ca818.tar;webdataset/volumes--synaxarium-delehaye-1902--july-448-481--84a753ecdd9c.tar;webdataset/volumes--synaxarium-delehaye-1902--june-413-447--05581f05b72b.tar;webdataset/volumes--synaxarium-delehaye-1902--march-301-340--3ca9d43a7fba.tar;webdataset/volumes--synaxarium-delehaye-1902--may-375-412--3eb0875e2856.tar;webdataset/volumes--synaxarium-delehaye-1902--november-145-185--7fbf1b3ecaf3.tar;webdataset/volumes--synaxarium-delehaye-1902--october-100-144--9e531d8977b8.tar;webdataset/volumes--synaxarium-delehaye-1902--september-053-099--5a0e89a24d14.tar,Creative Commons Public Domain Mark 1.0,SAMPLE_VISUALLY_GOOD,data/scan_sources.csv
4411,002,ARCHIVED_DIRECT_REGISTRY_MAPPING,Synaxarium_Ecclesiae_Constantinopolitanae.pdf,Zual/TLG_libre_scans,scans/volumes/synaxarium-delehaye-1902,webdataset/volumes--synaxarium-delehaye-1902--april-341-373--82c4c25dd746.tar;webdataset/volumes--synaxarium-delehaye-1902--august-482-521--ce308cc4906b.tar;webdataset/volumes--synaxarium-delehaye-1902--december-187-233--9a2ea13c753d.tar;webdataset/volumes--synaxarium-delehaye-1902--february-271-300--63abf7acc99f.tar;webdataset/volumes--synaxarium-delehaye-1902--january-234-270--e8bc109ca818.tar;webdataset/volumes--synaxarium-delehaye-1902--july-448-481--84a753ecdd9c.tar;webdataset/volumes--synaxarium-delehaye-1902--june-413-447--05581f05b72b.tar;webdataset/volumes--synaxarium-delehaye-1902--march-301-340--3ca9d43a7fba.tar;webdataset/volumes--synaxarium-delehaye-1902--may-375-412--3eb0875e2856.tar;webdataset/volumes--synaxarium-delehaye-1902--november-145-185--7fbf1b3ecaf3.tar;webdataset/volumes--synaxarium-delehaye-1902--october-100-144--9e531d8977b8.tar;webdataset/volumes--synaxarium-delehaye-1902--september-053-099--5a0e89a24d14.tar,Creative Commons Public Domain Mark 1.0,SAMPLE_VISUALLY_GOOD,data/scan_sources.csv
4411,003,ARCHIVED_DIRECT_REGISTRY_MAPPING,Synaxarium_Ecclesiae_Constantinopolitanae.pdf,Zual/TLG_libre_scans,scans/volumes/synaxarium-delehaye-1902,webdataset/volumes--synaxarium-delehaye-1902--april-341-373--82c4c25dd746.tar;webdataset/volumes--synaxarium-delehaye-1902--august-482-521--ce308cc4906b.tar;webdataset/volumes--synaxarium-delehaye-1902--december-187-233--9a2ea13c753d.tar;webdataset/volumes--synaxarium-delehaye-1902--february-271-300--63abf7acc99f.tar;webdataset/volumes--synaxarium-delehaye-1902--january-234-270--e8bc109ca818.tar;webdataset/volumes--synaxarium-delehaye-1902--july-448-481--84a753ecdd9c.tar;webdataset/volumes--synaxarium-delehaye-1902--june-413-447--05581f05b72b.tar;webdataset/volumes--synaxarium-delehaye-1902--march-301-340--3ca9d43a7fba.tar;webdataset/volumes--synaxarium-delehaye-1902--may-375-412--3eb0875e2856.tar;webdataset/volumes--synaxarium-delehaye-1902--november-145-185--7fbf1b3ecaf3.tar;webdataset/volumes--synaxarium-delehaye-1902--october-100-144--9e531d8977b8.tar;webdataset/volumes--synaxarium-delehaye-1902--september-053-099--5a0e89a24d14.tar,Creative Commons Public Domain Mark 1.0,SAMPLE_VISUALLY_GOOD,data/scan_sources.csv
4411,004,ARCHIVED_DIRECT_REGISTRY_MAPPING,Synaxarium_Ecclesiae_Constantinopolitanae.pdf,Zual/TLG_libre_scans,scans/volumes/synaxarium-delehaye-1902,webdataset/volumes--synaxarium-delehaye-1902--april-341-373--82c4c25dd746.tar;webdataset/volumes--synaxarium-delehaye-1902--august-482-521--ce308cc4906b.tar;webdataset/volumes--synaxarium-delehaye-1902--december-187-233--9a2ea13c753d.tar;webdataset/volumes--synaxarium-delehaye-1902--february-271-300--63abf7acc99f.tar;webdataset/volumes--synaxarium-delehaye-1902--january-234-270--e8bc109ca818.tar;webdataset/volumes--synaxarium-delehaye-1902--july-448-481--84a753ecdd9c.tar;webdataset/volumes--synaxarium-delehaye-1902--june-413-447--05581f05b72b.tar;webdataset/volumes--synaxarium-delehaye-1902--march-301-340--3ca9d43a7fba.tar;webdataset/volumes--synaxarium-delehaye-1902--may-375-412--3eb0875e2856.tar;webdataset/volumes--synaxarium-delehaye-1902--november-145-185--7fbf1b3ecaf3.tar;webdataset/volumes--synaxarium-delehaye-1902--october-100-144--9e531d8977b8.tar;webdataset/volumes--synaxarium-delehaye-1902--september-053-099--5a0e89a24d14.tar,Creative Commons Public Domain Mark 1.0,SAMPLE_VISUALLY_GOOD,data/scan_sources.csv
4411,005,ARCHIVED_DIRECT_REGISTRY_MAPPING,Synaxarium_Ecclesiae_Constantinopolitanae.pdf,Zual/TLG_libre_scans,scans/volumes/synaxarium-delehaye-1902,webdataset/volumes--synaxarium-delehaye-1902--april-341-373--82c4c25dd746.tar;webdataset/volumes--synaxarium-delehaye-1902--august-482-521--ce308cc4906b.tar;webdataset/volumes--synaxarium-delehaye-1902--december-187-233--9a2ea13c753d.tar;webdataset/volumes--synaxarium-delehaye-1902--february-271-300--63abf7acc99f.tar;webdataset/volumes--synaxarium-delehaye-1902--january-234-270--e8bc109ca818.tar;webdataset/volumes--synaxarium-delehaye-1902--july-448-481--84a753ecdd9c.tar;webdataset/volumes--synaxarium-delehaye-1902--june-413-447--05581f05b72b.tar;webdataset/volumes--synaxarium-delehaye-1902--march-301-340--3ca9d43a7fba.tar;webdataset/volumes--synaxarium-delehaye-1902--may-375-412--3eb0875e2856.tar;webdataset/volumes--synaxarium-delehaye-1902--november-145-185--7fbf1b3ecaf3.tar;webdataset/volumes--synaxarium-delehaye-1902--october-100-144--9e531d8977b8.tar;webdataset/volumes--synaxarium-delehaye-1902--september-053-099--5a0e89a24d14.tar,Creative Commons Public Domain Mark 1.0,SAMPLE_VISUALLY_GOOD,data/scan_sources.csv
4411,006,ARCHIVED_DIRECT_REGISTRY_MAPPING,Synaxarium_Ecclesiae_Constantinopolitanae.pdf,Zual/TLG_libre_scans,scans/volumes/synaxarium-delehaye-1902,webdataset/volumes--synaxarium-delehaye-1902--april-341-373--82c4c25dd746.tar;webdataset/volumes--synaxarium-delehaye-1902--august-482-521--ce308cc4906b.tar;webdataset/volumes--synaxarium-delehaye-1902--december-187-233--9a2ea13c753d.tar;webdataset/volumes--synaxarium-delehaye-1902--february-271-300--63abf7acc99f.tar;webdataset/volumes--synaxarium-delehaye-1902--january-234-270--e8bc109ca818.tar;webdataset/volumes--synaxarium-delehaye-1902--july-448-481--84a753ecdd9c.tar;webdataset/volumes--synaxarium-delehaye-1902--june-413-447--05581f05b72b.tar;webdataset/volumes--synaxarium-delehaye-1902--march-301-340--3ca9d43a7fba.tar;webdataset/volumes--synaxarium-delehaye-1902--may-375-412--3eb0875e2856.tar;webdataset/volumes--synaxarium-delehaye-1902--november-145-185--7fbf1b3ecaf3.tar;webdataset/volumes--synaxarium-delehaye-1902--october-100-144--9e531d8977b8.tar;webdataset/volumes--synaxarium-delehaye-1902--september-053-099--5a0e89a24d14.tar,Creative Commons Public Domain Mark 1.0,SAMPLE_VISUALLY_GOOD,data/scan_sources.csv
4411,007,ARCHIVED_DIRECT_REGISTRY_MAPPING,Synaxarium_Ecclesiae_Constantinopolitanae.pdf,Zual/TLG_libre_scans,scans/volumes/synaxarium-delehaye-1902,webdataset/volumes--synaxarium-delehaye-1902--april-341-373--82c4c25dd746.tar;webdataset/volumes--synaxarium-delehaye-1902--august-482-521--ce308cc4906b.tar;webdataset/volumes--synaxarium-delehaye-1902--december-187-233--9a2ea13c753d.tar;webdataset/volumes--synaxarium-delehaye-1902--february-271-300--63abf7acc99f.tar;webdataset/volumes--synaxarium-delehaye-1902--january-234-270--e8bc109ca818.tar;webdataset/volumes--synaxarium-delehaye-1902--july-448-481--84a753ecdd9c.tar;webdataset/volumes--synaxarium-delehaye-1902--june-413-447--05581f05b72b.tar;webdataset/volumes--synaxarium-delehaye-1902--march-301-340--3ca9d43a7fba.tar;webdataset/volumes--synaxarium-delehaye-1902--may-375-412--3eb0875e2856.tar;webdataset/volumes--synaxarium-delehaye-1902--november-145-185--7fbf1b3ecaf3.tar;webdataset/volumes--synaxarium-delehaye-1902--october-100-144--9e531d8977b8.tar;webdataset/volumes--synaxarium-delehaye-1902--september-053-099--5a0e89a24d14.tar,Creative Commons Public Domain Mark 1.0,SAMPLE_VISUALLY_GOOD,data/scan_sources.csv
4411,008,ARCHIVED_DIRECT_REGISTRY_MAPPING,Synaxarium_Ecclesiae_Constantinopolitanae.pdf,Zual/TLG_libre_scans,scans/volumes/synaxarium-delehaye-1902,webdataset/volumes--synaxarium-delehaye-1902--april-341-373--82c4c25dd746.tar;webdataset/volumes--synaxarium-delehaye-1902--august-482-521--ce308cc4906b.tar;webdataset/volumes--synaxarium-delehaye-1902--december-187-233--9a2ea13c753d.tar;webdataset/volumes--synaxarium-delehaye-1902--february-271-300--63abf7acc99f.tar;webdataset/volumes--synaxarium-delehaye-1902--january-234-270--e8bc109ca818.tar;webdataset/volumes--synaxarium-delehaye-1902--july-448-481--84a753ecdd9c.tar;webdataset/volumes--synaxarium-delehaye-1902--june-413-447--05581f05b72b.tar;webdataset/volumes--synaxarium-delehaye-1902--march-301-340--3ca9d43a7fba.tar;webdataset/volumes--synaxarium-delehaye-1902--may-375-412--3eb0875e2856.tar;webdataset/volumes--synaxarium-delehaye-1902--november-145-185--7fbf1b3ecaf3.tar;webdataset/volumes--synaxarium-delehaye-1902--october-100-144--9e531d8977b8.tar;webdataset/volumes--synaxarium-delehaye-1902--september-053-099--5a0e89a24d14.tar,Creative Commons Public Domain Mark 1.0,SAMPLE_VISUALLY_GOOD,data/scan_sources.csv
4411,009,ARCHIVED_DIRECT_REGISTRY_MAPPING,Synaxarium_Ecclesiae_Constantinopolitanae.pdf,Zual/TLG_libre_scans,scans/volumes/synaxarium-delehaye-1902,webdataset/volumes--synaxarium-delehaye-1902--april-341-373--82c4c25dd746.tar;webdataset/volumes--synaxarium-delehaye-1902--august-482-521--ce308cc4906b.tar;webdataset/volumes--synaxarium-delehaye-1902--december-187-233--9a2ea13c753d.tar;webdataset/volumes--synaxarium-delehaye-1902--february-271-300--63abf7acc99f.tar;webdataset/volumes--synaxarium-delehaye-1902--january-234-270--e8bc109ca818.tar;webdataset/volumes--synaxarium-delehaye-1902--july-448-481--84a753ecdd9c.tar;webdataset/volumes--synaxarium-delehaye-1902--june-413-447--05581f05b72b.tar;webdataset/volumes--synaxarium-delehaye-1902--march-301-340--3ca9d43a7fba.tar;webdataset/volumes--synaxarium-delehaye-1902--may-375-412--3eb0875e2856.tar;webdataset/volumes--synaxarium-delehaye-1902--november-145-185--7fbf1b3ecaf3.tar;webdataset/volumes--synaxarium-delehaye-1902--october-100-144--9e531d8977b8.tar;webdataset/volumes--synaxarium-delehaye-1902--september-053-099--5a0e89a24d14.tar,Creative Commons Public Domain Mark 1.0,SAMPLE_VISUALLY_GOOD,data/scan_sources.csv
4411,010,ARCHIVED_DIRECT_REGISTRY_MAPPING,Synaxarium_Ecclesiae_Constantinopolitanae.pdf,Zual/TLG_libre_scans,scans/volumes/synaxarium-delehaye-1902,webdataset/volumes--synaxarium-delehaye-1902--april-341-373--82c4c25dd746.tar;webdataset/volumes--synaxarium-delehaye-1902--august-482-521--ce308cc4906b.tar;webdataset/volumes--synaxarium-delehaye-1902--december-187-233--9a2ea13c753d.tar;webdataset/volumes--synaxarium-delehaye-1902--february-271-300--63abf7acc99f.tar;webdataset/volumes--synaxarium-delehaye-1902--january-234-270--e8bc109ca818.tar;webdataset/volumes--synaxarium-delehaye-1902--july-448-481--84a753ecdd9c.tar;webdataset/volumes--synaxarium-delehaye-1902--june-413-447--05581f05b72b.tar;webdataset/volumes--synaxarium-delehaye-1902--march-301-340--3ca9d43a7fba.tar;webdataset/volumes--synaxarium-delehaye-1902--may-375-412--3eb0875e2856.tar;webdataset/volumes--synaxarium-delehaye-1902--november-145-185--7fbf1b3ecaf3.tar;webdataset/volumes--synaxarium-delehaye-1902--october-100-144--9e531d8977b8.tar;webdataset/volumes--synaxarium-delehaye-1902--september-053-099--5a0e89a24d14.tar,Creative Commons Public Domain Mark 1.0,SAMPLE_VISUALLY_GOOD,data/scan_sources.csv
4411,011,ARCHIVED_DIRECT_REGISTRY_MAPPING,Synaxarium_Ecclesiae_Constantinopolitanae.pdf,Zual/TLG_libre_scans,scans/volumes/synaxarium-delehaye-1902,webdataset/volumes--synaxarium-delehaye-1902--april-341-373--82c4c25dd746.tar;webdataset/volumes--synaxarium-delehaye-1902--august-482-521--ce308cc4906b.tar;webdataset/volumes--synaxarium-delehaye-1902--december-187-233--9a2ea13c753d.tar;webdataset/volumes--synaxarium-delehaye-1902--february-271-300--63abf7acc99f.tar;webdataset/volumes--synaxarium-delehaye-1902--january-234-270--e8bc109ca818.tar;webdataset/volumes--synaxarium-delehaye-1902--july-448-481--84a753ecdd9c.tar;webdataset/volumes--synaxarium-delehaye-1902--june-413-447--05581f05b72b.tar;webdataset/volumes--synaxarium-delehaye-1902--march-301-340--3ca9d43a7fba.tar;webdataset/volumes--synaxarium-delehaye-1902--may-375-412--3eb0875e2856.tar;webdataset/volumes--synaxarium-delehaye-1902--november-145-185--7fbf1b3ecaf3.tar;webdataset/volumes--synaxarium-delehaye-1902--october-100-144--9e531d8977b8.tar;webdataset/volumes--synaxarium-delehaye-1902--september-053-099--5a0e89a24d14.tar,Creative Commons Public Domain Mark 1.0,SAMPLE_VISUALLY_GOOD,data/scan_sources.csv
4411,012,ARCHIVED_DIRECT_REGISTRY_MAPPING,Synaxarium_Ecclesiae_Constantinopolitanae.pdf,Zual/TLG_libre_scans,scans/volumes/synaxarium-delehaye-1902,webdataset/volumes--synaxarium-delehaye-1902--april-341-373--82c4c25dd746.tar;webdataset/volumes--synaxarium-delehaye-1902--august-482-521--ce308cc4906b.tar;webdataset/volumes--synaxarium-delehaye-1902--december-187-233--9a2ea13c753d.tar;webdataset/volumes--synaxarium-delehaye-1902--february-271-300--63abf7acc99f.tar;webdataset/volumes--synaxarium-delehaye-1902--january-234-270--e8bc109ca818.tar;webdataset/volumes--synaxarium-delehaye-1902--july-448-481--84a753ecdd9c.tar;webdataset/volumes--synaxarium-delehaye-1902--june-413-447--05581f05b72b.tar;webdataset/volumes--synaxarium-delehaye-1902--march-301-340--3ca9d43a7fba.tar;webdataset/volumes--synaxarium-delehaye-1902--may-375-412--3eb0875e2856.tar;webdataset/volumes--synaxarium-delehaye-1902--november-145-185--7fbf1b3ecaf3.tar;webdataset/volumes--synaxarium-delehaye-1902--october-100-144--9e531d8977b8.tar;webdataset/volumes--synaxarium-delehaye-1902--september-053-099--5a0e89a24d14.tar,Creative Commons Public Domain Mark 1.0,SAMPLE_VISUALLY_GOOD,data/scan_sources.csv
4443,002,ARCHIVED_DIRECT_REGISTRY_MAPPING,Patrologia_Graeca_Vol._141.pdf,Zual/TLG_libre_scans,scans/tlg4443/tlg002/pg141-cols1032-1273,webdataset/tlg4443--tlg002--pg141-cols1032-1273--73a1b05ddf7b.tar,Creative Commons Public Domain Mark 1.0,SAMPLE_VISUALLY_GOOD,data/scan_sources.csv
4496,001,READY_REPORT_EXACT_MAPPING,Patrologia_Graeca_Vol._120.pdf,Zual/TLG_libre_scans,scans/volumes/pg120-byzantine,scans/volumes/pg120-byzantine/pg120-original-image-only.pdf,Creative Commons Public Domain Mark 1.0,SAMPLE_VISUALLY_GOOD,data/research_batches/scan_validation_pg120_byzantine.md
4516,001,READY_REPORT_EXACT_MAPPING,Patrologia_Graeca_Vol._100.pdf,Zual/TLG_libre_scans,scans/volumes/pg100-nicephorus,scans/volumes/pg100-nicephorus/pg100-original-image-only.pdf,Creative Commons Public Domain Mark 1.0,SAMPLE_VISUALLY_GOOD,data/research_batches/scan_validation_pg100_nicephorus.md
4527,001,READY_REPORT_EXACT_MAPPING,Patrologia_Graeca_Vol._099.pdf,Zual/TLG_libre_scans,scans/volumes/pg99-theodore-studite,scans/volumes/pg99-theodore-studite/pg99-original-image-only.pdf,Creative Commons Public Domain Mark 1.0,SAMPLE_VISUALLY_GOOD,data/research_batches/scan_validation_pg99_theodore_studite.md
5057,007,READY_REPORT_EXACT_MAPPING,Patrologia_Graeca_Vol._116.pdf,Zual/TLG_libre_scans,scans/volumes/pg116-symeon-metaphrastes,webdataset/volumes--pg116-symeon-metaphrastes--b9a5de7449f9.tar,Creative Commons Public Domain Mark 1.0,SAMPLE_VISUALLY_GOOD,data/research_batches/scan_validation_pg116_symeon_metaphrastes_ii.md
5059,002,ARCHIVED_DIRECT_REGISTRY_MAPPING,walters-w521-openn,Zual/TLG_libre_scans,scans/tlg5059/tlg002/walters-w521-fols25r-27v,webdataset/walters-w521-targeted-sap-jpeg.tar,CC0,ALL_SELECTED_SEGMENTS_VISUALLY_GREEK,data/scan_sources.csv
5059,003,ARCHIVED_DIRECT_REGISTRY_MAPPING,walters-w521-openn,Zual/TLG_libre_scans,scans/tlg5059/tlg003/walters-w521-fols50v-56r,webdataset/walters-w521-targeted-sap-jpeg.tar,CC0,ALL_SELECTED_SEGMENTS_VISUALLY_GREEK,data/scan_sources.csv
5059,004,ARCHIVED_DIRECT_REGISTRY_MAPPING,walters-w521-openn,Zual/TLG_libre_scans,scans/tlg5059/tlg004/walters-w521-fols92v-95v,webdataset/walters-w521-targeted-sap-jpeg.tar,CC0,ALL_SELECTED_SEGMENTS_VISUALLY_GREEK,data/scan_sources.csv
5059,005,ARCHIVED_DIRECT_REGISTRY_MAPPING,walters-w521-openn,Zual/TLG_libre_scans,scans/tlg5059/tlg005/walters-w521-fols155v-158r,webdataset/walters-w521-targeted-sap-jpeg.tar,CC0,ALL_SELECTED_SEGMENTS_VISUALLY_GREEK,data/scan_sources.csv
5059,006,ARCHIVED_DIRECT_REGISTRY_MAPPING,walters-w521-openn,Zual/TLG_libre_scans,scans/tlg5059/tlg006/walters-w521-fols200r-203r,webdataset/walters-w521-targeted-sap-jpeg.tar,CC0,ALL_SELECTED_SEGMENTS_VISUALLY_GREEK,data/scan_sources.csv
5059,010,ARCHIVED_DIRECT_REGISTRY_MAPPING,walters-w521-openn,Zual/TLG_libre_scans,scans/tlg5059/tlg010/walters-w521-fols12r-22r,webdataset/walters-w521-targeted-more-sap-jpeg.tar,CC0,ALL_SELECTED_SEGMENTS_VISUALLY_GREEK,data/scan_sources.csv
5059,011,ARCHIVED_DIRECT_REGISTRY_MAPPING,walters-w521-openn,Zual/TLG_libre_scans,scans/tlg5059/tlg011/walters-w521-fols23r-24v,webdataset/walters-w521-targeted-more-sap-jpeg.tar,CC0,ALL_SELECTED_SEGMENTS_VISUALLY_GREEK,data/scan_sources.csv
5059,012,ARCHIVED_DIRECT_REGISTRY_MAPPING,walters-w521-openn,Zual/TLG_libre_scans,scans/tlg5059/tlg012/walters-w521-fols28r-35v,webdataset/walters-w521-targeted-more-sap-jpeg.tar,CC0,ALL_SELECTED_SEGMENTS_VISUALLY_GREEK,data/scan_sources.csv
5059,013,ARCHIVED_DIRECT_REGISTRY_MAPPING,walters-w521-openn,Zual/TLG_libre_scans,scans/tlg5059/tlg013/walters-w521-fols36r-37v,webdataset/walters-w521-micah-sap-jpeg.tar,CC0,ALL_SELECTED_SEGMENTS_VISUALLY_GREEK,data/scan_sources.csv
5059,014,ARCHIVED_DIRECT_REGISTRY_MAPPING,walters-w521-openn,Zual/TLG_libre_scans,scans/tlg5059/tlg014/walters-w521-fols48v-50r,webdataset/walters-w521-targeted-more-sap-jpeg.tar,CC0,ALL_SELECTED_SEGMENTS_VISUALLY_GREEK,data/scan_sources.csv
5059,015,ARCHIVED_DIRECT_REGISTRY_MAPPING,walters-w521-openn,Zual/TLG_libre_scans,scans/tlg5059/tlg015/walters-w521-fols56v-60v,webdataset/walters-w521-targeted-more-sap-jpeg.tar,CC0,ALL_SELECTED_SEGMENTS_VISUALLY_GREEK,data/scan_sources.csv
5059,016,ARCHIVED_DIRECT_REGISTRY_MAPPING,walters-w521-openn,Zual/TLG_libre_scans,scans/tlg5059/tlg016/walters-w521-fols61r-70r,webdataset/walters-w521-targeted-more-sap-jpeg.tar,CC0,ALL_SELECTED_SEGMENTS_VISUALLY_GREEK,data/scan_sources.csv
5059,017,ARCHIVED_DIRECT_REGISTRY_MAPPING,walters-w521-openn,Zual/TLG_libre_scans,scans/tlg5059/tlg017/walters-w521-fols70v-74v-83r-85v,webdataset/walters-w521-targeted-more-sap-jpeg.tar,CC0,ALL_SELECTED_SEGMENTS_VISUALLY_GREEK,data/scan_sources.csv
5059,018,ARCHIVED_DIRECT_REGISTRY_MAPPING,walters-w521-openn,Zual/TLG_libre_scans,scans/tlg5059/tlg018/walters-w521-fols75r-82v,webdataset/walters-w521-targeted-more-sap-jpeg.tar,CC0,ALL_SELECTED_SEGMENTS_VISUALLY_GREEK,data/scan_sources.csv
5059,019,ARCHIVED_DIRECT_REGISTRY_MAPPING,walters-w521-openn,Zual/TLG_libre_scans,scans/tlg5059/tlg019/walters-w521-fols86r-87v,webdataset/walters-w521-targeted-more-sap-jpeg.tar,CC0,ALL_SELECTED_SEGMENTS_VISUALLY_GREEK,data/scan_sources.csv
5059,020,ARCHIVED_DIRECT_REGISTRY_MAPPING,walters-w521-openn,Zual/TLG_libre_scans,scans/tlg5059/tlg020/walters-w521-fols88r-92r,webdataset/walters-w521-targeted-more-sap-jpeg.tar,CC0,ALL_SELECTED_SEGMENTS_VISUALLY_GREEK,data/scan_sources.csv
5059,021,ARCHIVED_DIRECT_REGISTRY_MAPPING,walters-w521-openn,Zual/TLG_libre_scans,scans/tlg5059/tlg021/walters-w521-fols96r-104v,webdataset/walters-w521-targeted-more-sap-jpeg.tar,CC0,ALL_SELECTED_SEGMENTS_VISUALLY_GREEK,data/scan_sources.csv
5059,022,ARCHIVED_DIRECT_REGISTRY_MAPPING,walters-w521-openn,Zual/TLG_libre_scans,scans/tlg5059/tlg022/walters-w521-fols105r-113r,webdataset/walters-w521-targeted-more-sap-jpeg.tar,CC0,ALL_SELECTED_SEGMENTS_VISUALLY_GREEK,data/scan_sources.csv
5059,023,ARCHIVED_DIRECT_REGISTRY_MAPPING,walters-w521-openn,Zual/TLG_libre_scans,scans/tlg5059/tlg023/walters-w521-fols113v-129r,webdataset/walters-w521-targeted-more-sap-jpeg.tar,CC0,ALL_SELECTED_SEGMENTS_VISUALLY_GREEK,data/scan_sources.csv
5059,024,ARCHIVED_DIRECT_REGISTRY_MAPPING,walters-w521-openn,Zual/TLG_libre_scans,scans/tlg5059/tlg024/walters-w521-fols129v-150v,webdataset/walters-w521-targeted-more-sap-jpeg.tar,CC0,ALL_SELECTED_SEGMENTS_VISUALLY_GREEK,data/scan_sources.csv
5059,025,ARCHIVED_DIRECT_REGISTRY_MAPPING,walters-w521-openn,Zual/TLG_libre_scans,scans/tlg5059/tlg025/walters-w521-fols151r-155r,webdataset/walters-w521-targeted-more-sap-jpeg.tar,CC0,ALL_SELECTED_SEGMENTS_VISUALLY_GREEK,data/scan_sources.csv
5059,026,ARCHIVED_DIRECT_REGISTRY_MAPPING,walters-w521-openn,Zual/TLG_libre_scans,scans/tlg5059/tlg026/walters-w521-fols158v-199v,webdataset/walters-w521-tail-canon-sap-jpeg.tar,CC0,ALL_SELECTED_SEGMENTS_VISUALLY_GREEK,data/scan_sources.csv
5059,027,ARCHIVED_DIRECT_REGISTRY_MAPPING,walters-w521-openn,Zual/TLG_libre_scans,scans/tlg5059/tlg027/walters-w521-fols203v-207r,webdataset/walters-w521-tail-canon-sap-jpeg.tar,CC0,ALL_SELECTED_SEGMENTS_VISUALLY_GREEK,data/scan_sources.csv
5059,028,ARCHIVED_DIRECT_REGISTRY_MAPPING,walters-w521-openn,Zual/TLG_libre_scans,scans/tlg5059/tlg028/walters-w521-fols228r-234r,webdataset/walters-w521-tail-canon-sap-jpeg.tar,CC0,ALL_SELECTED_SEGMENTS_VISUALLY_GREEK,data/scan_sources.csv
5123,001,READY_REPORT_EXACT_MAPPING,Patrologia_Graeca_Vol._114.pdf,Zual/TLG_libre_scans,scans/volumes/pg114-symeon-metaphrastes,webdataset/volumes--pg114-symeon-metaphrastes--de5e27d45f14.tar,Creative Commons Public Domain Mark 1.0,SAMPLE_VISUALLY_GOOD,data/research_batches/scan_validation_pg114_symeon_metaphrastes.md
5239,001,READY_REPORT_EXACT_MAPPING,Patrologia_Graeca_Vol._114.pdf,Zual/TLG_libre_scans,scans/volumes/pg114-symeon-metaphrastes,webdataset/volumes--pg114-symeon-metaphrastes--de5e27d45f14.tar,Creative Commons Public Domain Mark 1.0,SAMPLE_VISUALLY_GOOD,data/research_batches/scan_validation_pg114_symeon_metaphrastes.md
5240,001,READY_REPORT_EXACT_MAPPING,Patrologia_Graeca_Vol._039.pdf,Zual/TLG_libre_scans,scans/volumes/pg39-didymus-amphilochius,scans/volumes/pg39-didymus-amphilochius/pg39-original-image-only.pdf,Creative Commons Public Domain Mark 1.0,SAMPLE_VISUALLY_GOOD,data/research_batches/scan_validation_pg39_didymus_amphilochius.md
5258,001,READY_REPORT_EXACT_MAPPING,Patrologia_Graeca_Vol._116.pdf,Zual/TLG_libre_scans,scans/volumes/pg116-symeon-metaphrastes,webdataset/volumes--pg116-symeon-metaphrastes--b9a5de7449f9.tar,Creative Commons Public Domain Mark 1.0,SAMPLE_VISUALLY_GOOD,data/research_batches/scan_validation_pg116_symeon_metaphrastes_ii.md
5259,002,READY_REPORT_EXACT_MAPPING,Patrologia_Graeca_Vol._105.pdf,Zual/TLG_libre_scans,scans/volumes/pg105-nicetas-paphlagon,scans/volumes/pg105-nicetas-paphlagon/pg105-original-image-only.pdf,Creative Commons Public Domain Mark 1.0,SAMPLE_VISUALLY_GOOD,data/research_batches/scan_validation_pg105_nicetas_paphlagon.md
5272,001,READY_REPORT_EXACT_MAPPING,Patrologia_Graeca_Vol._105.pdf,Zual/TLG_libre_scans,scans/volumes/pg105-nicetas-paphlagon,scans/volumes/pg105-nicetas-paphlagon/pg105-original-image-only.pdf,Creative Commons Public Domain Mark 1.0,SAMPLE_VISUALLY_GOOD,data/research_batches/scan_validation_pg105_nicetas_paphlagon.md
5278,001,READY_REPORT_EXACT_MAPPING,Patrologia_Graeca_Vol._105.pdf,Zual/TLG_libre_scans,scans/volumes/pg105-nicetas-paphlagon,scans/volumes/pg105-nicetas-paphlagon/pg105-original-image-only.pdf,Creative Commons Public Domain Mark 1.0,SAMPLE_VISUALLY_GOOD,data/research_batches/scan_validation_pg105_nicetas_paphlagon.md
5285,001,READY_REPORT_EXACT_MAPPING,Patrologia_Graeca_Vol._115.pdf,Zual/TLG_libre_scans,scans/volumes/pg115-symeon-metaphrastes,webdataset/volumes--pg115-symeon-metaphrastes--abc55701924d.tar,Creative Commons Public Domain Mark 1.0,SAMPLE_VISUALLY_GOOD,data/research_batches/scan_validation_pg115_symeon_metaphrastes.md
5291,001,READY_REPORT_EXACT_MAPPING,Patrologia_Graeca_Vol._114.pdf,Zual/TLG_libre_scans,scans/volumes/pg114-symeon-metaphrastes,webdataset/volumes--pg114-symeon-metaphrastes--de5e27d45f14.tar,Creative Commons Public Domain Mark 1.0,SAMPLE_VISUALLY_GOOD,data/research_batches/scan_validation_pg114_symeon_metaphrastes.md
5296,001,READY_REPORT_EXACT_MAPPING,Patrologia_Graeca_Vol._114.pdf,Zual/TLG_libre_scans,scans/volumes/pg114-symeon-metaphrastes,webdataset/volumes--pg114-symeon-metaphrastes--de5e27d45f14.tar,Creative Commons Public Domain Mark 1.0,SAMPLE_VISUALLY_GOOD,data/research_batches/scan_validation_pg114_symeon_metaphrastes.md
5297,001,READY_REPORT_EXACT_MAPPING,Patrologia_Graeca_Vol._088.pdf,Zual/TLG_libre_scans,scans/volumes/pg88-byzantine,webdataset/volumes--pg88-byzantine--pages-1000-1006--72c6c4a5183b.tar;webdataset/volumes--pg88-byzantine--pages-1009-1061--65cd15920a90.tar;webdataset/volumes--pg88-byzantine--pages-244-268--763cfb3d949f.tar;webdataset/volumes--pg88-byzantine--pages-302-308--58130c30dfb7.tar;webdataset/volumes--pg88-byzantine--pages-320-595--1f3d2f453c93.tar;webdataset/volumes--pg88-byzantine--pages-597-619--103913d60663.tar;webdataset/volumes--pg88-byzantine--pages-984-997--def880a96877.tar,Creative Commons Public Domain Mark 1.0,SAMPLE_VISUALLY_GOOD,data/research_batches/scan_validation_pg88_byzantine.md
5320,002,READY_REPORT_EXACT_MAPPING,Patrologia_Graeca_Vol._099.pdf,Zual/TLG_libre_scans,scans/volumes/pg99-theodore-studite,scans/volumes/pg99-theodore-studite/pg99-original-image-only.pdf,Creative Commons Public Domain Mark 1.0,SAMPLE_VISUALLY_GOOD,data/research_batches/scan_validation_pg99_theodore_studite.md
5445,003,READY_REPORT_EXACT_MAPPING,Patrologia_Graeca_Vol._105.pdf,Zual/TLG_libre_scans,scans/volumes/pg105-nicetas-paphlagon,scans/volumes/pg105-nicetas-paphlagon/pg105-original-image-only.pdf,Creative Commons Public Domain Mark 1.0,SAMPLE_VISUALLY_GOOD,data/research_batches/scan_validation_pg105_nicetas_paphlagon.md
5460,001,READY_REPORT_EXACT_MAPPING,Patrologia_Graeca_Vol._115.pdf,Zual/TLG_libre_scans,scans/volumes/pg115-symeon-metaphrastes,webdataset/volumes--pg115-symeon-metaphrastes--abc55701924d.tar,Creative Commons Public Domain Mark 1.0,SAMPLE_VISUALLY_GOOD,data/research_batches/scan_validation_pg115_symeon_metaphrastes.md
5462,001,READY_REPORT_EXACT_MAPPING,Patrologia_Graeca_Vol._115.pdf,Zual/TLG_libre_scans,scans/volumes/pg115-symeon-metaphrastes,webdataset/volumes--pg115-symeon-metaphrastes--abc55701924d.tar,Creative Commons Public Domain Mark 1.0,SAMPLE_VISUALLY_GOOD,data/research_batches/scan_validation_pg115_symeon_metaphrastes.md
5467,001,READY_REPORT_EXACT_MAPPING,Patrologia_Graeca_Vol._115.pdf,Zual/TLG_libre_scans,scans/volumes/pg115-symeon-metaphrastes,webdataset/volumes--pg115-symeon-metaphrastes--abc55701924d.tar,Creative Commons Public Domain Mark 1.0,SAMPLE_VISUALLY_GOOD,data/research_batches/scan_validation_pg115_symeon_metaphrastes.md
5474,001,READY_REPORT_EXACT_MAPPING,Patrologia_Graeca_Vol._114.pdf,Zual/TLG_libre_scans,scans/volumes/pg114-symeon-metaphrastes,webdataset/volumes--pg114-symeon-metaphrastes--de5e27d45f14.tar,Creative Commons Public Domain Mark 1.0,SAMPLE_VISUALLY_GOOD,data/research_batches/scan_validation_pg114_symeon_metaphrastes.md
9023,009,READY_REPORT_EXACT_MAPPING,Patrologia_Graeca_Vol._145.pdf,Zual/TLG_libre_scans,scans/volumes/pg145-thomas-magister/pages-112-216,webdataset/volumes--pg145-thomas-magister--pages-112-216--18fa4ddb72f3.tar,Creative Commons Public Domain Mark 1.0,SAMPLE_VISUALLY_GOOD,data/research_batches/scan_validation_pg145_thomas_magister.md
9023,010,READY_REPORT_EXACT_MAPPING,Patrologia_Graeca_Vol._145.pdf,Zual/TLG_libre_scans,scans/volumes/pg145-thomas-magister/pages-112-216,webdataset/volumes--pg145-thomas-magister--pages-112-216--18fa4ddb72f3.tar,Creative Commons Public Domain Mark 1.0,SAMPLE_VISUALLY_GOOD,data/research_batches/scan_validation_pg145_thomas_magister.md
9023,011,READY_REPORT_EXACT_MAPPING,Patrologia_Graeca_Vol._145.pdf,Zual/TLG_libre_scans,scans/volumes/pg145-thomas-magister/pages-112-216,webdataset/volumes--pg145-thomas-magister--pages-112-216--18fa4ddb72f3.tar,Creative Commons Public Domain Mark 1.0,SAMPLE_VISUALLY_GOOD,data/research_batches/scan_validation_pg145_thomas_magister.md
9023,012,READY_REPORT_EXACT_MAPPING,Patrologia_Graeca_Vol._145.pdf,Zual/TLG_libre_scans,scans/volumes/pg145-thomas-magister/pages-112-216,webdataset/volumes--pg145-thomas-magister--pages-112-216--18fa4ddb72f3.tar,Creative Commons Public Domain Mark 1.0,SAMPLE_VISUALLY_GOOD,data/research_batches/scan_validation_pg145_thomas_magister.md
9023,013,READY_REPORT_EXACT_MAPPING,Patrologia_Graeca_Vol._145.pdf,Zual/TLG_libre_scans,scans/volumes/pg145-thomas-magister/pages-112-216,webdataset/volumes--pg145-thomas-magister--pages-112-216--18fa4ddb72f3.tar,Creative Commons Public Domain Mark 1.0,SAMPLE_VISUALLY_GOOD,data/research_batches/scan_validation_pg145_thomas_magister.md
9023,014,READY_REPORT_EXACT_MAPPING,Patrologia_Graeca_Vol._145.pdf,Zual/TLG_libre_scans,scans/volumes/pg145-thomas-magister/pages-112-216,webdataset/volumes--pg145-thomas-magister--pages-112-216--18fa4ddb72f3.tar,Creative Commons Public Domain Mark 1.0,SAMPLE_VISUALLY_GOOD,data/research_batches/scan_validation_pg145_thomas_magister.md
9023,015,ARCHIVED_DIRECT_REGISTRY_MAPPING,Patrologia_Graeca_Vol._145.pdf,Zual/TLG_libre_scans,scans/volumes/pg145-thomas-magister/pages-219-227,webdataset/volumes--pg145-thomas-magister--pages-219-227--db3254710c29.tar,Creative Commons Public Domain Mark 1.0,SAMPLE_VISUALLY_GOOD,data/scan_sources.csv
9023,016,ARCHIVED_DIRECT_REGISTRY_MAPPING,Patrologia_Graeca_Vol._145.pdf,Zual/TLG_libre_scans,scans/volumes/pg145-thomas-magister/pages-252-278,webdataset/volumes--pg145-thomas-magister--pages-252-278--e90c32208c4b.tar,Creative Commons Public Domain Mark 1.0,SAMPLE_VISUALLY_GOOD,data/scan_sources.csv
9052,007,READY_REPORT_EXACT_MAPPING,Patrologia_Graeca_Vol._098.pdf,Zual/TLG_libre_scans,scans/volumes/pg98-germanus-tarasius,scans/volumes/pg98-germanus-tarasius/pg98-original-image-only.pdf,Creative Commons Public Domain Mark 1.0,SAMPLE_VISUALLY_GOOD,data/research_batches/scan_validation_pg98_germanus_tarasius.md
9052,008,READY_REPORT_EXACT_MAPPING,Patrologia_Graeca_Vol._098.pdf,Zual/TLG_libre_scans,scans/volumes/pg98-germanus-tarasius,scans/volumes/pg98-germanus-tarasius/pg98-original-image-only.pdf,Creative Commons Public Domain Mark 1.0,SAMPLE_VISUALLY_GOOD,data/research_batches/scan_validation_pg98_germanus_tarasius.md
9052,009,READY_REPORT_EXACT_MAPPING,Patrologia_Graeca_Vol._098.pdf,Zual/TLG_libre_scans,scans/volumes/pg98-germanus-tarasius,scans/volumes/pg98-germanus-tarasius/pg98-original-image-only.pdf,Creative Commons Public Domain Mark 1.0,SAMPLE_VISUALLY_GOOD,data/research_batches/scan_validation_pg98_germanus_tarasius.md
